{
    "root_group": {
        "groups": {},
        "checks": {
                "products retrieved": {
                    "name": "products retrieved",
                    "path": "::products retrieved",
                    "id": "65d122febf585ffd8f7dcadb21d3e53b",
                    "passes": 181427,
                    "fails": 0
                },
                "response time < 500ms": {
                    "id": "3e02485a995423a591645f4eee6c60eb",
                    "passes": 181416,
                    "fails": 11,
                    "name": "response time < 500ms",
                    "path": "::response time < 500ms"
                }
            },
        "name": "",
        "path": "",
        "id": "d41d8cd98f00b204e9800998ecf8427e"
    },
    "metrics": {
        "iterations": {
            "count": 181427,
            "rate": 604.6404922336307
        },
        "vus_max": {
            "value": 50,
            "min": 50,
            "max": 50
        },
        "data_sent": {
            "rate": 56836.20626996129,
            "count": 17054138
        },
        "http_req_connecting": {
            "p(90)": 0,
            "p(95)": 0,
            "avg": 0.00006140568934061634,
            "min": 0,
            "med": 0,
            "max": 4.399726
        },
        "http_reqs": {
            "count": 181427,
            "rate": 604.6404922336307
        },
        "data_received": {
            "count": 1009822682,
            "rate": 3365428.9797723885
        },
        "http_req_duration": {
            "avg": 82.53835560380742,
            "min": 15.487312,
            "med": 82.091595,
            "max": 814.747947,
            "p(90)": 90.07529579999999,
            "p(95)": 93.06495969999999
        },
        "http_req_waiting": {
            "min": 14.97387,
            "med": 82.005315,
            "max": 814.628885,
            "p(90)": 89.98709699999999,
            "p(95)": 92.9679427,
            "avg": 82.45088955450994
        },
        "iteration_duration": {
            "min": 16.193381,
            "med": 82.222124,
            "max": 817.484332,
            "p(90)": 90.215391,
            "p(95)": 93.2004051,
            "avg": 82.67038562376678
        },
        "http_req_duration{expected_response:true}": {
            "p(90)": 90.07529579999999,
            "p(95)": 93.06495969999999,
            "avg": 82.53835560380742,
            "min": 15.487312,
            "med": 82.091595,
            "max": 814.747947
        },
        "http_req_blocked": {
            "p(90)": 0.006439,
            "p(95)": 0.007006,
            "avg": 0.005632455152761184,
            "min": 0.001733,
            "med": 0.004659,
            "max": 5.842768
        },
        "checks": {
            "passes": 362843,
            "fails": 11,
            "value": 0.9999696847767973
        },
        "http_req_tls_handshaking": {
            "avg": 0,
            "min": 0,
            "med": 0,
            "max": 0,
            "p(90)": 0,
            "p(95)": 0
        },
        "http_req_sending": {
            "max": 8.485032,
            "p(90)": 0.020721,
            "p(95)": 0.024212,
            "avg": 0.016505283541038702,
            "min": 0.005749,
            "med": 0.01455
        },
        "http_req_failed": {
            "passes": 0,
            "fails": 181427,
            "value": 0
        },
        "vus": {
            "value": 50,
            "min": 50,
            "max": 50
        },
        "http_req_receiving": {
            "med": 0.064729,
            "max": 7.727642,
            "p(90)": 0.0940544,
            "p(95)": 0.10602739999999997,
            "avg": 0.07096076575702684,
            "min": 0.022816
        }
    }
}