{
    "metrics": {
        "vus": {
            "value": 50,
            "min": 50,
            "max": 50
        },
        "vus_max": {
            "value": 50,
            "min": 50,
            "max": 50
        },
        "http_req_duration": {
            "avg": 82.08456169285692,
            "min": 41.74064,
            "med": 81.568325,
            "max": 790.924295,
            "p(90)": 89.7276638,
            "p(95)": 92.8652126
        },
        "http_req_connecting": {
            "p(90)": 0,
            "p(95)": 0,
            "avg": 0.00003085155868858569,
            "min": 0,
            "med": 0,
            "max": 0.869646
        },
        "http_req_tls_handshaking": {
            "avg": 0,
            "min": 0,
            "med": 0,
            "max": 0,
            "p(90)": 0,
            "p(95)": 0
        },
        "http_req_waiting": {
            "avg": 81.99735602018464,
            "min": 41.68733,
            "med": 81.481943,
            "max": 790.806326,
            "p(90)": 89.6355388,
            "p(95)": 92.7743942
        },
        "data_sent": {
            "count": 17148326,
            "rate": 57146.73542433407
        },
        "checks": {
            "fails": 10,
            "passes": 364848,
            "value": 0.9999725920769176
        },
        "http_req_receiving": {
            "avg": 0.0708904579096528,
            "min": 0.021461,
            "med": 0.064768,
            "max": 8.323257,
            "p(90)": 0.0931772,
            "p(95)": 0.1050466
        },
        "http_req_blocked": {
            "max": 4.51823,
            "p(90)": 0.006403,
            "p(95)": 0.006998,
            "avg": 0.005388432464136656,
            "min": 0.001858,
            "med": 0.004632
        },
        "http_req_duration{expected_response:true}": {
            "avg": 82.08456169285692,
            "min": 41.74064,
            "med": 81.568325,
            "max": 790.924295,
            "p(90)": 89.7276638,
            "p(95)": 92.8652126
        },
        "http_req_sending": {
            "med": 0.014456,
            "max": 9.808903,
            "p(90)": 0.020769,
            "p(95)": 0.024220600000000005,
            "avg": 0.016315214763003846,
            "min": 0.00557
        },
        "http_req_failed": {
            "passes": 0,
            "fails": 182429,
            "value": 0
        },
        "data_received": {
            "rate": 3383816.2699132278,
            "count": 1015399814
        },
        "iterations": {
            "count": 182429,
            "rate": 607.9439938758943
        },
        "http_reqs": {
            "count": 182429,
            "rate": 607.9439938758943
        },
        "iteration_duration": {
            "med": 81.696343,
            "max": 791.273938,
            "p(90)": 89.8695614,
            "p(95)": 93.0067292,
            "avg": 82.21692247370233,
            "min": 41.845696
        }
    },
    "root_group": {
        "checks": {
            "products retrieved": {
                "passes": 182429,
                "fails": 0,
                "name": "products retrieved",
                "path": "::products retrieved",
                "id": "65d122febf585ffd8f7dcadb21d3e53b"
            },
            "response time < 500ms": {
                "name": "response time < 500ms",
                "path": "::response time < 500ms",
                "id": "3e02485a995423a591645f4eee6c60eb",
                "passes": 182419,
                "fails": 10
            }
        },
        "name": "",
        "path": "",
        "id": "d41d8cd98f00b204e9800998ecf8427e",
        "groups": {}
    }
}