{
    "root_group": {
        "name": "",
        "path": "",
        "id": "d41d8cd98f00b204e9800998ecf8427e",
        "groups": {},
        "checks": {
                "products retrieved": {
                    "name": "products retrieved",
                    "path": "::products retrieved",
                    "id": "65d122febf585ffd8f7dcadb21d3e53b",
                    "passes": 172656,
                    "fails": 0
                },
                "response time < 500ms": {
                    "fails": 4,
                    "name": "response time < 500ms",
                    "path": "::response time < 500ms",
                    "id": "3e02485a995423a591645f4eee6c60eb",
                    "passes": 172652
                }
            }
    },
    "metrics": {
        "http_req_blocked": {
            "avg": 0.005032226108562696,
            "min": 0.001685,
            "med": 0.004288,
            "max": 4.565544,
            "p(90)": 0.006169,
            "p(95)": 0.006747
        },
        "http_req_tls_handshaking": {
            "avg": 0,
            "min": 0,
            "med": 0,
            "max": 0,
            "p(90)": 0,
            "p(95)": 0
        },
        "http_req_receiving": {
            "avg": 0.07106033274256271,
            "min": 0.020506,
            "med": 0.064368,
            "max": 10.307693,
            "p(90)": 0.0953915,
            "p(95)": 0.107813
        },
        "http_req_duration": {
            "min": 23.189098,
            "med": 85.6789105,
            "max": 694.192783,
            "p(90)": 96.7406695,
            "p(95)": 100.994289,
            "avg": 86.75315619015873
        },
        "data_received": {
            "count": 961003296,
            "rate": 3202388.2256459785
        },
        "data_sent": {
            "count": 16229664,
            "rate": 54082.73323943981
        },
        "http_req_duration{expected_response:true}": {
            "med": 85.6789105,
            "max": 694.192783,
            "p(90)": 96.7406695,
            "p(95)": 100.994289,
            "avg": 86.75315619015873,
            "min": 23.189098
        },
        "checks": {
            "fails": 4,
            "passes": 345308,
            "value": 0.99998841627282
        },
        "http_reqs": {
            "count": 172656,
            "rate": 575.3482259514874
        },
        "http_req_sending": {
            "avg": 0.015723500028959288,
            "min": 0.005148,
            "med": 0.013724,
            "max": 7.544255,
            "p(90)": 0.01997,
            "p(95)": 0.02355525
        },
        "vus": {
            "value": 50,
            "min": 50,
            "max": 50
        },
        "http_req_waiting": {
            "avg": 86.66637235738602,
            "min": 22.88154,
            "med": 85.5932295,
            "max": 694.056183,
            "p(90)": 96.6474865,
            "p(95)": 100.90257075
        },
        "http_req_failed": {
            "passes": 0,
            "fails": 172656,
            "value": 0
        },
        "http_req_connecting": {
            "max": 1.732673,
            "p(90)": 0,
            "p(95)": 0,
            "avg": 0.0002918240547678621,
            "min": 0,
            "med": 0
        },
        "vus_max": {
            "min": 50,
            "max": 50,
            "value": 50
        },
        "iterations": {
            "count": 172656,
            "rate": 575.3482259514874
        },
        "iteration_duration": {
            "med": 85.8026055,
            "max": 695.712981,
            "p(90)": 96.878767,
            "p(95)": 101.12658225,
            "avg": 86.87982548057023,
            "min": 23.926179
        }
    }
}