{
    "root_group": {
        "path": "",
        "id": "d41d8cd98f00b204e9800998ecf8427e",
        "groups": {},
        "checks": {
                "products retrieved": {
                    "path": "::products retrieved",
                    "id": "65d122febf585ffd8f7dcadb21d3e53b",
                    "passes": 177646,
                    "fails": 0,
                    "name": "products retrieved"
                },
                "response time < 500ms": {
                    "name": "response time < 500ms",
                    "path": "::response time < 500ms",
                    "id": "3e02485a995423a591645f4eee6c60eb",
                    "passes": 177633,
                    "fails": 13
                }
            },
        "name": ""
    },
    "metrics": {
        "data_received": {
            "count": 988777636,
            "rate": 3295305.493901154
        },
        "http_req_duration{expected_response:true}": {
            "avg": 84.30261917507286,
            "min": 16.979403,
            "med": 83.177367,
            "max": 757.87189,
            "p(90)": 94.30614299999999,
            "p(95)": 98.70160475
        },
        "http_req_sending": {
            "p(95)": 0.02352075,
            "avg": 0.015581172748049375,
            "min": 0.005116,
            "med": 0.013612,
            "max": 10.248805,
            "p(90)": 0.0199305
        },
        "http_req_failed": {
            "passes": 0,
            "fails": 177646,
            "value": 0
        },
        "vus_max": {
            "value": 50,
            "min": 50,
            "max": 50
        },
        "http_req_blocked": {
            "p(90)": 0.006159,
            "p(95)": 0.006749,
            "avg": 0.005000372988978058,
            "min": 0.001652,
            "med": 0.004412,
            "max": 4.765841
        },
        "vus": {
            "value": 50,
            "min": 50,
            "max": 50
        },
        "http_reqs": {
            "count": 177646,
            "rate": 592.0419500361398
        },
        "http_req_duration": {
            "min": 16.979403,
            "med": 83.177367,
            "max": 757.87189,
            "p(90)": 94.30614299999999,
            "p(95)": 98.70160475,
            "avg": 84.30261917507286
        },
        "http_req_connecting": {
            "p(90)": 0,
            "p(95)": 0,
            "avg": 0.00010670006079506431,
            "min": 0,
            "med": 0,
            "max": 1.778022
        },
        "http_req_tls_handshaking": {
            "p(95)": 0,
            "avg": 0,
            "min": 0,
            "med": 0,
            "max": 0,
            "p(90)": 0
        },
        "iterations": {
            "count": 177646,
            "rate": 592.0419500361398
        },
        "http_req_receiving": {
            "avg": 0.0719365044583054,
            "min": 0.019767,
            "med": 0.064243,
            "max": 9.192284,
            "p(90)": 0.0952815,
            "p(95)": 0.10816975000000001
        },
        "checks": {
            "passes": 355279,
            "fails": 13,
            "value": 0.9999634103779427
        },
        "http_req_waiting": {
            "avg": 84.21510149786715,
            "min": 16.402865,
            "med": 83.090552,
            "max": 757.73456,
            "p(90)": 94.2123765,
            "p(95)": 98.6068365
        },
        "iteration_duration": {
            "med": 83.302982,
            "max": 760.937018,
            "p(90)": 94.44198850000001,
            "p(95)": 98.85689225,
            "avg": 84.43098674806438,
            "min": 17.874802
        },
        "data_sent": {
            "count": 16698724,
            "rate": 55651.94330339714
        }
    }
}