{
    "root_group": {
        "groups": {},
        "checks": {
                "products retrieved": {
                    "passes": 183810,
                    "fails": 0,
                    "name": "products retrieved",
                    "path": "::products retrieved",
                    "id": "65d122febf585ffd8f7dcadb21d3e53b"
                },
                "response time < 500ms": {
                    "name": "response time < 500ms",
                    "path": "::response time < 500ms",
                    "id": "3e02485a995423a591645f4eee6c60eb",
                    "passes": 183749,
                    "fails": 61
                }
            },
        "name": "",
        "path": "",
        "id": "d41d8cd98f00b204e9800998ecf8427e"
    },
    "metrics": {
        "vus": {
            "max": 100,
            "value": 100,
            "min": 100
        },
        "http_req_failed": {
            "passes": 0,
            "fails": 183810,
            "value": 0
        },
        "http_req_tls_handshaking": {
            "p(90)": 0,
            "p(95)": 0,
            "avg": 0,
            "min": 0,
            "med": 0,
            "max": 0
        },
        "checks": {
            "passes": 367559,
            "fails": 61,
            "value": 0.9998340677873891
        },
        "http_reqs": {
            "count": 183810,
            "rate": 612.4549999244417
        },
        "iterations": {
            "count": 183810,
            "rate": 612.4549999244417
        },
        "http_req_waiting": {
            "med": 161.0042305,
            "max": 2923.607372,
            "p(90)": 179.3379485,
            "p(95)": 186.83853964999997,
            "avg": 163.0097857491368,
            "min": 16.667183
        },
        "http_req_duration{expected_response:true}": {
            "med": 161.0938385,
            "max": 2923.744582,
            "p(90)": 179.4320585,
            "p(95)": 186.92909804999996,
            "avg": 163.09913539258756,
            "min": 16.924831
        },
        "http_req_connecting": {
            "avg": 0.0009539677221043471,
            "min": 0,
            "med": 0,
            "max": 4.638201,
            "p(90)": 0,
            "p(95)": 0
        },
        "http_req_duration": {
            "avg": 163.09913539258756,
            "min": 16.924831,
            "med": 161.0938385,
            "max": 2923.744582,
            "p(90)": 179.4320585,
            "p(95)": 186.92909804999996
        },
        "http_req_sending": {
            "min": 0.005031,
            "med": 0.014119,
            "max": 7.163783,
            "p(90)": 0.021091100000000005,
            "p(95)": 0.024794099999999975,
            "avg": 0.01642924540558202
        },
        "data_sent": {
            "rate": 57570.76999289752,
            "count": 17278140
        },
        "data_received": {
            "count": 1023086460,
            "rate": 3408924.5295794425
        },
        "vus_max": {
            "value": 100,
            "min": 100,
            "max": 100
        },
        "iteration_duration": {
            "avg": 163.23094492031979,
            "min": 17.786522,
            "med": 161.225657,
            "max": 2924.435915,
            "p(90)": 179.5792533,
            "p(95)": 187.06329599999998
        },
        "http_req_blocked": {
            "avg": 0.0060093786681899315,
            "min": 0.001693,
            "med": 0.004456,
            "max": 5.88862,
            "p(90)": 0.006309,
            "p(95)": 0.006911
        },
        "http_req_receiving": {
            "avg": 0.07292039804689766,
            "min": 0.019839,
            "med": 0.064433,
            "max": 9.349052,
            "p(90)": 0.096762,
            "p(95)": 0.11118254999999999
        }
    }
}