{
    "root_group": {
        "name": "",
        "path": "",
        "id": "d41d8cd98f00b204e9800998ecf8427e",
        "groups": {},
        "checks": {
                "products retrieved": {
                    "passes": 187135,
                    "fails": 0,
                    "name": "products retrieved",
                    "path": "::products retrieved",
                    "id": "65d122febf585ffd8f7dcadb21d3e53b"
                },
                "response time < 500ms": {
                    "fails": 237,
                    "name": "response time < 500ms",
                    "path": "::response time < 500ms",
                    "id": "3e02485a995423a591645f4eee6c60eb",
                    "passes": 186898
                }
            }
    },
    "metrics": {
        "http_req_blocked": {
            "p(90)": 0.006439,
            "p(95)": 0.007089,
            "avg": 0.005816343420525126,
            "min": 0.001758,
            "med": 0.004493,
            "max": 8.975831
        },
        "data_received": {
            "count": 1041593410,
            "rate": 3469095.7963436097
        },
        "iteration_duration": {
            "med": 317.853748,
            "max": 11135.01248,
            "p(90)": 346.242254,
            "p(95)": 356.66582289999997,
            "avg": 320.76609571170434,
            "min": 33.547707
        },
        "http_req_failed": {
            "passes": 0,
            "fails": 187135,
            "value": 0
        },
        "http_req_duration": {
            "max": 11134.572105,
            "p(90)": 346.11116979999997,
            "p(95)": 356.52011309999995,
            "avg": 320.6320431277114,
            "min": 33.40245,
            "med": 317.721447
        },
        "http_req_sending": {
            "avg": 0.01726534315868193,
            "min": 0.005147,
            "med": 0.014076,
            "max": 13.297425,
            "p(90)": 0.021365600000000005,
            "p(95)": 0.025134
        },
        "vus": {
            "value": 200,
            "min": 200,
            "max": 200
        },
        "http_req_waiting": {
            "p(90)": 346.0144132,
            "p(95)": 356.43225559999996,
            "avg": 320.54102251350105,
            "min": 33.314954,
            "med": 317.628272,
            "max": 11134.421989
        },
        "http_req_receiving": {
            "avg": 0.0737552710503099,
            "min": 0.021593,
            "med": 0.064711,
            "max": 17.696761,
            "p(90)": 0.0986736,
            "p(95)": 0.113861
        },
        "checks": {
            "passes": 374033,
            "fails": 237,
            "value": 0.9993667673070243
        },
        "data_sent": {
            "count": 17590690,
            "rate": 58586.95739423272
        },
        "http_reqs": {
            "count": 187135,
            "rate": 623.2655041939651
        },
        "iterations": {
            "count": 187135,
            "rate": 623.2655041939651
        },
        "http_req_duration{expected_response:true}": {
            "min": 33.40245,
            "med": 317.721447,
            "max": 11134.572105,
            "p(90)": 346.11116979999997,
            "p(95)": 356.52011309999995,
            "avg": 320.6320431277114
        },
        "http_req_connecting": {
            "min": 0,
            "med": 0,
            "max": 5.277743,
            "p(90)": 0,
            "p(95)": 0,
            "avg": 0.00059987073503086
        },
        "vus_max": {
            "min": 200,
            "max": 200,
            "value": 200
        },
        "http_req_tls_handshaking": {
            "med": 0,
            "max": 0,
            "p(90)": 0,
            "p(95)": 0,
            "avg": 0,
            "min": 0
        }
    }
}