{
    "root_group": {
        "name": "",
        "path": "",
        "id": "d41d8cd98f00b204e9800998ecf8427e",
        "groups": {},
        "checks": {
                "products retrieved": {
                    "passes": 189021,
                    "fails": 0,
                    "name": "products retrieved",
                    "path": "::products retrieved",
                    "id": "65d122febf585ffd8f7dcadb21d3e53b"
                },
                "response time < 500ms": {
                    "fails": 267,
                    "name": "response time < 500ms",
                    "path": "::response time < 500ms",
                    "id": "3e02485a995423a591645f4eee6c60eb",
                    "passes": 188754
                }
            }
    },
    "metrics": {
        "http_req_failed": {
            "passes": 0,
            "fails": 189021,
            "value": 0
        },
        "data_received": {
            "count": 1052090886,
            "rate": 3504171.5351162185
        },
        "http_req_blocked": {
            "max": 8.239404,
            "p(90)": 0.006295,
            "p(95)": 0.006932,
            "avg": 0.005374277884467788,
            "min": 0.00164,
            "med": 0.00436
        },
        "data_sent": {
            "count": 17767974,
            "rate": 59179.32524271012
        },
        "http_req_duration": {
            "max": 10757.358679,
            "p(90)": 343.368181,
            "p(95)": 353.657905,
            "avg": 317.4122169833038,
            "min": 36.936841,
            "med": 314.339667
        },
        "http_req_tls_handshaking": {
            "avg": 0,
            "min": 0,
            "med": 0,
            "max": 0,
            "p(90)": 0,
            "p(95)": 0
        },
        "checks": {
            "passes": 377775,
            "fails": 267,
            "value": 0.9992937292681765
        },
        "http_req_sending": {
            "min": 0.005142,
            "med": 0.014042,
            "max": 8.637333,
            "p(90)": 0.021385,
            "p(95)": 0.025185,
            "avg": 0.016288593309738156
        },
        "http_req_receiving": {
            "max": 14.749105,
            "p(90)": 0.099478,
            "p(95)": 0.115206,
            "avg": 0.07466008081112781,
            "min": 0.020628,
            "med": 0.065188
        },
        "iterations": {
            "count": 189021,
            "rate": 629.5672898160651
        },
        "iteration_duration": {
            "p(90)": 343.522819,
            "p(95)": 353.812288,
            "avg": 317.5472668508245,
            "min": 37.12597,
            "med": 314.473332,
            "max": 10757.713
        },
        "vus_max": {
            "min": 200,
            "max": 200,
            "value": 200
        },
        "http_req_connecting": {
            "min": 0,
            "med": 0,
            "max": 2.357981,
            "p(90)": 0,
            "p(95)": 0,
            "avg": 0.0002556264065897441
        },
        "http_reqs": {
            "count": 189021,
            "rate": 629.5672898160651
        },
        "http_req_duration{expected_response:true}": {
            "p(90)": 343.368181,
            "p(95)": 353.657905,
            "avg": 317.4122169833038,
            "min": 36.936841,
            "med": 314.339667,
            "max": 10757.358679
        },
        "http_req_waiting": {
            "avg": 317.3212683091792,
            "min": 36.844038,
            "med": 314.246631,
            "max": 10757.281993,
            "p(90)": 343.273569,
            "p(95)": 353.562263
        },
        "vus": {
            "value": 200,
            "min": 200,
            "max": 200
        }
    }
}