{
    "root_group": {
        "checks": {
            "products retrieved": {
                "name": "products retrieved",
                "path": "::products retrieved",
                "id": "65d122febf585ffd8f7dcadb21d3e53b",
                "passes": 182050,
                "fails": 0
            },
            "response time < 500ms": {
                "passes": 181981,
                "fails": 69,
                "name": "response time < 500ms",
                "path": "::response time < 500ms",
                "id": "3e02485a995423a591645f4eee6c60eb"
            }
        },
        "name": "",
        "path": "",
        "id": "d41d8cd98f00b204e9800998ecf8427e",
        "groups": {}
    },
    "metrics": {
        "http_req_waiting": {
            "avg": 164.5871859496738,
            "min": 19.828381,
            "med": 162.837831,
            "max": 1321.096406,
            "p(90)": 181.049324,
            "p(95)": 188.7734882
        },
        "data_sent": {
            "count": 17112700,
            "rate": 57020.87073517969
        },
        "iterations": {
            "count": 182050,
            "rate": 606.6050078210606
        },
        "http_req_receiving": {
            "avg": 0.07413693752265853,
            "min": 0.021206,
            "med": 0.065476,
            "max": 16.638346,
            "p(90)": 0.09875010000000001,
            "p(95)": 0.113568
        },
        "vus": {
            "value": 100,
            "min": 100,
            "max": 100
        },
        "checks": {
            "fails": 69,
            "passes": 364031,
            "value": 0.9998104916231805
        },
        "http_req_duration{expected_response:true}": {
            "med": 162.926066,
            "max": 1321.24309,
            "p(90)": 181.1409256,
            "p(95)": 188.8664896,
            "avg": 164.6775482450016,
            "min": 20.050818
        },
        "http_req_connecting": {
            "p(95)": 0,
            "avg": 0.00015850917330403736,
            "min": 0,
            "med": 0,
            "max": 1.495111,
            "p(90)": 0
        },
        "data_received": {
            "count": 1013290300,
            "rate": 3376363.473532023
        },
        "http_req_failed": {
            "passes": 0,
            "fails": 182050,
            "value": 0
        },
        "http_req_tls_handshaking": {
            "max": 0,
            "p(90)": 0,
            "p(95)": 0,
            "avg": 0,
            "min": 0,
            "med": 0
        },
        "http_req_sending": {
            "max": 13.100334,
            "p(90)": 0.020909100000000007,
            "p(95)": 0.024676549999999988,
            "avg": 0.01622535780829459,
            "min": 0.005166,
            "med": 0.014034
        },
        "http_reqs": {
            "count": 182050,
            "rate": 606.6050078210606
        },
        "iteration_duration": {
            "p(95)": 189.00470289999998,
            "avg": 164.8088756324233,
            "min": 20.172073,
            "med": 163.0561015,
            "max": 1321.620559,
            "p(90)": 181.285183
        },
        "http_req_duration": {
            "min": 20.050818,
            "med": 162.926066,
            "max": 1321.24309,
            "p(90)": 181.1409256,
            "p(95)": 188.8664896,
            "avg": 164.6775482450016
        },
        "http_req_blocked": {
            "avg": 0.005168914776160344,
            "min": 0.001712,
            "med": 0.00447,
            "max": 4.380524,
            "p(90)": 0.006354,
            "p(95)": 0.006971
        },
        "vus_max": {
            "max": 100,
            "value": 100,
            "min": 100
        }
    }
}