{
    "root_group": {
        "name": "",
        "path": "",
        "id": "d41d8cd98f00b204e9800998ecf8427e",
        "groups": {},
        "checks": {
                "products retrieved": {
                    "name": "products retrieved",
                    "path": "::products retrieved",
                    "id": "65d122febf585ffd8f7dcadb21d3e53b",
                    "passes": 188583,
                    "fails": 0
                },
                "response time < 500ms": {
                    "name": "response time < 500ms",
                    "path": "::response time < 500ms",
                    "id": "3e02485a995423a591645f4eee6c60eb",
                    "passes": 188354,
                    "fails": 229
                }
            }
    },
    "metrics": {
        "vus": {
            "value": 200,
            "min": 200,
            "max": 200
        },
        "http_req_waiting": {
            "avg": 318.0147039467897,
            "min": 21.199456,
            "med": 316.855381,
            "max": 9935.909916,
            "p(90)": 336.593906,
            "p(95)": 343.9554248
        },
        "http_req_duration{expected_response:true}": {
            "p(90)": 336.6833472,
            "p(95)": 344.05531859999996,
            "avg": 318.10419768197204,
            "min": 21.307175,
            "med": 316.941444,
            "max": 9936.042413
        },
        "http_req_tls_handshaking": {
            "avg": 0,
            "min": 0,
            "med": 0,
            "max": 0,
            "p(90)": 0,
            "p(95)": 0
        },
        "iteration_duration": {
            "avg": 318.2420331712216,
            "min": 21.479573,
            "med": 317.073351,
            "max": 9942.221067,
            "p(90)": 336.8299938,
            "p(95)": 344.20372929999996
        },
        "iterations": {
            "count": 188583,
            "rate": 628.1767260983603
        },
        "data_sent": {
            "count": 17726802,
            "rate": 59048.61225324587
        },
        "data_received": {
            "count": 1049652978,
            "rate": 3496431.6574634733
        },
        "http_req_duration": {
            "p(95)": 344.05531859999996,
            "avg": 318.10419768197204,
            "min": 21.307175,
            "med": 316.941444,
            "max": 9936.042413,
            "p(90)": 336.6833472
        },
        "checks": {
            "passes": 376937,
            "fails": 229,
            "value": 0.9993928402878308
        },
        "http_req_receiving": {
            "min": 0.023421,
            "med": 0.063914,
            "max": 10.025985,
            "p(90)": 0.09600660000000003,
            "p(95)": 0.1110609,
            "avg": 0.07203980515741126
        },
        "http_req_failed": {
            "passes": 0,
            "fails": 188583,
            "value": 0
        },
        "http_reqs": {
            "count": 188583,
            "rate": 628.1767260983603
        },
        "vus_max": {
            "max": 200,
            "value": 200,
            "min": 200
        },
        "http_req_blocked": {
            "avg": 0.008857575163190664,
            "min": 0.00176,
            "med": 0.00461,
            "max": 24.63308,
            "p(90)": 0.006535,
            "p(95)": 0.007191
        },
        "http_req_connecting": {
            "avg": 0.0033148159484152843,
            "min": 0,
            "med": 0,
            "max": 24.5941,
            "p(90)": 0,
            "p(95)": 0
        },
        "http_req_sending": {
            "med": 0.014313,
            "max": 14.080354,
            "p(90)": 0.02143680000000002,
            "p(95)": 0.025153,
            "avg": 0.017453930025506346,
            "min": 0.005277
        }
    }
}