{
    "metrics": {
        "vus": {
            "value": 50,
            "min": 50,
            "max": 50
        },
        "http_reqs": {
            "count": 181347,
            "rate": 604.3742221878715
        },
        "http_req_connecting": {
            "avg": 0.00006438388283236007,
            "min": 0,
            "med": 0,
            "max": 0.85596,
            "p(90)": 0,
            "p(95)": 0
        },
        "http_req_waiting": {
            "max": 534.602078,
            "p(90)": 89.9997504,
            "p(95)": 92.91879379999999,
            "avg": 82.48543945458583,
            "min": 11.475831,
            "med": 82.067079
        },
        "http_req_receiving": {
            "avg": 0.07207964566273471,
            "min": 0.022741,
            "med": 0.065548,
            "max": 10.678025,
            "p(90)": 0.094547,
            "p(95)": 0.10662349999999991
        },
        "http_req_duration{expected_response:true}": {
            "min": 11.569164,
            "med": 82.153573,
            "max": 534.719029,
            "p(90)": 90.0944308,
            "p(95)": 93.0133372,
            "avg": 82.5744318996014
        },
        "data_sent": {
            "count": 17046618,
            "rate": 56811.17688565992
        },
        "checks": {
            "passes": 362692,
            "fails": 2,
            "value": 0.9999944857097167
        },
        "iteration_duration": {
            "avg": 82.70662734283991,
            "min": 11.725255,
            "med": 82.285407,
            "max": 535.081973,
            "p(90)": 90.2367032,
            "p(95)": 93.1536259
        },
        "http_req_failed": {
            "fails": 181347,
            "passes": 0,
            "value": 0
        },
        "http_req_tls_handshaking": {
            "avg": 0,
            "min": 0,
            "med": 0,
            "max": 0,
            "p(90)": 0,
            "p(95)": 0
        },
        "http_req_blocked": {
            "p(95)": 0.007104,
            "avg": 0.005194116169553379,
            "min": 0.001828,
            "med": 0.004742,
            "max": 8.199861,
            "p(90)": 0.006529
        },
        "data_received": {
            "count": 1009377402,
            "rate": 3363946.920697693
        },
        "http_req_duration": {
            "avg": 82.5744318996014,
            "min": 11.569164,
            "med": 82.153573,
            "max": 534.719029,
            "p(90)": 90.0944308,
            "p(95)": 93.0133372
        },
        "http_req_sending": {
            "avg": 0.01691279935151971,
            "min": 0.005576,
            "med": 0.014742,
            "max": 6.906563,
            "p(90)": 0.021025399999999993,
            "p(95)": 0.024441
        },
        "vus_max": {
            "value": 50,
            "min": 50,
            "max": 50
        },
        "iterations": {
            "count": 181347,
            "rate": 604.3742221878715
        }
    },
    "root_group": {
        "id": "d41d8cd98f00b204e9800998ecf8427e",
        "groups": {},
        "checks": {
                "products retrieved": {
                    "path": "::products retrieved",
                    "id": "65d122febf585ffd8f7dcadb21d3e53b",
                    "passes": 181347,
                    "fails": 0,
                    "name": "products retrieved"
                },
                "response time < 500ms": {
                    "name": "response time < 500ms",
                    "path": "::response time < 500ms",
                    "id": "3e02485a995423a591645f4eee6c60eb",
                    "passes": 181345,
                    "fails": 2
                }
            },
        "name": "",
        "path": ""
    }
}