{
    "root_group": {
        "path": "",
        "id": "d41d8cd98f00b204e9800998ecf8427e",
        "groups": {},
        "checks": {
                "products retrieved": {
                    "name": "products retrieved",
                    "path": "::products retrieved",
                    "id": "65d122febf585ffd8f7dcadb21d3e53b",
                    "passes": 182776,
                    "fails": 0
                },
                "response time < 500ms": {
                    "passes": 182721,
                    "fails": 55,
                    "name": "response time < 500ms",
                    "path": "::response time < 500ms",
                    "id": "3e02485a995423a591645f4eee6c60eb"
                }
            },
        "name": ""
    },
    "metrics": {
        "data_received": {
            "rate": 3389576.114267986,
            "count": 1017331216
        },
        "http_req_blocked": {
            "min": 0.001754,
            "med": 0.004477,
            "max": 2.596449,
            "p(90)": 0.00632,
            "p(95)": 0.006922,
            "avg": 0.005103518809909353
        },
        "http_req_sending": {
            "avg": 0.01618645880203115,
            "min": 0.005279,
            "med": 0.014232,
            "max": 9.111895,
            "p(90)": 0.021083,
            "p(95)": 0.024833
        },
        "http_req_failed": {
            "passes": 0,
            "fails": 182776,
            "value": 0
        },
        "checks": {
            "passes": 365497,
            "fails": 55,
            "value": 0.999849542609533
        },
        "iteration_duration": {
            "med": 161.83108199999998,
            "max": 2557.316884,
            "p(90)": 181.05059649999998,
            "p(95)": 189.09749275000001,
            "avg": 164.15914092746104,
            "min": 18.790393
        },
        "http_req_duration{expected_response:true}": {
            "p(90)": 180.91105950000002,
            "p(95)": 188.9568275,
            "avg": 164.02759737054663,
            "min": 18.148318,
            "med": 161.7029755,
            "max": 2556.925819
        },
        "http_req_receiving": {
            "avg": 0.07390329324966084,
            "min": 0.021312,
            "med": 0.065064,
            "max": 12.863515,
            "p(90)": 0.0975435,
            "p(95)": 0.1126395
        },
        "iterations": {
            "rate": 608.978820385912,
            "count": 182776
        },
        "data_sent": {
            "count": 17180944,
            "rate": 57244.00911627572
        },
        "http_req_tls_handshaking": {
            "max": 0,
            "p(90)": 0,
            "p(95)": 0,
            "avg": 0,
            "min": 0,
            "med": 0
        },
        "http_req_duration": {
            "med": 161.7029755,
            "max": 2556.925819,
            "p(90)": 180.91105950000002,
            "p(95)": 188.9568275,
            "avg": 164.02759737054663,
            "min": 18.148318
        },
        "vus": {
            "value": 100,
            "min": 100,
            "max": 100
        },
        "vus_max": {
            "max": 100,
            "value": 100,
            "min": 100
        },
        "http_reqs": {
            "count": 182776,
            "rate": 608.978820385912
        },
        "http_req_waiting": {
            "max": 2556.791769,
            "p(90)": 180.8124205,
            "p(95)": 188.8522815,
            "avg": 163.93750761849557,
            "min": 17.940485,
            "med": 161.6123145
        },
        "http_req_connecting": {
            "med": 0,
            "max": 1.144692,
            "p(90)": 0,
            "p(95)": 0,
            "avg": 0.0001473851599772399,
            "min": 0
        }
    }
}