{
    "root_group": {
        "name": "",
        "path": "",
        "id": "d41d8cd98f00b204e9800998ecf8427e",
        "groups": {},
        "checks": {
                "products retrieved": {
                    "passes": 183663,
                    "fails": 0,
                    "name": "products retrieved",
                    "path": "::products retrieved",
                    "id": "65d122febf585ffd8f7dcadb21d3e53b"
                },
                "response time < 500ms": {
                    "name": "response time < 500ms",
                    "path": "::response time < 500ms",
                    "id": "3e02485a995423a591645f4eee6c60eb",
                    "passes": 183444,
                    "fails": 219
                }
            }
    },
    "metrics": {
        "http_req_failed": {
            "passes": 0,
            "fails": 183663,
            "value": 0
        },
        "http_req_connecting": {
            "max": 4.306533,
            "p(90)": 0,
            "p(95)": 0,
            "avg": 0.0007077006528261,
            "min": 0,
            "med": 0
        },
        "vus": {
            "value": 200,
            "min": 200,
            "max": 200
        },
        "http_req_duration{expected_response:true}": {
            "avg": 326.6651405616824,
            "min": 73.326731,
            "med": 323.781197,
            "max": 10983.093258,
            "p(90)": 352.1244904,
            "p(95)": 362.7702668
        },
        "data_sent": {
            "count": 17264322,
            "rate": 57504.91041422126
        },
        "data_received": {
            "count": 1022268258,
            "rate": 3405024.801761229
        },
        "iteration_duration": {
            "p(95)": 362.90712759999997,
            "avg": 326.79778073697764,
            "min": 73.486236,
            "med": 323.907706,
            "max": 10983.535168,
            "p(90)": 352.26193620000004
        },
        "http_req_sending": {
            "min": 0.005052,
            "med": 0.013855,
            "max": 10.434407,
            "p(90)": 0.021057,
            "p(95)": 0.024859899999999994,
            "avg": 0.016991236231576248
        },
        "http_req_tls_handshaking": {
            "min": 0,
            "med": 0,
            "max": 0,
            "p(90)": 0,
            "p(95)": 0,
            "avg": 0
        },
        "http_req_waiting": {
            "p(90)": 352.0371602,
            "p(95)": 362.66725049999997,
            "avg": 326.575448077111,
            "min": 73.17453,
            "med": 323.692098,
            "max": 10982.94013
        },
        "http_req_blocked": {
            "min": 0.001674,
            "med": 0.004422,
            "max": 6.372947,
            "p(90)": 0.006392,
            "p(95)": 0.007042899999999994,
            "avg": 0.005771663857173242
        },
        "http_reqs": {
            "rate": 611.7543661087368,
            "count": 183663
        },
        "checks": {
            "passes": 367107,
            "fails": 219,
            "value": 0.9994037993498963
        },
        "iterations": {
            "count": 183663,
            "rate": 611.7543661087368
        },
        "vus_max": {
            "value": 200,
            "min": 200,
            "max": 200
        },
        "http_req_duration": {
            "min": 73.326731,
            "med": 323.781197,
            "max": 10983.093258,
            "p(90)": 352.1244904,
            "p(95)": 362.7702668,
            "avg": 326.6651405616824
        },
        "http_req_receiving": {
            "min": 0.020322,
            "med": 0.064337,
            "max": 9.691548,
            "p(90)": 0.09766080000000002,
            "p(95)": 0.11261579999999999,
            "avg": 0.07270124833526762
        }
    }
}