{
    "root_group": {
        "groups": {},
        "checks": {
                "products retrieved": {
                    "path": "::products retrieved",
                    "id": "65d122febf585ffd8f7dcadb21d3e53b",
                    "passes": 187749,
                    "fails": 0,
                    "name": "products retrieved"
                },
                "response time < 500ms": {
                    "fails": 0,
                    "name": "response time < 500ms",
                    "path": "::response time < 500ms",
                    "id": "3e02485a995423a591645f4eee6c60eb",
                    "passes": 187749
                }
            },
        "name": "",
        "path": "",
        "id": "d41d8cd98f00b204e9800998ecf8427e"
    },
    "metrics": {
        "http_req_connecting": {
            "avg": 0.000012391533377008666,
            "min": 0,
            "med": 0,
            "max": 0.910024,
            "p(90)": 0,
            "p(95)": 0
        },
        "http_req_waiting": {
            "max": 52.37916,
            "p(90)": 18.988297000000003,
            "p(95)": 20.504805800000003,
            "avg": 15.732726695007731,
            "min": 8.186917,
            "med": 15.374363
        },
        "vus_max": {
            "value": 10,
            "min": 10,
            "max": 10
        },
        "http_req_receiving": {
            "p(95)": 0.103862,
            "avg": 0.07407618977997202,
            "min": 0.02545,
            "med": 0.070468,
            "max": 4.932589,
            "p(90)": 0.095213
        },
        "data_sent": {
            "rate": 58825.608205163575,
            "count": 17648406
        },
        "iterations": {
            "count": 187749,
            "rate": 625.8043426081232
        },
        "http_req_sending": {
            "p(95)": 0.023225,
            "avg": 0.016949030359681965,
            "min": 0.006033,
            "med": 0.01541,
            "max": 4.124411,
            "p(90)": 0.020704
        },
        "http_req_failed": {
            "passes": 0,
            "fails": 187749,
            "value": 0
        },
        "http_reqs": {
            "count": 187749,
            "rate": 625.8043426081232
        },
        "http_req_tls_handshaking": {
            "max": 0,
            "p(90)": 0,
            "p(95)": 0,
            "avg": 0,
            "min": 0,
            "med": 0
        },
        "checks": {
            "passes": 375498,
            "fails": 0,
            "value": 1
        },
        "data_received": {
            "count": 1045010934,
            "rate": 3483226.9709568135
        },
        "http_req_duration{expected_response:true}": {
            "max": 52.492136,
            "p(90)": 19.0809114,
            "p(95)": 20.5975592,
            "avg": 15.823751915147389,
            "min": 8.262362,
            "med": 15.465313
        },
        "vus": {
            "value": 10,
            "min": 10,
            "max": 10
        },
        "http_req_duration": {
            "avg": 15.823751915147389,
            "min": 8.262362,
            "med": 15.465313,
            "max": 52.492136,
            "p(90)": 19.0809114,
            "p(95)": 20.5975592
        },
        "http_req_blocked": {
            "avg": 0.005335923786544771,
            "min": 0.001877,
            "med": 0.004967,
            "max": 2.253885,
            "p(90)": 0.006558200000000011,
            "p(95)": 0.007148
        },
        "iteration_duration": {
            "avg": 15.962590940191467,
            "min": 8.390698,
            "med": 15.601747,
            "max": 52.673111,
            "p(90)": 19.2210262,
            "p(95)": 20.739162800000003
        }
    }
}