{
    "root_group": {
        "id": "d41d8cd98f00b204e9800998ecf8427e",
        "groups": {},
        "checks": {
                "products retrieved": {
                    "name": "products retrieved",
                    "path": "::products retrieved",
                    "id": "65d122febf585ffd8f7dcadb21d3e53b",
                    "passes": 171396,
                    "fails": 0
                },
                "response time < 500ms": {
                    "passes": 171396,
                    "fails": 0,
                    "name": "response time < 500ms",
                    "path": "::response time < 500ms",
                    "id": "3e02485a995423a591645f4eee6c60eb"
                }
            },
        "name": "",
        "path": ""
    },
    "metrics": {
        "iterations": {
            "count": 171396,
            "rate": 571.2941274676901
        },
        "http_req_duration": {
            "avg": 17.34665096636485,
            "min": 8.867801,
            "med": 16.72626,
            "max": 68.108569,
            "p(90)": 21.941845,
            "p(95)": 24.25464125
        },
        "http_req_failed": {
            "passes": 0,
            "fails": 171396,
            "value": 0
        },
        "checks": {
            "passes": 342792,
            "fails": 0,
            "value": 1
        },
        "data_received": {
            "count": 953990136,
            "rate": 3179823.113485163
        },
        "iteration_duration": {
            "med": 16.8633185,
            "max": 68.68737,
            "p(90)": 22.0910905,
            "p(95)": 24.41271,
            "avg": 17.486881583689268,
            "min": 8.997492
        },
        "vus": {
            "min": 10,
            "max": 10,
            "value": 10
        },
        "http_req_connecting": {
            "avg": 0.0000062948435202688505,
            "min": 0,
            "med": 0,
            "max": 0.197474,
            "p(90)": 0,
            "p(95)": 0
        },
        "http_req_waiting": {
            "med": 16.6324585,
            "max": 68.000633,
            "p(90)": 21.836309,
            "p(95)": 24.1498955,
            "avg": 17.250990112301395,
            "min": 8.781529
        },
        "http_req_sending": {
            "p(90)": 0.021347,
            "p(95)": 0.02434,
            "avg": 0.017062998914793733,
            "min": 0.005291,
            "med": 0.015393,
            "max": 5.892845
        },
        "http_req_receiving": {
            "max": 6.522567,
            "p(90)": 0.1018915,
            "p(95)": 0.1128435,
            "avg": 0.07859785514831112,
            "min": 0.020363,
            "med": 0.072891
        },
        "data_sent": {
            "count": 16111224,
            "rate": 53701.64798196287
        },
        "http_req_tls_handshaking": {
            "avg": 0,
            "min": 0,
            "med": 0,
            "max": 0,
            "p(90)": 0,
            "p(95)": 0
        },
        "http_req_duration{expected_response:true}": {
            "avg": 17.34665096636485,
            "min": 8.867801,
            "med": 16.72626,
            "max": 68.108569,
            "p(90)": 21.941845,
            "p(95)": 24.25464125
        },
        "http_req_blocked": {
            "min": 0.001732,
            "med": 0.004871,
            "max": 2.637822,
            "p(90)": 0.0066,
            "p(95)": 0.00723225,
            "avg": 0.005326859769189429
        },
        "vus_max": {
            "value": 10,
            "min": 10,
            "max": 10
        },
        "http_reqs": {
            "count": 171396,
            "rate": 571.2941274676901
        }
    }
}