{
    "metrics": {
        "http_req_blocked": {
            "min": 0.00182,
            "med": 0.004944,
            "max": 1.790938,
            "p(90)": 0.006703,
            "p(95)": 0.0073555499999999885,
            "avg": 0.005436413175246567
        },
        "vus": {
            "min": 10,
            "max": 10,
            "value": 10
        },
        "http_req_duration{expected_response:true}": {
            "p(95)": 25.209166399999997,
            "avg": 17.985844436107868,
            "min": 8.562451,
            "med": 17.365482,
            "max": 85.645037,
            "p(90)": 22.8699417
        },
        "iteration_duration": {
            "p(90)": 23.020383600000002,
            "p(95)": 25.364856699999986,
            "avg": 18.131038882565797,
            "min": 8.679323,
            "med": 17.509739000000003,
            "max": 86.342544
        },
        "data_received": {
            "rate": 3066904.4824910695,
            "count": 920115460
        },
        "http_req_waiting": {
            "p(90)": 22.7623438,
            "p(95)": 25.098252499999994,
            "avg": 17.886231513465763,
            "min": 8.49273,
            "med": 17.2672865,
            "max": 85.470633
        },
        "checks": {
            "passes": 330620,
            "fails": 0,
            "value": 1
        },
        "iterations": {
            "count": 165310,
            "rate": 551.0069138503538
        },
        "vus_max": {
            "max": 10,
            "value": 10,
            "min": 10
        },
        "http_req_duration": {
            "p(90)": 22.8699417,
            "p(95)": 25.209166399999997,
            "avg": 17.985844436107868,
            "min": 8.562451,
            "med": 17.365482,
            "max": 85.645037
        },
        "http_req_tls_handshaking": {
            "avg": 0,
            "min": 0,
            "med": 0,
            "max": 0,
            "p(90)": 0,
            "p(95)": 0
        },
        "http_req_receiving": {
            "avg": 0.08163031658701705,
            "min": 0.021386,
            "med": 0.0748095,
            "max": 6.687161,
            "p(90)": 0.104846,
            "p(95)": 0.11658064999999997
        },
        "http_reqs": {
            "count": 165310,
            "rate": 551.0069138503538
        },
        "http_req_connecting": {
            "p(90)": 0,
            "p(95)": 0,
            "avg": 0.000027809388421753072,
            "min": 0,
            "med": 0,
            "max": 0.900264
        },
        "http_req_sending": {
            "avg": 0.017982606055290205,
            "min": 0.005684,
            "med": 0.015677,
            "max": 6.598118,
            "p(90)": 0.021697,
            "p(95)": 0.024843
        },
        "http_req_failed": {
            "passes": 0,
            "fails": 165310,
            "value": 0
        },
        "data_sent": {
            "count": 15539140,
            "rate": 51794.64990193326
        }
    },
    "root_group": {
        "name": "",
        "path": "",
        "id": "d41d8cd98f00b204e9800998ecf8427e",
        "groups": {},
        "checks": {
                "products retrieved": {
                    "passes": 165310,
                    "fails": 0,
                    "name": "products retrieved",
                    "path": "::products retrieved",
                    "id": "65d122febf585ffd8f7dcadb21d3e53b"
                },
                "response time < 500ms": {
                    "fails": 0,
                    "name": "response time < 500ms",
                    "path": "::response time < 500ms",
                    "id": "3e02485a995423a591645f4eee6c60eb",
                    "passes": 165310
                }
            }
    }
}