{
    "metrics": {
        "http_req_failed": {
            "passes": 0,
            "fails": 52402,
            "value": 0
        },
        "http_reqs": {
            "count": 52402,
            "rate": 174.21161390408275
        },
        "http_req_duration": {
            "avg": 1146.4186052395899,
            "min": 80.214777,
            "med": 1147.803446,
            "max": 8986.415524,
            "p(90)": 1213.4111864000001,
            "p(95)": 1237.8321167
        },
        "http_req_duration{expected_response:true}": {
            "max": 8986.415524,
            "p(90)": 1213.4111864000001,
            "p(95)": 1237.8321167,
            "avg": 1146.4186052395899,
            "min": 80.214777,
            "med": 1147.803446
        },
        "http_req_connecting": {
            "avg": 0.002006396969581312,
            "min": 0,
            "med": 0,
            "max": 5.444572,
            "p(90)": 0,
            "p(95)": 0
        },
        "checks": {
            "passes": 53132,
            "fails": 51672,
            "value": 0.5069653830006489
        },
        "data_sent": {
            "rate": 79440.49594026172,
            "count": 23895312
        },
        "http_req_waiting": {
            "max": 8986.24772,
            "p(90)": 1213.2182442,
            "p(95)": 1237.6162589,
            "avg": 1146.245606649403,
            "min": 73.969255,
            "med": 1147.6411355
        },
        "vus_max": {
            "value": 200,
            "min": 200,
            "max": 200
        },
        "http_req_sending": {
            "p(90)": 0.031327600000000004,
            "p(95)": 0.040905899999999995,
            "avg": 0.03493529550398829,
            "min": 0.006721,
            "med": 0.017893,
            "max": 19.083068
        },
        "iterations": {
            "count": 52402,
            "rate": 174.21161390408275
        },
        "vus": {
            "value": 200,
            "min": 200,
            "max": 200
        },
        "http_req_blocked": {
            "avg": 0.01186827176443638,
            "min": 0.001984,
            "med": 0.005285,
            "max": 28.039844,
            "p(90)": 0.006895,
            "p(95)": 0.007937
        },
        "http_req_receiving": {
            "min": 0.029877,
            "med": 0.0935515,
            "max": 15.986787,
            "p(90)": 0.14203179999999999,
            "p(95)": 0.22030059999999985,
            "avg": 0.1380632946834084
        },
        "iteration_duration": {
            "p(90)": 1213.6614222,
            "p(95)": 1238.06270765,
            "avg": 1146.6567159197016,
            "min": 81.685573,
            "med": 1148.041694,
            "max": 8987.40972
        },
        "http_req_tls_handshaking": {
            "med": 0,
            "max": 0,
            "p(90)": 0,
            "p(95)": 0,
            "avg": 0,
            "min": 0
        },
        "data_received": {
            "rate": 932601.9741197007,
            "count": 280522105
        }
    },
    "root_group": {
        "name": "",
        "path": "",
        "id": "d41d8cd98f00b204e9800998ecf8427e",
        "groups": {},
        "checks": {
                "order retrieved": {
                    "path": "::order retrieved",
                    "id": "ee2cdaec02f70b2be26a047383b1c3bd",
                    "passes": 52402,
                    "fails": 0,
                    "name": "order retrieved"
                },
                "response time < 500ms": {
                    "id": "3e02485a995423a591645f4eee6c60eb",
                    "passes": 730,
                    "fails": 51672,
                    "name": "response time < 500ms",
                    "path": "::response time < 500ms"
                }
            }
    }
}