{
    "root_group": {
        "path": "",
        "id": "d41d8cd98f00b204e9800998ecf8427e",
        "groups": {},
        "checks": {
                "order retrieved": {
                    "name": "order retrieved",
                    "path": "::order retrieved",
                    "id": "ee2cdaec02f70b2be26a047383b1c3bd",
                    "passes": 60457,
                    "fails": 0
                },
                "response time < 500ms": {
                    "passes": 998,
                    "fails": 59459,
                    "name": "response time < 500ms",
                    "path": "::response time < 500ms",
                    "id": "3e02485a995423a591645f4eee6c60eb"
                }
            },
        "name": ""
    },
    "metrics": {
        "http_req_receiving": {
            "med": 0.086058,
            "max": 24.896426,
            "p(90)": 0.13340660000000001,
            "p(95)": 0.14646319999999996,
            "avg": 0.11179815781464485,
            "min": 0.033317
        },
        "iteration_duration": {
            "avg": 993.7910149888327,
            "min": 82.137285,
            "med": 999.105758,
            "max": 8853.660269,
            "p(90)": 1030.9527312,
            "p(95)": 1041.3641298
        },
        "http_req_failed": {
            "passes": 0,
            "fails": 60457,
            "value": 0
        },
        "http_req_waiting": {
            "min": 78.331654,
            "med": 998.750571,
            "max": 8853.111662,
            "p(90)": 1030.616855,
            "p(95)": 1040.9937402,
            "avg": 993.4422491798306
        },
        "http_req_tls_handshaking": {
            "avg": 0,
            "min": 0,
            "med": 0,
            "max": 0,
            "p(90)": 0,
            "p(95)": 0
        },
        "vus_max": {
            "value": 200,
            "min": 200,
            "max": 200
        },
        "http_req_connecting": {
            "avg": 0.0035228846618257596,
            "min": 0,
            "med": 0,
            "max": 4.144496,
            "p(90)": 0,
            "p(95)": 0
        },
        "checks": {
            "passes": 61455,
            "fails": 59459,
            "value": 0.5082538002216451
        },
        "iterations": {
            "count": 60457,
            "rate": 201.02277609664029
        },
        "http_req_duration{expected_response:true}": {
            "p(95)": 1041.1375024,
            "avg": 993.5805646728498,
            "min": 78.572886,
            "med": 998.885147,
            "max": 8853.244523,
            "p(90)": 1030.754926
        },
        "data_sent": {
            "count": 27568392,
            "rate": 91666.38590006797
        },
        "http_req_sending": {
            "avg": 0.026517335213457446,
            "min": 0.006524,
            "med": 0.017652,
            "max": 13.998484,
            "p(90)": 0.0319648,
            "p(95)": 0.0402712
        },
        "data_received": {
            "count": 323441688,
            "rate": 1075461.0057916103
        },
        "vus": {
            "min": 200,
            "max": 200,
            "value": 200
        },
        "http_req_duration": {
            "avg": 993.5805646728498,
            "min": 78.572886,
            "med": 998.885147,
            "max": 8853.244523,
            "p(90)": 1030.754926,
            "p(95)": 1041.1375024
        },
        "http_req_blocked": {
            "p(95)": 0.007275,
            "avg": 0.009681147046661065,
            "min": 0.002033,
            "med": 0.004949,
            "max": 7.392659,
            "p(90)": 0.006464
        },
        "http_reqs": {
            "count": 60457,
            "rate": 201.02277609664029
        }
    }
}