{
    "metrics": {
        "http_req_tls_handshaking": {
            "avg": 0,
            "min": 0,
            "med": 0,
            "max": 0,
            "p(90)": 0,
            "p(95)": 0
        },
        "http_req_waiting": {
            "med": 999.937053,
            "max": 8897.273978,
            "p(90)": 1033.1481935,
            "p(95)": 1044.0192525,
            "avg": 996.7520250038771,
            "min": 57.391936
        },
        "http_reqs": {
            "count": 60254,
            "rate": 200.3435071046514
        },
        "data_sent": {
            "count": 27475824,
            "rate": 91356.63923972103
        },
        "vus_max": {
            "value": 200,
            "min": 200,
            "max": 200
        },
        "iterations": {
            "count": 60254,
            "rate": 200.3435071046514
        },
        "iteration_duration": {
            "med": 1000.2884995,
            "max": 8898.173957,
            "p(90)": 1033.4817235,
            "p(95)": 1044.3746531,
            "avg": 997.1016136054145,
            "min": 61.187738
        },
        "http_req_duration{expected_response:true}": {
            "p(95)": 1044.1759444,
            "avg": 996.8940159822862,
            "min": 58.012633,
            "med": 1000.083209,
            "max": 8897.390583,
            "p(90)": 1033.2811901
        },
        "checks": {
            "passes": 61174,
            "fails": 59334,
            "value": 0.5076343479271086
        },
        "http_req_receiving": {
            "p(95)": 0.1470067,
            "avg": 0.11459989439705119,
            "min": 0.029986,
            "med": 0.0864695,
            "max": 21.121801,
            "p(90)": 0.13416080000000002
        },
        "http_req_connecting": {
            "avg": 0.0022207506057689117,
            "min": 0,
            "med": 0,
            "max": 3.897437,
            "p(90)": 0,
            "p(95)": 0
        },
        "http_req_failed": {
            "passes": 0,
            "fails": 60254,
            "value": 0
        },
        "data_received": {
            "count": 322357769,
            "rate": 1071834.0024544606
        },
        "http_req_duration": {
            "p(90)": 1033.2811901,
            "p(95)": 1044.1759444,
            "avg": 996.8940159822862,
            "min": 58.012633,
            "med": 1000.083209,
            "max": 8897.390583
        },
        "http_req_blocked": {
            "med": 0.0049035,
            "max": 9.621798,
            "p(90)": 0.006448,
            "p(95)": 0.007225,
            "avg": 0.008587558767882622,
            "min": 0.001873
        },
        "vus": {
            "value": 200,
            "min": 200,
            "max": 200
        },
        "http_req_sending": {
            "p(95)": 0.040587,
            "avg": 0.02739108401101984,
            "min": 0.006719,
            "med": 0.017551,
            "max": 16.209662,
            "p(90)": 0.03250610000000001
        }
    },
    "root_group": {
        "name": "",
        "path": "",
        "id": "d41d8cd98f00b204e9800998ecf8427e",
        "groups": {},
        "checks": {
                "order retrieved": {
                    "name": "order retrieved",
                    "path": "::order retrieved",
                    "id": "ee2cdaec02f70b2be26a047383b1c3bd",
                    "passes": 60254,
                    "fails": 0
                },
                "response time < 500ms": {
                    "name": "response time < 500ms",
                    "path": "::response time < 500ms",
                    "id": "3e02485a995423a591645f4eee6c60eb",
                    "passes": 920,
                    "fails": 59334
                }
            }
    }
}