{
    "root_group": {
        "checks": {
            "order retrieved": {
                "name": "order retrieved",
                "path": "::order retrieved",
                "id": "ee2cdaec02f70b2be26a047383b1c3bd",
                "passes": 58512,
                "fails": 0
            },
            "response time < 500ms": {
                "name": "response time < 500ms",
                "path": "::response time < 500ms",
                "id": "3e02485a995423a591645f4eee6c60eb",
                "passes": 58512,
                "fails": 0
            }
        },
        "name": "",
        "path": "",
        "id": "d41d8cd98f00b204e9800998ecf8427e",
        "groups": {}
    },
    "metrics": {
        "data_received": {
            "count": 313065473,
            "rate": 1043426.8034912541
        },
        "http_req_sending": {
            "min": 0.005898,
            "med": 0.017388,
            "max": 8.468497,
            "p(90)": 0.026415,
            "p(95)": 0.030049349999999992,
            "avg": 0.02508930648413992
        },
        "http_req_receiving": {
            "p(90)": 0.13267050000000002,
            "p(95)": 0.1510919,
            "avg": 0.11988220428288178,
            "min": 0.027155,
            "med": 0.0961495,
            "max": 8.515527
        },
        "vus_max": {
            "value": 10,
            "min": 10,
            "max": 10
        },
        "http_reqs": {
            "count": 58512,
            "rate": 195.01667986836816
        },
        "http_req_waiting": {
            "avg": 50.91576372699565,
            "min": 26.988546,
            "med": 49.95907,
            "max": 103.368946,
            "p(90)": 60.5429945,
            "p(95)": 64.59239134999999
        },
        "checks": {
            "passes": 117024,
            "fails": 0,
            "value": 1
        },
        "http_req_duration{expected_response:true}": {
            "p(90)": 60.7031141,
            "p(95)": 64.7576125,
            "avg": 51.06073523776336,
            "min": 27.061211,
            "med": 50.105638,
            "max": 103.538473
        },
        "http_req_duration": {
            "med": 50.105638,
            "max": 103.538473,
            "p(90)": 60.7031141,
            "p(95)": 64.7576125,
            "avg": 51.06073523776336,
            "min": 27.061211
        },
        "http_req_connecting": {
            "avg": 0.00002814810637134263,
            "min": 0,
            "med": 0,
            "max": 0.234232,
            "p(90)": 0,
            "p(95)": 0
        },
        "http_req_tls_handshaking": {
            "avg": 0,
            "min": 0,
            "med": 0,
            "max": 0,
            "p(90)": 0,
            "p(95)": 0
        },
        "iteration_duration": {
            "p(95)": 64.95608585000001,
            "avg": 51.25519816897404,
            "min": 27.190561,
            "med": 50.296746,
            "max": 104.019081,
            "p(90)": 60.9349629
        },
        "iterations": {
            "count": 58512,
            "rate": 195.01667986836816
        },
        "data_sent": {
            "rate": 88927.60601997588,
            "count": 26681472
        },
        "vus": {
            "value": 10,
            "min": 10,
            "max": 10
        },
        "http_req_blocked": {
            "med": 0.005403,
            "max": 5.111971,
            "p(90)": 0.006429,
            "p(95)": 0.00699,
            "avg": 0.006431974671862179,
            "min": 0.0018
        },
        "http_req_failed": {
            "passes": 0,
            "fails": 58512,
            "value": 0
        }
    }
}