{
    "root_group": {
        "name": "",
        "path": "",
        "id": "d41d8cd98f00b204e9800998ecf8427e",
        "groups": {},
        "checks": {
                "order retrieved": {
                    "id": "ee2cdaec02f70b2be26a047383b1c3bd",
                    "passes": 60525,
                    "fails": 0,
                    "name": "order retrieved",
                    "path": "::order retrieved"
                },
                "response time < 500ms": {
                    "path": "::response time < 500ms",
                    "id": "3e02485a995423a591645f4eee6c60eb",
                    "passes": 34724,
                    "fails": 25801,
                    "name": "response time < 500ms"
                }
            }
    },
    "metrics": {
        "http_req_tls_handshaking": {
            "p(90)": 0,
            "p(95)": 0,
            "avg": 0,
            "min": 0,
            "med": 0,
            "max": 0
        },
        "data_sent": {
            "count": 27599400,
            "rate": 91884.62246387033
        },
        "http_req_receiving": {
            "max": 15.222005,
            "p(90)": 0.133703,
            "p(95)": 0.1465124,
            "avg": 0.11410749822387543,
            "min": 0.02561,
            "med": 0.087561
        },
        "checks": {
            "passes": 95249,
            "fails": 25801,
            "value": 0.7868566707971912
        },
        "http_req_connecting": {
            "med": 0,
            "max": 4.829046,
            "p(90)": 0,
            "p(95)": 0,
            "avg": 0.0014839674679884343,
            "min": 0
        },
        "data_received": {
            "rate": 1078017.1017870535,
            "count": 323804184
        },
        "iterations": {
            "count": 60525,
            "rate": 201.5013650523472
        },
        "http_req_waiting": {
            "p(95)": 531.71769,
            "avg": 495.63915520786696,
            "min": 38.653051,
            "med": 496.089764,
            "max": 4294.729685,
            "p(90)": 523.2928018
        },
        "vus_max": {
            "value": 100,
            "min": 100,
            "max": 100
        },
        "http_req_blocked": {
            "avg": 0.008406466517967741,
            "min": 0.001691,
            "med": 0.005037,
            "max": 27.00464,
            "p(90)": 0.006441599999999999,
            "p(95)": 0.007165
        },
        "http_reqs": {
            "count": 60525,
            "rate": 201.5013650523472
        },
        "http_req_sending": {
            "p(95)": 0.040283,
            "avg": 0.029593903477901872,
            "min": 0.006129,
            "med": 0.017549,
            "max": 11.890362,
            "p(90)": 0.031563799999999996
        },
        "http_req_failed": {
            "passes": 0,
            "fails": 60525,
            "value": 0
        },
        "http_req_duration{expected_response:true}": {
            "max": 4295.104561,
            "p(90)": 523.4306948,
            "p(95)": 531.8499702,
            "avg": 495.7828566095674,
            "min": 38.871113,
            "med": 496.228296
        },
        "http_req_duration": {
            "max": 4295.104561,
            "p(90)": 523.4306948,
            "p(95)": 531.8499702,
            "avg": 495.7828566095674,
            "min": 38.871113,
            "med": 496.228296
        },
        "vus": {
            "value": 100,
            "min": 100,
            "max": 100
        },
        "iteration_duration": {
            "min": 39.594631,
            "med": 496.426318,
            "max": 4298.062915,
            "p(90)": 523.6555668,
            "p(95)": 532.099269,
            "avg": 495.9922713138243
        }
    }
}