{
    "metrics": {
        "http_req_sending": {
            "avg": 0.03301488878191554,
            "min": 0.006471,
            "med": 0.017746,
            "max": 14.062897,
            "p(90)": 0.029980100000000013,
            "p(95)": 0.03913169999999991
        },
        "iteration_duration": {
            "min": 70.053686,
            "med": 1156.781479,
            "max": 7442.383468,
            "p(90)": 1218.7533283999999,
            "p(95)": 1236.94103845,
            "avg": 1157.3601324231895
        },
        "vus": {
            "value": 200,
            "min": 200,
            "max": 200
        },
        "vus_max": {
            "max": 200,
            "value": 200,
            "min": 200
        },
        "http_reqs": {
            "count": 51934,
            "rate": 172.5526148308132
        },
        "http_req_duration": {
            "avg": 1157.1245617901172,
            "min": 68.01046,
            "med": 1156.5362365,
            "max": 7435.443006,
            "p(90)": 1218.5250201,
            "p(95)": 1236.6899795
        },
        "http_req_waiting": {
            "avg": 1156.9506047227035,
            "min": 67.620845,
            "med": 1156.3601749999998,
            "max": 7435.318886,
            "p(90)": 1218.3251397000001,
            "p(95)": 1236.5315453
        },
        "http_req_failed": {
            "passes": 0,
            "fails": 51934,
            "value": 0
        },
        "http_req_connecting": {
            "avg": 0.0037615427080525243,
            "min": 0,
            "med": 0,
            "max": 7.148997,
            "p(90)": 0,
            "p(95)": 0
        },
        "http_req_blocked": {
            "avg": 0.010732874802634185,
            "min": 0.00188,
            "med": 0.005328,
            "max": 7.201015,
            "p(90)": 0.006871,
            "p(95)": 0.007825
        },
        "http_req_receiving": {
            "p(90)": 0.143694,
            "p(95)": 0.2252324499999996,
            "avg": 0.14094217863056843,
            "min": 0.026167,
            "med": 0.095025,
            "max": 19.771968
        },
        "checks": {
            "passes": 52566,
            "fails": 51302,
            "value": 0.5060846458967151
        },
        "data_sent": {
            "count": 23681904,
            "rate": 78683.99236285083
        },
        "data_received": {
            "count": 278016904,
            "rate": 923721.3338538755
        },
        "http_req_duration{expected_response:true}": {
            "avg": 1157.1245617901172,
            "min": 68.01046,
            "med": 1156.5362365,
            "max": 7435.443006,
            "p(90)": 1218.5250201,
            "p(95)": 1236.6899795
        },
        "http_req_tls_handshaking": {
            "max": 0,
            "p(90)": 0,
            "p(95)": 0,
            "avg": 0,
            "min": 0,
            "med": 0
        },
        "iterations": {
            "count": 51934,
            "rate": 172.5526148308132
        }
    },
    "root_group": {
        "name": "",
        "path": "",
        "id": "d41d8cd98f00b204e9800998ecf8427e",
        "groups": {},
        "checks": {
                "order retrieved": {
                    "name": "order retrieved",
                    "path": "::order retrieved",
                    "id": "ee2cdaec02f70b2be26a047383b1c3bd",
                    "passes": 51934,
                    "fails": 0
                },
                "response time < 500ms": {
                    "name": "response time < 500ms",
                    "path": "::response time < 500ms",
                    "id": "3e02485a995423a591645f4eee6c60eb",
                    "passes": 632,
                    "fails": 51302
                }
            }
    }
}