{
    "root_group": {
        "path": "",
        "id": "d41d8cd98f00b204e9800998ecf8427e",
        "groups": {},
        "checks": {
                "order retrieved": {
                    "name": "order retrieved",
                    "path": "::order retrieved",
                    "id": "ee2cdaec02f70b2be26a047383b1c3bd",
                    "passes": 58244,
                    "fails": 0
                },
                "response time < 500ms": {
                    "name": "response time < 500ms",
                    "path": "::response time < 500ms",
                    "id": "3e02485a995423a591645f4eee6c60eb",
                    "passes": 58244,
                    "fails": 0
                }
            },
        "name": ""
    },
    "metrics": {
        "http_req_sending": {
            "avg": 0.027161662849392258,
            "min": 0.006132,
            "med": 0.017279,
            "max": 8.145572,
            "p(90)": 0.026403700000000006,
            "p(95)": 0.030479399999999993
        },
        "http_req_waiting": {
            "max": 113.877143,
            "p(90)": 60.930393200000005,
            "p(95)": 64.96882525,
            "avg": 51.144918299670145,
            "min": 25.077657,
            "med": 50.1871905
        },
        "http_req_failed": {
            "passes": 0,
            "fails": 58244,
            "value": 0
        },
        "data_sent": {
            "count": 26559264,
            "rate": 88523.22345437329
        },
        "vus": {
            "max": 10,
            "value": 10,
            "min": 10
        },
        "http_req_tls_handshaking": {
            "avg": 0,
            "min": 0,
            "med": 0,
            "max": 0,
            "p(90)": 0,
            "p(95)": 0
        },
        "http_req_duration": {
            "avg": 51.29476512200374,
            "min": 25.190132,
            "med": 50.336632,
            "max": 114.051514,
            "p(90)": 61.081789900000004,
            "p(95)": 65.1393582
        },
        "iteration_duration": {
            "min": 25.522619,
            "med": 50.535476,
            "max": 115.449934,
            "p(90)": 61.281899,
            "p(95)": 65.3469556,
            "avg": 51.490720983380406
        },
        "checks": {
            "passes": 116488,
            "fails": 0,
            "value": 1
        },
        "data_received": {
            "count": 311631844,
            "rate": 1038682.9756242643
        },
        "http_req_receiving": {
            "min": 0.028948,
            "med": 0.096671,
            "max": 8.391133,
            "p(90)": 0.13390269999999999,
            "p(95)": 0.15494464999999993,
            "avg": 0.12268515948423847
        },
        "vus_max": {
            "value": 10,
            "min": 10,
            "max": 10
        },
        "http_req_blocked": {
            "p(90)": 0.006462,
            "p(95)": 0.007017699999999997,
            "avg": 0.006381320187487126,
            "min": 0.0019,
            "med": 0.005404,
            "max": 8.018868
        },
        "iterations": {
            "count": 58244,
            "rate": 194.12987599643267
        },
        "http_reqs": {
            "count": 58244,
            "rate": 194.12987599643267
        },
        "http_req_duration{expected_response:true}": {
            "avg": 51.29476512200374,
            "min": 25.190132,
            "med": 50.336632,
            "max": 114.051514,
            "p(90)": 61.081789900000004,
            "p(95)": 65.1393582
        },
        "http_req_connecting": {
            "min": 0,
            "med": 0,
            "max": 0.991385,
            "p(90)": 0,
            "p(95)": 0,
            "avg": 0.00011329421056246138
        }
    }
}