{
    "root_group": {
        "name": "",
        "path": "",
        "id": "d41d8cd98f00b204e9800998ecf8427e",
        "groups": {},
        "checks": {
                "order retrieved": {
                    "passes": 58983,
                    "fails": 0,
                    "name": "order retrieved",
                    "path": "::order retrieved",
                    "id": "ee2cdaec02f70b2be26a047383b1c3bd"
                },
                "response time < 500ms": {
                    "name": "response time < 500ms",
                    "path": "::response time < 500ms",
                    "id": "3e02485a995423a591645f4eee6c60eb",
                    "passes": 58983,
                    "fails": 0
                }
            }
    },
    "metrics": {
        "http_req_duration": {
            "avg": 50.646081028024895,
            "min": 24.659145,
            "med": 49.256174,
            "max": 153.123868,
            "p(90)": 60.794981400000005,
            "p(95)": 66.10637389999998
        },
        "http_req_sending": {
            "avg": 0.027200507010494413,
            "min": 0.006384,
            "med": 0.017648,
            "max": 10.16342,
            "p(90)": 0.0269928,
            "p(95)": 0.03110269999999998
        },
        "http_req_failed": {
            "passes": 0,
            "fails": 58983,
            "value": 0
        },
        "vus": {
            "value": 10,
            "min": 10,
            "max": 10
        },
        "checks": {
            "passes": 117966,
            "fails": 0,
            "value": 1
        },
        "http_req_tls_handshaking": {
            "max": 0,
            "p(90)": 0,
            "p(95)": 0,
            "avg": 0,
            "min": 0,
            "med": 0
        },
        "http_req_duration{expected_response:true}": {
            "avg": 50.646081028024895,
            "min": 24.659145,
            "med": 49.256174,
            "max": 153.123868,
            "p(90)": 60.794981400000005,
            "p(95)": 66.10637389999998
        },
        "data_received": {
            "count": 315626506,
            "rate": 1051962.6749107374
        },
        "http_req_blocked": {
            "avg": 0.0062433682247426585,
            "min": 0.001806,
            "med": 0.005381,
            "max": 4.977355,
            "p(90)": 0.006741,
            "p(95)": 0.007353899999999995
        },
        "iterations": {
            "rate": 196.58651372663874,
            "count": 58983
        },
        "http_req_receiving": {
            "max": 12.587404,
            "p(90)": 0.13590960000000002,
            "p(95)": 0.16138119999999995,
            "avg": 0.12504835194886635,
            "min": 0.026616,
            "med": 0.09737
        },
        "data_sent": {
            "count": 26896248,
            "rate": 89643.45025934727
        },
        "iteration_duration": {
            "avg": 50.84586188410253,
            "min": 24.894443,
            "med": 49.453551,
            "max": 153.298181,
            "p(90)": 61.00807080000001,
            "p(95)": 66.32933539999999
        },
        "http_reqs": {
            "count": 58983,
            "rate": 196.58651372663874
        },
        "vus_max": {
            "value": 10,
            "min": 10,
            "max": 10
        },
        "http_req_waiting": {
            "max": 152.995393,
            "p(90)": 60.6269154,
            "p(95)": 65.92311099999999,
            "avg": 50.49383216906527,
            "min": 24.526062,
            "med": 49.106012
        },
        "http_req_connecting": {
            "min": 0,
            "med": 0,
            "max": 0.36484,
            "p(90)": 0,
            "p(95)": 0,
            "avg": 0.00004589403726497466
        }
    }
}