{
    "root_group": {
        "name": "",
        "path": "",
        "id": "d41d8cd98f00b204e9800998ecf8427e",
        "groups": {},
        "checks": {
                "order retrieved": {
                    "id": "ee2cdaec02f70b2be26a047383b1c3bd",
                    "passes": 59891,
                    "fails": 0,
                    "name": "order retrieved",
                    "path": "::order retrieved"
                },
                "response time < 500ms": {
                    "path": "::response time < 500ms",
                    "id": "3e02485a995423a591645f4eee6c60eb",
                    "passes": 827,
                    "fails": 59064,
                    "name": "response time < 500ms"
                }
            }
    },
    "metrics": {
        "http_req_blocked": {
            "med": 0.004957,
            "max": 7.269564,
            "p(90)": 0.006449,
            "p(95)": 0.0072375,
            "avg": 0.00837604244377289,
            "min": 0.002013
        },
        "http_req_sending": {
            "avg": 0.027268465378771322,
            "min": 0.00718,
            "med": 0.017531,
            "max": 11.429973,
            "p(90)": 0.032377,
            "p(95)": 0.040628
        },
        "http_req_receiving": {
            "avg": 0.11462695740595391,
            "min": 0.032061,
            "med": 0.086332,
            "max": 26.980551,
            "p(90)": 0.134017,
            "p(95)": 0.14920450000000002
        },
        "http_req_failed": {
            "passes": 0,
            "fails": 59891,
            "value": 0
        },
        "http_reqs": {
            "count": 59891,
            "rate": 199.15103457927205
        },
        "iterations": {
            "count": 59891,
            "rate": 199.15103457927205
        },
        "http_req_duration{expected_response:true}": {
            "min": 40.386426,
            "med": 1001.69803,
            "max": 8844.740288,
            "p(90)": 1040.634618,
            "p(95)": 1062.2122285,
            "avg": 1002.9364589060416
        },
        "data_sent": {
            "count": 27310296,
            "rate": 90812.87176814806
        },
        "vus": {
            "value": 200,
            "min": 200,
            "max": 200
        },
        "http_req_duration": {
            "min": 40.386426,
            "med": 1001.69803,
            "max": 8844.740288,
            "p(90)": 1040.634618,
            "p(95)": 1062.2122285,
            "avg": 1002.9364589060416
        },
        "http_req_connecting": {
            "p(95)": 0,
            "avg": 0.0024037774790870063,
            "min": 0,
            "med": 0,
            "max": 7.223295,
            "p(90)": 0
        },
        "http_req_waiting": {
            "avg": 1002.7945634832652,
            "min": 38.947711,
            "med": 1001.569044,
            "max": 8844.627458,
            "p(90)": 1040.449839,
            "p(95)": 1062.0243825
        },
        "checks": {
            "passes": 60718,
            "fails": 59064,
            "value": 0.5069042093135864
        },
        "vus_max": {
            "value": 200,
            "min": 200,
            "max": 200
        },
        "data_received": {
            "rate": 1065443.3641075764,
            "count": 320412438
        },
        "iteration_duration": {
            "avg": 1003.1451318889182,
            "min": 41.512764,
            "med": 1001.917355,
            "max": 8847.857728,
            "p(90)": 1040.842244,
            "p(95)": 1062.4670070000002
        },
        "http_req_tls_handshaking": {
            "med": 0,
            "max": 0,
            "p(90)": 0,
            "p(95)": 0,
            "avg": 0,
            "min": 0
        }
    }
}