{
    "root_group": {
        "id": "d41d8cd98f00b204e9800998ecf8427e",
        "groups": {},
        "checks": {
                "order retrieved": {
                    "fails": 0,
                    "name": "order retrieved",
                    "path": "::order retrieved",
                    "id": "ee2cdaec02f70b2be26a047383b1c3bd",
                    "passes": 60184
                },
                "response time < 500ms": {
                    "path": "::response time < 500ms",
                    "id": "3e02485a995423a591645f4eee6c60eb",
                    "passes": 32678,
                    "fails": 27506,
                    "name": "response time < 500ms"
                }
            },
        "name": "",
        "path": ""
    },
    "metrics": {
        "http_req_connecting": {
            "p(90)": 0,
            "p(95)": 0,
            "avg": 0.0020675109663697996,
            "min": 0,
            "med": 0,
            "max": 9.351494
        },
        "vus_max": {
            "value": 100,
            "min": 100,
            "max": 100
        },
        "http_req_waiting": {
            "med": 497.7247705,
            "max": 2806.581844,
            "p(90)": 526.2642934,
            "p(95)": 536.1427487,
            "avg": 498.4232762126683,
            "min": 41.77426
        },
        "http_req_tls_handshaking": {
            "avg": 0,
            "min": 0,
            "med": 0,
            "max": 0,
            "p(90)": 0,
            "p(95)": 0
        },
        "http_req_duration": {
            "avg": 498.5725995190615,
            "min": 41.981412,
            "med": 497.8795705,
            "max": 2806.735604,
            "p(90)": 526.4166743,
            "p(95)": 536.32833065
        },
        "http_req_duration{expected_response:true}": {
            "max": 2806.735604,
            "p(90)": 526.4166743,
            "p(95)": 536.32833065,
            "avg": 498.5725995190615,
            "min": 41.981412,
            "med": 497.8795705
        },
        "http_req_blocked": {
            "avg": 0.008188963611591184,
            "min": 0.001968,
            "med": 0.005106,
            "max": 11.551553,
            "p(90)": 0.006461,
            "p(95)": 0.007230849999999998
        },
        "http_reqs": {
            "count": 60184,
            "rate": 200.36801022335735
        },
        "http_req_sending": {
            "avg": 0.0300845974843812,
            "min": 0.006637,
            "med": 0.017669,
            "max": 19.214599,
            "p(90)": 0.031824,
            "p(95)": 0.0403547
        },
        "iterations": {
            "rate": 200.36801022335735,
            "count": 60184
        },
        "data_sent": {
            "count": 27443904,
            "rate": 91367.81266185096
        },
        "http_req_receiving": {
            "avg": 0.11923870890934485,
            "min": 0.028694,
            "med": 0.088926,
            "max": 19.279962,
            "p(90)": 0.1350867,
            "p(95)": 0.1492375
        },
        "data_received": {
            "count": 321977435,
            "rate": 1071945.6664191543
        },
        "iteration_duration": {
            "avg": 498.78544253260117,
            "min": 43.120762,
            "med": 498.1036845,
            "max": 2816.925882,
            "p(90)": 526.6335221,
            "p(95)": 536.5166032999999
        },
        "checks": {
            "passes": 92862,
            "fails": 27506,
            "value": 0.7714841153795029
        },
        "http_req_failed": {
            "fails": 60184,
            "passes": 0,
            "value": 0
        },
        "vus": {
            "max": 100,
            "value": 100,
            "min": 100
        }
    }
}