{
    "metrics": {
        "checks": {
            "passes": 53489,
            "fails": 50459,
            "value": 0.5145745949898026
        },
        "http_req_tls_handshaking": {
            "avg": 0,
            "min": 0,
            "med": 0,
            "max": 0,
            "p(90)": 0,
            "p(95)": 0
        },
        "vus_max": {
            "min": 100,
            "max": 100,
            "value": 100
        },
        "http_req_blocked": {
            "avg": 0.008239880978951003,
            "min": 0.001954,
            "med": 0.005362,
            "max": 3.552199,
            "p(90)": 0.006962700000000004,
            "p(95)": 0.007844349999999998
        },
        "http_req_sending": {
            "med": 0.0178855,
            "max": 13.685261,
            "p(90)": 0.029756,
            "p(95)": 0.038344949999999975,
            "avg": 0.031541040943548926,
            "min": 0.006058
        },
        "http_req_connecting": {
            "max": 3.505169,
            "p(90)": 0,
            "p(95)": 0,
            "avg": 0.0018002922230345936,
            "min": 0,
            "med": 0
        },
        "data_sent": {
            "count": 23700144,
            "rate": 78886.79686156327
        },
        "iterations": {
            "count": 51974,
            "rate": 172.99736153851595
        },
        "http_req_duration{expected_response:true}": {
            "avg": 577.4457278734368,
            "min": 91.978517,
            "med": 574.3140605,
            "max": 6438.445319,
            "p(90)": 624.2650139,
            "p(95)": 643.4373187
        },
        "data_received": {
            "rate": 926102.454417916,
            "count": 278231116
        },
        "iteration_duration": {
            "p(90)": 624.4952131000001,
            "p(95)": 643.7147341,
            "avg": 577.6808951607914,
            "min": 93.823198,
            "med": 574.5286625,
            "max": 6439.33764
        },
        "http_req_duration": {
            "med": 574.3140605,
            "max": 6438.445319,
            "p(90)": 624.2650139,
            "p(95)": 643.4373187,
            "avg": 577.4457278734368,
            "min": 91.978517
        },
        "vus": {
            "value": 100,
            "min": 100,
            "max": 100
        },
        "http_req_receiving": {
            "p(90)": 0.14350069999999998,
            "p(95)": 0.2268301999999997,
            "avg": 0.14332468416900837,
            "min": 0.026449,
            "med": 0.094382,
            "max": 24.301427
        },
        "http_req_failed": {
            "passes": 0,
            "fails": 51974,
            "value": 0
        },
        "http_reqs": {
            "count": 51974,
            "rate": 172.99736153851595
        },
        "http_req_waiting": {
            "max": 6438.356302,
            "p(90)": 624.0492933,
            "p(95)": 643.2312944,
            "avg": 577.270862148328,
            "min": 91.183836,
            "med": 574.150511
        }
    },
    "root_group": {
        "name": "",
        "path": "",
        "id": "d41d8cd98f00b204e9800998ecf8427e",
        "groups": {},
        "checks": {
                "order retrieved": {
                    "id": "ee2cdaec02f70b2be26a047383b1c3bd",
                    "passes": 51974,
                    "fails": 0,
                    "name": "order retrieved",
                    "path": "::order retrieved"
                },
                "response time < 500ms": {
                    "name": "response time < 500ms",
                    "path": "::response time < 500ms",
                    "id": "3e02485a995423a591645f4eee6c60eb",
                    "passes": 1515,
                    "fails": 50459
                }
            }
    }
}