{
    "root_group": {
        "id": "d41d8cd98f00b204e9800998ecf8427e",
        "groups": {},
        "checks": {
                "order retrieved": {
                    "id": "ee2cdaec02f70b2be26a047383b1c3bd",
                    "passes": 51464,
                    "fails": 0,
                    "name": "order retrieved",
                    "path": "::order retrieved"
                },
                "response time < 500ms": {
                    "passes": 51464,
                    "fails": 0,
                    "name": "response time < 500ms",
                    "path": "::response time < 500ms",
                    "id": "3e02485a995423a591645f4eee6c60eb"
                }
            },
        "name": "",
        "path": ""
    },
    "metrics": {
        "iteration_duration": {
            "avg": 58.276958173733114,
            "min": 29.057297,
            "med": 56.8804835,
            "max": 155.736977,
            "p(90)": 70.89962100000001,
            "p(95)": 76.60650159999999
        },
        "data_sent": {
            "rate": 78216.99725148817,
            "count": 23467584
        },
        "data_received": {
            "count": 275482677,
            "rate": 918178.3599769624
        },
        "http_req_failed": {
            "passes": 0,
            "fails": 51464,
            "value": 0
        },
        "http_reqs": {
            "count": 51464,
            "rate": 171.52850274449162
        },
        "iterations": {
            "count": 51464,
            "rate": 171.52850274449162
        },
        "http_req_connecting": {
            "p(90)": 0,
            "p(95)": 0,
            "avg": 0.00006281377273433858,
            "min": 0,
            "med": 0,
            "max": 0.63349
        },
        "checks": {
            "passes": 102928,
            "fails": 0,
            "value": 1
        },
        "http_req_tls_handshaking": {
            "min": 0,
            "med": 0,
            "max": 0,
            "p(90)": 0,
            "p(95)": 0,
            "avg": 0
        },
        "http_req_waiting": {
            "p(90)": 70.48785290000001,
            "p(95)": 76.19013224999999,
            "avg": 57.899426436907376,
            "min": 28.752284,
            "med": 56.5015475,
            "max": 155.369136
        },
        "http_req_receiving": {
            "avg": 0.1376354413570644,
            "min": 0.02706,
            "med": 0.098779,
            "max": 12.005351,
            "p(90)": 0.14110220000000007,
            "p(95)": 0.2078832499999999
        },
        "vus": {
            "value": 10,
            "min": 10,
            "max": 10
        },
        "vus_max": {
            "value": 10,
            "min": 10,
            "max": 10
        },
        "http_req_duration": {
            "med": 56.674734,
            "max": 155.514439,
            "p(90)": 70.6724722,
            "p(95)": 76.3556009,
            "avg": 58.06635650204034,
            "min": 28.850163
        },
        "http_req_duration{expected_response:true}": {
            "avg": 58.06635650204034,
            "min": 28.850163,
            "med": 56.674734,
            "max": 155.514439,
            "p(90)": 70.6724722,
            "p(95)": 76.3556009
        },
        "http_req_blocked": {
            "max": 4.014053,
            "p(90)": 0.00662,
            "p(95)": 0.007324849999999998,
            "avg": 0.006532733464169176,
            "min": 0.00183,
            "med": 0.005354
        },
        "http_req_sending": {
            "avg": 0.029294623775843312,
            "min": 0.006278,
            "med": 0.017498,
            "max": 10.557224,
            "p(90)": 0.026885700000000005,
            "p(95)": 0.03209564999999999
        }
    }
}