{
    "metrics": {
        "data_received": {
            "count": 322856617,
            "rate": 1074887.440631298
        },
        "http_reqs": {
            "count": 60348,
            "rate": 200.9167656836892
        },
        "http_req_duration{expected_response:true}": {
            "p(95)": 532.1623072,
            "avg": 497.22283480447305,
            "min": 42.306902,
            "med": 497.161605,
            "max": 1842.965456,
            "p(90)": 523.7358418
        },
        "checks": {
            "passes": 94065,
            "fails": 26631,
            "value": 0.7793547424935375
        },
        "http_req_duration": {
            "avg": 497.22283480447305,
            "min": 42.306902,
            "med": 497.161605,
            "max": 1842.965456,
            "p(90)": 523.7358418,
            "p(95)": 532.1623072
        },
        "iteration_duration": {
            "avg": 497.4319512173572,
            "min": 43.800245,
            "med": 497.3627365,
            "max": 1843.412654,
            "p(90)": 523.95543,
            "p(95)": 532.3803978
        },
        "iterations": {
            "count": 60348,
            "rate": 200.9167656836892
        },
        "vus": {
            "value": 100,
            "min": 100,
            "max": 100
        },
        "vus_max": {
            "value": 100,
            "min": 100,
            "max": 100
        },
        "http_req_sending": {
            "p(95)": 0.04024129999999999,
            "avg": 0.029168170693312134,
            "min": 0.006408,
            "med": 0.017634,
            "max": 12.524276,
            "p(90)": 0.0316263
        },
        "http_req_receiving": {
            "p(95)": 0.14718964999999998,
            "avg": 0.11497147643666668,
            "min": 0.028113,
            "med": 0.08856,
            "max": 17.552268,
            "p(90)": 0.13435260000000002
        },
        "data_sent": {
            "count": 27518688,
            "rate": 91618.04515176227
        },
        "http_req_failed": {
            "passes": 0,
            "fails": 60348,
            "value": 0
        },
        "http_req_connecting": {
            "avg": 0.0008241157287731161,
            "min": 0,
            "med": 0,
            "max": 1.448063,
            "p(90)": 0,
            "p(95)": 0
        },
        "http_req_waiting": {
            "p(90)": 523.582173,
            "p(95)": 531.9881589,
            "avg": 497.07869515734063,
            "min": 42.113879,
            "med": 497.014859,
            "max": 1842.854754
        },
        "http_req_blocked": {
            "avg": 0.006909030506396269,
            "min": 0.002151,
            "med": 0.005078,
            "max": 4.425243,
            "p(90)": 0.006418,
            "p(95)": 0.007115649999999994
        },
        "http_req_tls_handshaking": {
            "p(95)": 0,
            "avg": 0,
            "min": 0,
            "med": 0,
            "max": 0,
            "p(90)": 0
        }
    },
    "root_group": {
        "path": "",
        "id": "d41d8cd98f00b204e9800998ecf8427e",
        "groups": {},
        "checks": {
                "order retrieved": {
                    "name": "order retrieved",
                    "path": "::order retrieved",
                    "id": "ee2cdaec02f70b2be26a047383b1c3bd",
                    "passes": 60348,
                    "fails": 0
                },
                "response time < 500ms": {
                    "name": "response time < 500ms",
                    "path": "::response time < 500ms",
                    "id": "3e02485a995423a591645f4eee6c60eb",
                    "passes": 33717,
                    "fails": 26631
                }
            },
        "name": ""
    }
}