{
    "root_group": {
        "path": "",
        "id": "d41d8cd98f00b204e9800998ecf8427e",
        "groups": {},
        "checks": {
                "order retrieved": {
                    "id": "ee2cdaec02f70b2be26a047383b1c3bd",
                    "passes": 59543,
                    "fails": 0,
                    "name": "order retrieved",
                    "path": "::order retrieved"
                },
                "response time < 500ms": {
                    "path": "::response time < 500ms",
                    "id": "3e02485a995423a591645f4eee6c60eb",
                    "passes": 59532,
                    "fails": 11,
                    "name": "response time < 500ms"
                }
            },
        "name": ""
    },
    "metrics": {
        "http_req_receiving": {
            "p(90)": 0.1323678,
            "p(95)": 0.1465459,
            "avg": 0.11927037184891585,
            "min": 0.028065,
            "med": 0.086033,
            "max": 14.216779
        },
        "http_req_waiting": {
            "avg": 251.65684663265105,
            "min": 120.821829,
            "med": 248.922806,
            "max": 539.834553,
            "p(90)": 276.22538579999997,
            "p(95)": 287.1957993
        },
        "http_req_duration": {
            "med": 249.065428,
            "max": 539.9565,
            "p(90)": 276.38331139999997,
            "p(95)": 287.3835520999999,
            "avg": 251.80731697845377,
            "min": 121.06433
        },
        "checks": {
            "passes": 119075,
            "fails": 11,
            "value": 0.9999076297801589
        },
        "http_reqs": {
            "count": 59543,
            "rate": 198.3282968308242
        },
        "http_req_blocked": {
            "min": 0.001829,
            "med": 0.004997,
            "max": 4.389652,
            "p(90)": 0.006416,
            "p(95)": 0.007029799999999988,
            "avg": 0.007257223653494149
        },
        "data_received": {
            "count": 318548610,
            "rate": 1061034.9374254984
        },
        "iterations": {
            "count": 59543,
            "rate": 198.3282968308242
        },
        "http_req_tls_handshaking": {
            "med": 0,
            "max": 0,
            "p(90)": 0,
            "p(95)": 0,
            "avg": 0,
            "min": 0
        },
        "http_req_connecting": {
            "avg": 0.0011838968644509007,
            "min": 0,
            "med": 0,
            "max": 2.685092,
            "p(90)": 0,
            "p(95)": 0
        },
        "http_req_failed": {
            "passes": 0,
            "fails": 59543,
            "value": 0
        },
        "http_req_duration{expected_response:true}": {
            "avg": 251.80731697845377,
            "min": 121.06433,
            "med": 249.065428,
            "max": 539.9565,
            "p(90)": 276.38331139999997,
            "p(95)": 287.3835520999999
        },
        "iteration_duration": {
            "avg": 252.0137715230514,
            "min": 123.316105,
            "med": 249.261354,
            "max": 540.151344,
            "p(90)": 276.6112456,
            "p(95)": 287.5955638
        },
        "data_sent": {
            "count": 27151608,
            "rate": 90437.70335485582
        },
        "vus": {
            "value": 50,
            "min": 50,
            "max": 50
        },
        "http_req_sending": {
            "min": 0.006339,
            "med": 0.017297,
            "max": 19.971704,
            "p(90)": 0.028698800000000003,
            "p(95)": 0.03675249999999997,
            "avg": 0.03119997395159783
        },
        "vus_max": {
            "value": 50,
            "min": 50,
            "max": 50
        }
    }
}