{
    "metrics": {
        "vus": {
            "min": 50,
            "max": 50,
            "value": 50
        },
        "data_sent": {
            "count": 27433872,
            "rate": 91394.81454671721
        },
        "iteration_duration": {
            "avg": 249.3830144687486,
            "min": 58.226363,
            "med": 247.47036100000003,
            "max": 732.123194,
            "p(90)": 271.99564319999996,
            "p(95)": 280.7410799
        },
        "iterations": {
            "count": 60162,
            "rate": 200.4272248831518
        },
        "vus_max": {
            "max": 50,
            "value": 50,
            "min": 50
        },
        "http_req_duration{expected_response:true}": {
            "p(95)": 280.53057329999996,
            "avg": 249.17270909356074,
            "min": 56.317309,
            "med": 247.258372,
            "max": 731.174358,
            "p(90)": 271.7821372
        },
        "checks": {
            "passes": 120315,
            "fails": 9,
            "value": 0.9999252019547222
        },
        "http_req_duration": {
            "p(95)": 280.53057329999996,
            "avg": 249.17270909356074,
            "min": 56.317309,
            "med": 247.258372,
            "max": 731.174358,
            "p(90)": 271.7821372
        },
        "http_req_connecting": {
            "avg": 0.0009136424320999967,
            "min": 0,
            "med": 0,
            "max": 1.971825,
            "p(90)": 0,
            "p(95)": 0
        },
        "http_req_failed": {
            "passes": 0,
            "fails": 60162,
            "value": 0
        },
        "http_req_receiving": {
            "med": 0.088219,
            "max": 17.956876,
            "p(90)": 0.1336639,
            "p(95)": 0.14697934999999995,
            "avg": 0.11582994735879705,
            "min": 0.030288
        },
        "http_req_tls_handshaking": {
            "p(95)": 0,
            "avg": 0,
            "min": 0,
            "med": 0,
            "max": 0,
            "p(90)": 0
        },
        "data_received": {
            "count": 321860336,
            "rate": 1072264.451721
        },
        "http_req_blocked": {
            "avg": 0.006802507413317417,
            "min": 0.00221,
            "med": 0.00512,
            "max": 4.043581,
            "p(90)": 0.006436,
            "p(95)": 0.007074
        },
        "http_req_sending": {
            "p(90)": 0.030285,
            "p(95)": 0.03906084999999999,
            "avg": 0.03213749242046452,
            "min": 0.007387,
            "med": 0.017619,
            "max": 23.988054
        },
        "http_req_waiting": {
            "p(95)": 280.35741344999997,
            "avg": 249.02474165378393,
            "min": 56.012791,
            "med": 247.1146295,
            "max": 730.78893,
            "p(90)": 271.58955710000004
        },
        "http_reqs": {
            "count": 60162,
            "rate": 200.4272248831518
        }
    },
    "root_group": {
        "checks": {
            "order retrieved": {
                "id": "ee2cdaec02f70b2be26a047383b1c3bd",
                "passes": 60162,
                "fails": 0,
                "name": "order retrieved",
                "path": "::order retrieved"
            },
            "response time < 500ms": {
                "passes": 60153,
                "fails": 9,
                "name": "response time < 500ms",
                "path": "::response time < 500ms",
                "id": "3e02485a995423a591645f4eee6c60eb"
            }
        },
        "name": "",
        "path": "",
        "id": "d41d8cd98f00b204e9800998ecf8427e",
        "groups": {}
    }
}