{
    "metrics": {
        "data_received": {
            "rate": 924068.0978390285,
            "count": 277574585
        },
        "http_req_waiting": {
            "max": 3953.092279,
            "p(90)": 623.091898,
            "p(95)": 641.9031755,
            "avg": 578.5640821599789,
            "min": 38.768981,
            "med": 574.692211
        },
        "data_sent": {
            "count": 23644056,
            "rate": 78712.96233089735
        },
        "http_req_sending": {
            "avg": 0.030884609515727985,
            "min": 0.006983,
            "med": 0.017525,
            "max": 12.144181,
            "p(90)": 0.029736,
            "p(95)": 0.038779999999999995
        },
        "iterations": {
            "count": 51851,
            "rate": 172.61614546249422
        },
        "http_req_connecting": {
            "avg": 0.00045074519295674125,
            "min": 0,
            "med": 0,
            "max": 0.866057,
            "p(90)": 0,
            "p(95)": 0
        },
        "iteration_duration": {
            "p(95)": 642.3086885,
            "avg": 578.9711410259865,
            "min": 39.461659,
            "med": 575.111485,
            "max": 3953.841708,
            "p(90)": 623.490548
        },
        "http_req_tls_handshaking": {
            "p(90)": 0,
            "p(95)": 0,
            "avg": 0,
            "min": 0,
            "med": 0,
            "max": 0
        },
        "vus": {
            "min": 100,
            "max": 100,
            "value": 100
        },
        "http_reqs": {
            "rate": 172.61614546249422,
            "count": 51851
        },
        "http_req_receiving": {
            "p(95)": 0.24128899999999998,
            "avg": 0.14396541692542061,
            "min": 0.029415,
            "med": 0.095207,
            "max": 22.14381,
            "p(90)": 0.14293
        },
        "http_req_blocked": {
            "avg": 0.007551278046710749,
            "min": 0.002087,
            "med": 0.005323,
            "max": 25.924653,
            "p(90)": 0.006779,
            "p(95)": 0.0076945
        },
        "http_req_duration": {
            "med": 574.873992,
            "max": 3953.355303,
            "p(90)": 623.24251,
            "p(95)": 642.0537455,
            "avg": 578.7389321864188,
            "min": 38.984813
        },
        "vus_max": {
            "value": 100,
            "min": 100,
            "max": 100
        },
        "checks": {
            "passes": 52800,
            "fails": 50902,
            "value": 0.5091512217700719
        },
        "http_req_duration{expected_response:true}": {
            "min": 38.984813,
            "med": 574.873992,
            "max": 3953.355303,
            "p(90)": 623.24251,
            "p(95)": 642.0537455,
            "avg": 578.7389321864188
        },
        "http_req_failed": {
            "passes": 0,
            "fails": 51851,
            "value": 0
        }
    },
    "root_group": {
        "groups": {},
        "checks": {
                "order retrieved": {
                    "passes": 51851,
                    "fails": 0,
                    "name": "order retrieved",
                    "path": "::order retrieved",
                    "id": "ee2cdaec02f70b2be26a047383b1c3bd"
                },
                "response time < 500ms": {
                    "path": "::response time < 500ms",
                    "id": "3e02485a995423a591645f4eee6c60eb",
                    "passes": 949,
                    "fails": 50902,
                    "name": "response time < 500ms"
                }
            },
        "name": "",
        "path": "",
        "id": "d41d8cd98f00b204e9800998ecf8427e"
    }
}