{
    "metrics": {
        "http_req_tls_handshaking": {
            "avg": 0,
            "min": 0,
            "med": 0,
            "max": 0,
            "p(90)": 0,
            "p(95)": 0
        },
        "vus": {
            "max": 200,
            "value": 200,
            "min": 200
        },
        "vus_max": {
            "value": 200,
            "min": 200,
            "max": 200
        },
        "http_req_duration{expected_response:true}": {
            "min": 58.970273,
            "med": 1157.2843505,
            "max": 7802.95115,
            "p(90)": 1219.8207054000002,
            "p(95)": 1238.6117409,
            "avg": 1159.5123663653724
        },
        "http_req_receiving": {
            "avg": 0.14003394496121074,
            "min": 0.029568,
            "med": 0.0955925,
            "max": 21.989341,
            "p(90)": 0.14451760000000002,
            "p(95)": 0.22626394999999874
        },
        "iteration_duration": {
            "p(90)": 1220.0744022000001,
            "p(95)": 1238.8633093499998,
            "avg": 1159.747799003146,
            "min": 60.842932,
            "med": 1157.521745,
            "max": 7803.318145
        },
        "http_req_duration": {
            "p(90)": 1219.8207054000002,
            "p(95)": 1238.6117409,
            "avg": 1159.5123663653724,
            "min": 58.970273,
            "med": 1157.2843505,
            "max": 7802.95115
        },
        "http_req_connecting": {
            "avg": 0.0006000509282488714,
            "min": 0,
            "med": 0,
            "max": 1.034149,
            "p(90)": 0,
            "p(95)": 0
        },
        "http_req_waiting": {
            "med": 1157.117616,
            "max": 7802.837241,
            "p(90)": 1219.6124018,
            "p(95)": 1238.43245315,
            "avg": 1159.3414029812632,
            "min": 56.435792
        },
        "checks": {
            "passes": 52385,
            "fails": 51251,
            "value": 0.5054710718283222
        },
        "iterations": {
            "count": 51818,
            "rate": 172.23788016407158
        },
        "http_req_sending": {
            "p(95)": 0.04049044999999998,
            "avg": 0.030929439152417762,
            "min": 0.006756,
            "med": 0.018069,
            "max": 13.279024,
            "p(90)": 0.0311283
        },
        "data_received": {
            "count": 277397690,
            "rate": 922042.3421978903
        },
        "http_reqs": {
            "count": 51818,
            "rate": 172.23788016407158
        },
        "data_sent": {
            "count": 23629008,
            "rate": 78540.47335481664
        },
        "http_req_blocked": {
            "p(90)": 0.007005,
            "p(95)": 0.007986149999999994,
            "avg": 0.008429441641900513,
            "min": 0.002029,
            "med": 0.005395499999999999,
            "max": 18.333058
        },
        "http_req_failed": {
            "passes": 0,
            "fails": 51818,
            "value": 0
        }
    },
    "root_group": {
        "name": "",
        "path": "",
        "id": "d41d8cd98f00b204e9800998ecf8427e",
        "groups": {},
        "checks": {
                "order retrieved": {
                    "passes": 51818,
                    "fails": 0,
                    "name": "order retrieved",
                    "path": "::order retrieved",
                    "id": "ee2cdaec02f70b2be26a047383b1c3bd"
                },
                "response time < 500ms": {
                    "passes": 567,
                    "fails": 51251,
                    "name": "response time < 500ms",
                    "path": "::response time < 500ms",
                    "id": "3e02485a995423a591645f4eee6c60eb"
                }
            }
    }
}