{
    "metrics": {
        "http_req_tls_handshaking": {
            "p(90)": 0,
            "p(95)": 0,
            "avg": 0,
            "min": 0,
            "med": 0,
            "max": 0
        },
        "http_reqs": {
            "rate": 196.7952084545913,
            "count": 59074
        },
        "http_req_failed": {
            "passes": 0,
            "fails": 59074,
            "value": 0
        },
        "http_req_receiving": {
            "avg": 0.12401480028438984,
            "min": 0.02683,
            "med": 0.0891525,
            "max": 20.129505,
            "p(90)": 0.13467310000000002,
            "p(95)": 0.1525847499999999
        },
        "http_req_blocked": {
            "p(90)": 0.006467,
            "p(95)": 0.00715,
            "avg": 0.007191173883603664,
            "min": 0.001807,
            "med": 0.005163,
            "max": 7.020557
        },
        "http_req_duration": {
            "max": 878.414841,
            "p(90)": 278.58958459999997,
            "p(95)": 294.40504204999996,
            "avg": 253.76451063952214,
            "min": 34.778594,
            "med": 248.824182
        },
        "http_req_connecting": {
            "avg": 0.0003524145647831534,
            "min": 0,
            "med": 0,
            "max": 1.68012,
            "p(90)": 0,
            "p(95)": 0
        },
        "vus": {
            "value": 50,
            "min": 50,
            "max": 50
        },
        "http_req_duration{expected_response:true}": {
            "min": 34.778594,
            "med": 248.824182,
            "max": 878.414841,
            "p(90)": 278.58958459999997,
            "p(95)": 294.40504204999996,
            "avg": 253.76451063952214
        },
        "vus_max": {
            "value": 50,
            "min": 50,
            "max": 50
        },
        "http_req_waiting": {
            "avg": 253.61012377817482,
            "min": 34.539596,
            "med": 248.6779345,
            "max": 878.321251,
            "p(90)": 278.437372,
            "p(95)": 294.24393665
        },
        "checks": {
            "passes": 118127,
            "fails": 21,
            "value": 0.999822256830416
        },
        "iteration_duration": {
            "avg": 253.98188016359234,
            "min": 36.837106,
            "med": 249.0366725,
            "max": 878.738087,
            "p(90)": 278.8247844,
            "p(95)": 294.63204005
        },
        "http_req_sending": {
            "avg": 0.030372061059010875,
            "min": 0.006105,
            "med": 0.0174785,
            "max": 19.462598,
            "p(90)": 0.03012390000000003,
            "p(95)": 0.039094699999999996
        },
        "data_sent": {
            "rate": 89738.61505529363,
            "count": 26937744
        },
        "data_received": {
            "count": 316041540,
            "rate": 1052839.8406170236
        },
        "iterations": {
            "count": 59074,
            "rate": 196.7952084545913
        }
    },
    "root_group": {
        "name": "",
        "path": "",
        "id": "d41d8cd98f00b204e9800998ecf8427e",
        "groups": {},
        "checks": {
                "order retrieved": {
                    "path": "::order retrieved",
                    "id": "ee2cdaec02f70b2be26a047383b1c3bd",
                    "passes": 59074,
                    "fails": 0,
                    "name": "order retrieved"
                },
                "response time < 500ms": {
                    "name": "response time < 500ms",
                    "path": "::response time < 500ms",
                    "id": "3e02485a995423a591645f4eee6c60eb",
                    "passes": 59053,
                    "fails": 21
                }
            }
    }
}