{
    "root_group": {
        "name": "",
        "path": "",
        "id": "d41d8cd98f00b204e9800998ecf8427e",
        "groups": {},
        "checks": {
                "login successful": {
                    "name": "login successful",
                    "path": "::login successful",
                    "id": "72410831cb1258cbc9a2391f92e33c94",
                    "passes": 17798,
                    "fails": 0
                },
                "response time < 500ms": {
                    "name": "response time < 500ms",
                    "path": "::response time < 500ms",
                    "id": "3e02485a995423a591645f4eee6c60eb",
                    "passes": 25,
                    "fails": 17773
                }
            }
    },
    "metrics": {
        "http_req_tls_handshaking": {
            "avg": 0,
            "min": 0,
            "med": 0,
            "max": 0,
            "p(90)": 0,
            "p(95)": 0
        },
        "http_req_receiving": {
            "p(90)": 0.09589290000000002,
            "p(95)": 0.10205559999999995,
            "avg": 0.08606387374985913,
            "min": 0.034981,
            "med": 0.0842305,
            "max": 2.936459
        },
        "iteration_duration": {
            "min": 91.146772,
            "med": 844.8921760000001,
            "max": 998.700614,
            "p(90)": 866.9809332,
            "p(95)": 872.8257128,
            "avg": 843.98702109299
        },
        "data_received": {
            "count": 22496672,
            "rate": 74778.7640705938
        },
        "vus_max": {
            "value": 50,
            "min": 50,
            "max": 50
        },
        "http_req_duration": {
            "avg": 843.8033392849724,
            "min": 90.348528,
            "med": 844.7141595,
            "max": 998.300426,
            "p(90)": 866.782557,
            "p(95)": 872.6422966499999
        },
        "vus": {
            "value": 50,
            "min": 50,
            "max": 50
        },
        "http_req_failed": {
            "passes": 0,
            "fails": 17798,
            "value": 0
        },
        "http_reqs": {
            "count": 17798,
            "rate": 59.16041461281155
        },
        "http_req_blocked": {
            "avg": 0.006434864254410591,
            "min": 0.002655,
            "med": 0.005145,
            "max": 1.163277,
            "p(90)": 0.005921300000000001,
            "p(95)": 0.0063931499999999985
        },
        "http_req_duration{expected_response:true}": {
            "min": 90.348528,
            "med": 844.7141595,
            "max": 998.300426,
            "p(90)": 866.782557,
            "p(95)": 872.6422966499999,
            "avg": 843.8033392849724
        },
        "checks": {
            "passes": 17823,
            "fails": 17773,
            "value": 0.5007023261040566
        },
        "iterations": {
            "rate": 59.16041461281155,
            "count": 17798
        },
        "http_req_connecting": {
            "min": 0,
            "med": 0,
            "max": 1.104718,
            "p(90)": 0,
            "p(95)": 0,
            "avg": 0.0008607200247218788
        },
        "http_req_sending": {
            "avg": 0.022882890886616516,
            "min": 0.009558,
            "med": 0.021744,
            "max": 2.346658,
            "p(90)": 0.024354300000000002,
            "p(95)": 0.02800054999999996
        },
        "http_req_waiting": {
            "p(95)": 872.5197956,
            "avg": 843.694392520345,
            "min": 90.141201,
            "med": 844.605622,
            "max": 998.068288,
            "p(90)": 866.679985
        },
        "data_sent": {
            "count": 3221438,
            "rate": 10708.03504491889
        }
    }
}