{
    "root_group": {
        "checks": {
            "login successful": {
                "fails": 0,
                "name": "login successful",
                "path": "::login successful",
                "id": "72410831cb1258cbc9a2391f92e33c94",
                "passes": 17794
            },
            "response time < 500ms": {
                "path": "::response time < 500ms",
                "id": "3e02485a995423a591645f4eee6c60eb",
                "passes": 17794,
                "fails": 0,
                "name": "response time < 500ms"
            }
        },
        "name": "",
        "path": "",
        "id": "d41d8cd98f00b204e9800998ecf8427e",
        "groups": {}
    },
    "metrics": {
        "http_req_connecting": {
            "avg": 0.00006435652467123749,
            "min": 0,
            "med": 0,
            "max": 0.218752,
            "p(90)": 0,
            "p(95)": 0
        },
        "http_reqs": {
            "count": 17794,
            "rate": 59.27739486555608
        },
        "http_req_duration": {
            "avg": 168.45104930229357,
            "min": 76.507622,
            "med": 168.49983550000002,
            "max": 228.134382,
            "p(90)": 188.946597,
            "p(95)": 192.8292662
        },
        "checks": {
            "passes": 35588,
            "fails": 0,
            "value": 1
        },
        "http_req_duration{expected_response:true}": {
            "avg": 168.45104930229357,
            "min": 76.507622,
            "med": 168.49983550000002,
            "max": 228.134382,
            "p(90)": 188.946597,
            "p(95)": 192.8292662
        },
        "http_req_failed": {
            "passes": 0,
            "fails": 17794,
            "value": 0
        },
        "iterations": {
            "count": 17794,
            "rate": 59.27739486555608
        },
        "http_req_receiving": {
            "p(95)": 0.10183224999999999,
            "avg": 0.08734417702596353,
            "min": 0.040956,
            "med": 0.083677,
            "max": 4.568403,
            "p(90)": 0.0955957
        },
        "data_sent": {
            "count": 3220714,
            "rate": 10729.208470665651
        },
        "data_received": {
            "count": 22491616,
            "rate": 74926.6271100629
        },
        "http_req_blocked": {
            "avg": 0.0054904173316848584,
            "min": 0.002655,
            "med": 0.005121,
            "max": 1.02564,
            "p(90)": 0.005838,
            "p(95)": 0.006306
        },
        "http_req_tls_handshaking": {
            "avg": 0,
            "min": 0,
            "med": 0,
            "max": 0,
            "p(90)": 0,
            "p(95)": 0
        },
        "vus": {
            "value": 10,
            "min": 10,
            "max": 10
        },
        "http_req_waiting": {
            "min": 76.198686,
            "med": 168.39047399999998,
            "max": 228.021667,
            "p(90)": 188.8324044,
            "p(95)": 192.7200287,
            "avg": 168.33908467438536
        },
        "vus_max": {
            "value": 10,
            "min": 10,
            "max": 10
        },
        "http_req_sending": {
            "avg": 0.024620450882319893,
            "min": 0.010222,
            "med": 0.021864500000000002,
            "max": 4.097796,
            "p(90)": 0.0244854,
            "p(95)": 0.02835235
        },
        "iteration_duration": {
            "avg": 168.63388768202833,
            "min": 77.216059,
            "med": 168.70227549999998,
            "max": 228.3203,
            "p(90)": 189.1320628,
            "p(95)": 193.00794864999997
        }
    }
}