{
    "root_group": {
        "name": "",
        "path": "",
        "id": "d41d8cd98f00b204e9800998ecf8427e",
        "groups": {},
        "checks": {
                "login successful": {
                    "id": "72410831cb1258cbc9a2391f92e33c94",
                    "passes": 17592,
                    "fails": 0,
                    "name": "login successful",
                    "path": "::login successful"
                },
                "response time < 500ms": {
                    "path": "::response time < 500ms",
                    "id": "3e02485a995423a591645f4eee6c60eb",
                    "passes": 28,
                    "fails": 17564,
                    "name": "response time < 500ms"
                }
            }
    },
    "metrics": {
        "http_req_failed": {
            "passes": 0,
            "fails": 17592,
            "value": 0
        },
        "iteration_duration": {
            "max": 1866.411383,
            "p(90)": 1757.3337221000002,
            "p(95)": 1775.75231025,
            "avg": 1710.0939239341772,
            "min": 89.134714,
            "med": 1717.1963030000002
        },
        "http_req_duration{expected_response:true}": {
            "med": 1717.0228825,
            "max": 1866.24836,
            "p(90)": 1757.1572343,
            "p(95)": 1775.56162645,
            "avg": 1709.9123791189722,
            "min": 88.351853
        },
        "http_req_waiting": {
            "avg": 1709.8030567074172,
            "min": 88.148372,
            "med": 1716.915123,
            "max": 1866.140928,
            "p(90)": 1757.0425926,
            "p(95)": 1775.40479595
        },
        "data_received": {
            "count": 22236288,
            "rate": 73705.78145995202
        },
        "http_req_tls_handshaking": {
            "p(90)": 0,
            "p(95)": 0,
            "avg": 0,
            "min": 0,
            "med": 0,
            "max": 0
        },
        "http_req_receiving": {
            "avg": 0.08533244020009124,
            "min": 0.039868,
            "med": 0.081878,
            "max": 6.787697,
            "p(90)": 0.0963026,
            "p(95)": 0.10383935000000002
        },
        "checks": {
            "passes": 17620,
            "fails": 17564,
            "value": 0.5007958162801274
        },
        "data_sent": {
            "count": 3184152,
            "rate": 10554.388009692497
        },
        "http_req_blocked": {
            "avg": 0.0068428718735788875,
            "min": 0.00258,
            "med": 0.005010499999999999,
            "max": 1.695826,
            "p(90)": 0.005948,
            "p(95)": 0.006483450000000001
        },
        "vus": {
            "value": 42,
            "min": 42,
            "max": 100
        },
        "http_req_duration": {
            "med": 1717.0228825,
            "max": 1866.24836,
            "p(90)": 1757.1572343,
            "p(95)": 1775.56162645,
            "avg": 1709.9123791189722,
            "min": 88.351853
        },
        "http_req_connecting": {
            "p(95)": 0,
            "avg": 0.0013143199181446111,
            "min": 0,
            "med": 0,
            "max": 1.666755,
            "p(90)": 0
        },
        "http_req_sending": {
            "p(90)": 0.024983699999999998,
            "p(95)": 0.028807050000000008,
            "avg": 0.02398997135061388,
            "min": 0.009845,
            "med": 0.021426,
            "max": 6.232842
        },
        "http_reqs": {
            "count": 17592,
            "rate": 58.31153596515191
        },
        "iterations": {
            "count": 17592,
            "rate": 58.31153596515191
        },
        "vus_max": {
            "max": 100,
            "value": 100,
            "min": 100
        }
    }
}