{
    "metrics": {
        "data_sent": {
            "rate": 10723.781120558624,
            "count": 3234651
        },
        "iterations": {
            "count": 17871,
            "rate": 59.24740950584875
        },
        "http_req_failed": {
            "passes": 0,
            "fails": 17871,
            "value": 0
        },
        "data_received": {
            "count": 22588944,
            "rate": 74888.72561539282
        },
        "http_req_connecting": {
            "p(95)": 0,
            "avg": 0.0031099174080913205,
            "min": 0,
            "med": 0,
            "max": 2.949453,
            "p(90)": 0
        },
        "vus_max": {
            "min": 100,
            "max": 100,
            "value": 100
        },
        "http_req_duration{expected_response:true}": {
            "p(90)": 1706.982567,
            "p(95)": 1715.2184615,
            "avg": 1683.087723822844,
            "min": 121.453381,
            "med": 1688.416829,
            "max": 1883.681872
        },
        "http_req_tls_handshaking": {
            "avg": 0,
            "min": 0,
            "med": 0,
            "max": 0,
            "p(90)": 0,
            "p(95)": 0
        },
        "http_req_waiting": {
            "avg": 1682.9760483712735,
            "min": 120.618185,
            "med": 1688.302586,
            "max": 1883.546987,
            "p(90)": 1706.886557,
            "p(95)": 1715.1019864999998
        },
        "vus": {
            "value": 40,
            "min": 40,
            "max": 100
        },
        "http_req_duration": {
            "min": 121.453381,
            "med": 1688.416829,
            "max": 1883.681872,
            "p(90)": 1706.982567,
            "p(95)": 1715.2184615,
            "avg": 1683.087723822844
        },
        "http_reqs": {
            "count": 17871,
            "rate": 59.24740950584875
        },
        "http_req_blocked": {
            "avg": 0.008920599071120838,
            "min": 0.002312,
            "med": 0.005114,
            "max": 3.001468,
            "p(90)": 0.00594,
            "p(95)": 0.0064765
        },
        "checks": {
            "passes": 17895,
            "fails": 17847,
            "value": 0.5006714789323485
        },
        "iteration_duration": {
            "min": 124.049987,
            "med": 1688.602692,
            "max": 1884.12585,
            "p(90)": 1707.171023,
            "p(95)": 1715.4013974999998,
            "avg": 1683.2742466136722
        },
        "http_req_sending": {
            "avg": 0.025514290638464512,
            "min": 0.008233,
            "med": 0.021798,
            "max": 4.793875,
            "p(90)": 0.02486,
            "p(95)": 0.029009
        },
        "http_req_receiving": {
            "p(90)": 0.096473,
            "p(95)": 0.1027315,
            "avg": 0.08616116093111706,
            "min": 0.035671,
            "med": 0.08412,
            "max": 5.521407
        }
    },
    "root_group": {
        "groups": {},
        "checks": {
                "login successful": {
                    "id": "72410831cb1258cbc9a2391f92e33c94",
                    "passes": 17871,
                    "fails": 0,
                    "name": "login successful",
                    "path": "::login successful"
                },
                "response time < 500ms": {
                    "name": "response time < 500ms",
                    "path": "::response time < 500ms",
                    "id": "3e02485a995423a591645f4eee6c60eb",
                    "passes": 24,
                    "fails": 17847
                }
            },
        "name": "",
        "path": "",
        "id": "d41d8cd98f00b204e9800998ecf8427e"
    }
}