{
    "root_group": {
        "id": "d41d8cd98f00b204e9800998ecf8427e",
        "groups": {},
        "checks": {
                "login successful": {
                    "name": "login successful",
                    "path": "::login successful",
                    "id": "72410831cb1258cbc9a2391f92e33c94",
                    "passes": 17817,
                    "fails": 0
                },
                "response time < 500ms": {
                    "name": "response time < 500ms",
                    "path": "::response time < 500ms",
                    "id": "3e02485a995423a591645f4eee6c60eb",
                    "passes": 26,
                    "fails": 17791
                }
            },
        "name": "",
        "path": ""
    },
    "metrics": {
        "http_req_tls_handshaking": {
            "p(95)": 0,
            "avg": 0,
            "min": 0,
            "med": 0,
            "max": 0,
            "p(90)": 0
        },
        "http_req_blocked": {
            "p(95)": 0.006396400000000001,
            "avg": 0.008402298703485453,
            "min": 0.002664,
            "med": 0.005123,
            "max": 2.21275,
            "p(90)": 0.005912
        },
        "vus": {
            "value": 50,
            "min": 50,
            "max": 50
        },
        "http_reqs": {
            "count": 17817,
            "rate": 59.22558993705024
        },
        "http_req_duration{expected_response:true}": {
            "min": 90.921083,
            "med": 844.370719,
            "max": 963.626983,
            "p(90)": 864.5062591999999,
            "p(95)": 870.2124064000001,
            "avg": 842.859871746198
        },
        "http_req_sending": {
            "max": 3.42483,
            "p(90)": 0.024793,
            "p(95)": 0.028861200000000004,
            "avg": 0.023865772127743136,
            "min": 0.010011,
            "med": 0.022024
        },
        "http_req_receiving": {
            "p(90)": 0.0956928,
            "p(95)": 0.1019622,
            "avg": 0.085964728742212,
            "min": 0.03655,
            "med": 0.08383,
            "max": 5.707932
        },
        "checks": {
            "passes": 17843,
            "fails": 17791,
            "value": 0.5007296402312398
        },
        "vus_max": {
            "max": 50,
            "value": 50,
            "min": 50
        },
        "http_req_connecting": {
            "avg": 0.0027344800471459834,
            "min": 0,
            "med": 0,
            "max": 1.902554,
            "p(90)": 0,
            "p(95)": 0
        },
        "http_req_failed": {
            "passes": 0,
            "fails": 17817,
            "value": 0
        },
        "http_req_waiting": {
            "p(90)": 864.3928341999999,
            "p(95)": 870.1011752,
            "avg": 842.750041245331,
            "min": 90.548519,
            "med": 844.258897,
            "max": 963.134114
        },
        "iteration_duration": {
            "p(90)": 864.6937869999999,
            "p(95)": 870.3969272,
            "avg": 843.0439980459137,
            "min": 92.806561,
            "med": 844.543429,
            "max": 964.398098
        },
        "iterations": {
            "count": 17817,
            "rate": 59.22558993705024
        },
        "data_sent": {
            "count": 3224877,
            "rate": 10719.831778606092
        },
        "data_received": {
            "count": 22520688,
            "rate": 74861.1456804315
        },
        "http_req_duration": {
            "p(90)": 864.5062591999999,
            "p(95)": 870.2124064000001,
            "avg": 842.859871746198,
            "min": 90.921083,
            "med": 844.370719,
            "max": 963.626983
        }
    }
}