{
    "root_group": {
        "name": "",
        "path": "",
        "id": "d41d8cd98f00b204e9800998ecf8427e",
        "groups": {},
        "checks": {
                "login successful": {
                    "passes": 17905,
                    "fails": 0,
                    "name": "login successful",
                    "path": "::login successful",
                    "id": "72410831cb1258cbc9a2391f92e33c94"
                },
                "response time < 500ms": {
                    "passes": 17905,
                    "fails": 0,
                    "name": "response time < 500ms",
                    "path": "::response time < 500ms",
                    "id": "3e02485a995423a591645f4eee6c60eb"
                }
            }
    },
    "metrics": {
        "iteration_duration": {
            "avg": 167.58714597749335,
            "min": 75.368815,
            "med": 167.534576,
            "max": 215.67801,
            "p(90)": 189.3895278,
            "p(95)": 192.3905192
        },
        "http_req_blocked": {
            "med": 0.004753,
            "max": 1.216329,
            "p(90)": 0.0056306,
            "p(95)": 0.0060588,
            "avg": 0.005268008656799757,
            "min": 0.002579
        },
        "http_req_tls_handshaking": {
            "min": 0,
            "med": 0,
            "max": 0,
            "p(90)": 0,
            "p(95)": 0,
            "avg": 0
        },
        "checks": {
            "passes": 35810,
            "fails": 0,
            "value": 1
        },
        "data_received": {
            "count": 22631920,
            "rate": 75394.45649630594
        },
        "http_req_waiting": {
            "max": 215.469153,
            "p(90)": 189.1001896,
            "p(95)": 192.100022,
            "avg": 167.30976743965402,
            "min": 74.271718,
            "med": 167.268866
        },
        "vus": {
            "max": 10,
            "value": 10,
            "min": 10
        },
        "vus_max": {
            "min": 10,
            "max": 10,
            "value": 10
        },
        "http_req_connecting": {
            "avg": 0.00007942708740575258,
            "min": 0,
            "med": 0,
            "max": 0.228972,
            "p(90)": 0,
            "p(95)": 0
        },
        "http_reqs": {
            "count": 17905,
            "rate": 59.647513050874956
        },
        "http_req_sending": {
            "p(95)": 0.027545399999999994,
            "avg": 0.02299594593688919,
            "min": 0.009949,
            "med": 0.020909,
            "max": 2.510192,
            "p(90)": 0.024084
        },
        "http_req_duration{expected_response:true}": {
            "min": 74.553601,
            "med": 167.364478,
            "max": 215.549977,
            "p(90)": 189.2080966,
            "p(95)": 192.2074578,
            "avg": 167.41376509740235
        },
        "http_req_receiving": {
            "min": 0.039788,
            "med": 0.077189,
            "max": 2.925726,
            "p(90)": 0.0917762,
            "p(95)": 0.0985992,
            "avg": 0.08100171181234342
        },
        "data_sent": {
            "rate": 10796.199862208367,
            "count": 3240805
        },
        "http_req_failed": {
            "passes": 0,
            "fails": 17905,
            "value": 0
        },
        "http_req_duration": {
            "avg": 167.41376509740235,
            "min": 74.553601,
            "med": 167.364478,
            "max": 215.549977,
            "p(90)": 189.2080966,
            "p(95)": 192.2074578
        },
        "iterations": {
            "count": 17905,
            "rate": 59.647513050874956
        }
    }
}