{
    "root_group": {
        "path": "",
        "id": "d41d8cd98f00b204e9800998ecf8427e",
        "groups": {},
        "checks": {
                "login successful": {
                    "passes": 17242,
                    "fails": 0,
                    "name": "login successful",
                    "path": "::login successful",
                    "id": "72410831cb1258cbc9a2391f92e33c94"
                },
                "response time < 500ms": {
                    "passes": 28,
                    "fails": 17214,
                    "name": "response time < 500ms",
                    "path": "::response time < 500ms",
                    "id": "3e02485a995423a591645f4eee6c60eb"
                }
            },
        "name": ""
    },
    "metrics": {
        "iteration_duration": {
            "min": 92.255884,
            "med": 1734.3347965,
            "max": 2190.674078,
            "p(90)": 1807.2163882,
            "p(95)": 1858.02525215,
            "avg": 1744.8744788760575
        },
        "http_req_waiting": {
            "max": 2190.285606,
            "p(90)": 1806.9185814,
            "p(95)": 1857.5404451499999,
            "avg": 1744.5621772344837,
            "min": 88.665794,
            "med": 1734.0515915
        },
        "checks": {
            "passes": 17270,
            "fails": 17214,
            "value": 0.5008119707690523
        },
        "data_sent": {
            "count": 3120802,
            "rate": 10343.767453150596
        },
        "vus_max": {
            "value": 100,
            "min": 100,
            "max": 100
        },
        "vus": {
            "value": 43,
            "min": 43,
            "max": 100
        },
        "http_req_sending": {
            "p(90)": 0.0261559,
            "p(95)": 0.030363849999999994,
            "avg": 0.02748900962765333,
            "min": 0.010371,
            "med": 0.021919,
            "max": 7.8645
        },
        "http_reqs": {
            "count": 17242,
            "rate": 57.14788648149501
        },
        "http_req_duration{expected_response:true}": {
            "avg": 1744.6801978914311,
            "min": 89.635404,
            "med": 1734.148298,
            "max": 2190.41513,
            "p(90)": 1807.0361158,
            "p(95)": 1857.7988946499997
        },
        "data_received": {
            "count": 21793888,
            "rate": 72234.9285126097
        },
        "iterations": {
            "rate": 57.14788648149501,
            "count": 17242
        },
        "http_req_duration": {
            "avg": 1744.6801978914311,
            "min": 89.635404,
            "med": 1734.148298,
            "max": 2190.41513,
            "p(90)": 1807.0361158,
            "p(95)": 1857.7988946499997
        },
        "http_req_connecting": {
            "max": 3.590611,
            "p(90)": 0,
            "p(95)": 0,
            "avg": 0.003850058693887018,
            "min": 0,
            "med": 0
        },
        "http_req_tls_handshaking": {
            "max": 0,
            "p(90)": 0,
            "p(95)": 0,
            "avg": 0,
            "min": 0,
            "med": 0
        },
        "http_req_receiving": {
            "p(90)": 0.1005652,
            "p(95)": 0.11057974999999994,
            "avg": 0.09053164731469673,
            "min": 0.037439,
            "med": 0.083582,
            "max": 14.514625
        },
        "http_req_failed": {
            "passes": 0,
            "fails": 17242,
            "value": 0
        },
        "http_req_blocked": {
            "avg": 0.010028170049878243,
            "min": 0.002603,
            "med": 0.005075,
            "max": 4.87907,
            "p(90)": 0.006107,
            "p(95)": 0.006644
        }
    }
}