{
    "metrics": {
        "http_req_connecting": {
            "med": 0,
            "max": 1.297687,
            "p(90)": 0,
            "p(95)": 0,
            "avg": 0.00044505692875517275,
            "min": 0
        },
        "checks": {
            "passes": 35764,
            "fails": 0,
            "value": 1
        },
        "http_req_waiting": {
            "avg": 167.51759623431258,
            "min": 76.863419,
            "med": 167.6151935,
            "max": 219.148785,
            "p(90)": 188.4470049,
            "p(95)": 192.38229535000002
        },
        "data_received": {
            "count": 22602848,
            "rate": 75304.60818813914
        },
        "iteration_duration": {
            "min": 78.819758,
            "med": 167.891563,
            "max": 219.410384,
            "p(90)": 188.7161064,
            "p(95)": 192.67340135,
            "avg": 167.7938011224141
        },
        "http_req_blocked": {
            "p(90)": 0.00566,
            "p(95)": 0.00608995,
            "avg": 0.005739920646460104,
            "min": 0.002659,
            "med": 0.004757,
            "max": 1.560117
        },
        "http_req_failed": {
            "passes": 0,
            "fails": 17882,
            "value": 0
        },
        "vus": {
            "value": 10,
            "min": 10,
            "max": 10
        },
        "http_reqs": {
            "count": 17882,
            "rate": 59.57643052859109
        },
        "http_req_receiving": {
            "max": 4.006433,
            "p(90)": 0.0918096,
            "p(95)": 0.09905889999999999,
            "avg": 0.07959999904932374,
            "min": 0.039738,
            "med": 0.0764805
        },
        "iterations": {
            "count": 17882,
            "rate": 59.57643052859109
        },
        "http_req_duration{expected_response:true}": {
            "avg": 167.6207552174798,
            "min": 77.190669,
            "med": 167.71741350000002,
            "max": 219.250109,
            "p(90)": 188.5525003,
            "p(95)": 192.49580459999999
        },
        "data_sent": {
            "count": 3236642,
            "rate": 10783.333925674988
        },
        "http_req_duration": {
            "avg": 167.6207552174798,
            "min": 77.190669,
            "med": 167.71741350000002,
            "max": 219.250109,
            "p(90)": 188.5525003,
            "p(95)": 192.49580459999999
        },
        "vus_max": {
            "value": 10,
            "min": 10,
            "max": 10
        },
        "http_req_tls_handshaking": {
            "p(90)": 0,
            "p(95)": 0,
            "avg": 0,
            "min": 0,
            "med": 0,
            "max": 0
        },
        "http_req_sending": {
            "avg": 0.02355898411810776,
            "min": 0.009861,
            "med": 0.021004,
            "max": 4.703989,
            "p(90)": 0.024300799999999997,
            "p(95)": 0.028054850000000003
        }
    },
    "root_group": {
        "name": "",
        "path": "",
        "id": "d41d8cd98f00b204e9800998ecf8427e",
        "groups": {},
        "checks": {
                "login successful": {
                    "name": "login successful",
                    "path": "::login successful",
                    "id": "72410831cb1258cbc9a2391f92e33c94",
                    "passes": 17882,
                    "fails": 0
                },
                "response time < 500ms": {
                    "name": "response time < 500ms",
                    "path": "::response time < 500ms",
                    "id": "3e02485a995423a591645f4eee6c60eb",
                    "passes": 17882,
                    "fails": 0
                }
            }
    }
}