{
    "metrics": {
        "data_sent": {
            "count": 3085869,
            "rate": 10226.7850245392
        },
        "checks": {
            "passes": 17075,
            "fails": 17023,
            "value": 0.5007625080649891
        },
        "http_req_duration{expected_response:true}": {
            "min": 83.606273,
            "med": 1756.929247,
            "max": 2091.559134,
            "p(90)": 1848.11744,
            "p(95)": 1884.5408009999999,
            "avg": 1764.5667800506756
        },
        "http_req_receiving": {
            "max": 6.694374,
            "p(90)": 0.1064336,
            "p(95)": 0.1221168,
            "avg": 0.0970341877529469,
            "min": 0.037768,
            "med": 0.087957
        },
        "http_req_sending": {
            "med": 0.022408,
            "max": 5.227798,
            "p(90)": 0.027601200000000003,
            "p(95)": 0.03183839999999999,
            "avg": 0.029301973488180973,
            "min": 0.008423
        },
        "http_req_waiting": {
            "avg": 1764.440443889437,
            "min": 83.459802,
            "med": 1756.813638,
            "max": 2091.462564,
            "p(90)": 1847.9385034,
            "p(95)": 1884.4136799999999
        },
        "iterations": {
            "count": 17049,
            "rate": 56.50157472121105
        },
        "http_req_failed": {
            "passes": 0,
            "fails": 17049,
            "value": 0
        },
        "http_reqs": {
            "count": 17049,
            "rate": 56.50157472121105
        },
        "http_req_duration": {
            "avg": 1764.5667800506756,
            "min": 83.606273,
            "med": 1756.929247,
            "max": 2091.559134,
            "p(90)": 1848.11744,
            "p(95)": 1884.5408009999999
        },
        "http_req_connecting": {
            "avg": 0.00807686046102411,
            "min": 0,
            "med": 0,
            "max": 4.117398,
            "p(90)": 0,
            "p(95)": 0
        },
        "http_req_blocked": {
            "min": 0.002255,
            "med": 0.005272,
            "max": 6.302215,
            "p(90)": 0.006323,
            "p(95)": 0.006952,
            "avg": 0.01626776690714996
        },
        "vus_max": {
            "value": 100,
            "min": 100,
            "max": 100
        },
        "vus": {
            "max": 100,
            "value": 43,
            "min": 43
        },
        "iteration_duration": {
            "avg": 1764.7764694978619,
            "min": 86.792525,
            "med": 1757.125741,
            "max": 2091.70823,
            "p(90)": 1848.2824258,
            "p(95)": 1884.7516626
        },
        "data_received": {
            "count": 21549936,
            "rate": 71417.99044761078
        },
        "http_req_tls_handshaking": {
            "p(95)": 0,
            "avg": 0,
            "min": 0,
            "med": 0,
            "max": 0,
            "p(90)": 0
        }
    },
    "root_group": {
        "id": "d41d8cd98f00b204e9800998ecf8427e",
        "groups": {},
        "checks": {
                "login successful": {
                    "name": "login successful",
                    "path": "::login successful",
                    "id": "72410831cb1258cbc9a2391f92e33c94",
                    "passes": 17049,
                    "fails": 0
                },
                "response time < 500ms": {
                    "fails": 17023,
                    "name": "response time < 500ms",
                    "path": "::response time < 500ms",
                    "id": "3e02485a995423a591645f4eee6c60eb",
                    "passes": 26
                }
            },
        "name": "",
        "path": ""
    }
}