{
    "root_group": {
        "name": "",
        "path": "",
        "id": "d41d8cd98f00b204e9800998ecf8427e",
        "groups": {},
        "checks": {
                "login successful": {
                    "passes": 17868,
                    "fails": 0,
                    "name": "login successful",
                    "path": "::login successful",
                    "id": "72410831cb1258cbc9a2391f92e33c94"
                },
                "response time < 500ms": {
                    "path": "::response time < 500ms",
                    "id": "3e02485a995423a591645f4eee6c60eb",
                    "passes": 24,
                    "fails": 17844,
                    "name": "response time < 500ms"
                }
            }
    },
    "metrics": {
        "http_req_tls_handshaking": {
            "min": 0,
            "med": 0,
            "max": 0,
            "p(90)": 0,
            "p(95)": 0,
            "avg": 0
        },
        "http_req_duration{expected_response:true}": {
            "min": 95.696001,
            "med": 1687.6381675,
            "max": 1866.777205,
            "p(90)": 1707.3714107,
            "p(95)": 1717.5570902499999,
            "avg": 1683.4667024345226
        },
        "http_req_connecting": {
            "avg": 0.015472686590552943,
            "min": 0,
            "med": 0,
            "max": 4.607446,
            "p(90)": 0,
            "p(95)": 0
        },
        "data_sent": {
            "count": 3234108,
            "rate": 10721.42051864413
        },
        "iterations": {
            "count": 17868,
            "rate": 59.23436750632116
        },
        "data_received": {
            "count": 22585152,
            "rate": 74872.24052798994
        },
        "vus": {
            "value": 40,
            "min": 40,
            "max": 100
        },
        "http_req_sending": {
            "med": 0.021719,
            "max": 6.961943,
            "p(90)": 0.024668,
            "p(95)": 0.02865124999999999,
            "avg": 0.02432734156033132,
            "min": 0.009715
        },
        "vus_max": {
            "value": 100,
            "min": 100,
            "max": 100
        },
        "http_reqs": {
            "count": 17868,
            "rate": 59.23436750632116
        },
        "http_req_receiving": {
            "max": 3.349041,
            "p(90)": 0.0961649,
            "p(95)": 0.10215204999999997,
            "avg": 0.08575385795836138,
            "min": 0.035827,
            "med": 0.084123
        },
        "iteration_duration": {
            "avg": 1683.6661696866406,
            "min": 99.565405,
            "med": 1687.8082235,
            "max": 1867.621594,
            "p(90)": 1707.5630744,
            "p(95)": 1717.74129675
        },
        "http_req_duration": {
            "min": 95.696001,
            "med": 1687.6381675,
            "max": 1866.777205,
            "p(90)": 1707.3714107,
            "p(95)": 1717.5570902499999,
            "avg": 1683.4667024345226
        },
        "http_req_blocked": {
            "avg": 0.02125244129169442,
            "min": 0.002621,
            "med": 0.005091,
            "max": 4.690971,
            "p(90)": 0.005928300000000001,
            "p(95)": 0.006458649999999998
        },
        "checks": {
            "passes": 17892,
            "fails": 17844,
            "value": 0.5006715916722633
        },
        "http_req_waiting": {
            "avg": 1683.356621235002,
            "min": 95.499946,
            "med": 1687.523109,
            "max": 1866.544693,
            "p(90)": 1707.2449892,
            "p(95)": 1717.4362592999998
        },
        "http_req_failed": {
            "passes": 0,
            "fails": 17868,
            "value": 0
        }
    }
}