{
    "metrics": {
        "http_req_waiting": {
            "med": 3429.558903,
            "max": 3785.13052,
            "p(90)": 3454.6715553999998,
            "p(95)": 3465.1863445999998,
            "avg": 3409.519600684921,
            "min": 96.520618
        },
        "http_req_blocked": {
            "avg": 0.01303241283833419,
            "min": 0.002602,
            "med": 0.004973,
            "max": 3.296832,
            "p(90)": 0.005874,
            "p(95)": 0.006522
        },
        "data_sent": {
            "rate": 10556.482501778772,
            "count": 3203157
        },
        "http_reqs": {
            "count": 17697,
            "rate": 58.32310774463409
        },
        "http_req_connecting": {
            "p(90)": 0,
            "p(95)": 0,
            "avg": 0.006674462281742667,
            "min": 0,
            "med": 0,
            "max": 3.251685
        },
        "iteration_duration": {
            "p(90)": 3454.969539,
            "p(95)": 3465.4580888,
            "avg": 3409.8227298056217,
            "min": 99.419376,
            "med": 3429.83583,
            "max": 3786.35584
        },
        "checks": {
            "passes": 17721,
            "fails": 17673,
            "value": 0.5006780810306831
        },
        "iterations": {
            "count": 17697,
            "rate": 58.32310774463409
        },
        "http_req_duration": {
            "max": 3785.418346,
            "p(90)": 3454.7757632,
            "p(95)": 3465.2862364000002,
            "avg": 3409.630545497482,
            "min": 96.725493,
            "med": 3429.665921
        },
        "vus": {
            "max": 200,
            "value": 27,
            "min": 27
        },
        "http_req_tls_handshaking": {
            "med": 0,
            "max": 0,
            "p(90)": 0,
            "p(95)": 0,
            "avg": 0,
            "min": 0
        },
        "data_received": {
            "count": 22369008,
            "rate": 73720.4081892175
        },
        "http_req_duration{expected_response:true}": {
            "p(95)": 3465.2862364000002,
            "avg": 3409.630545497482,
            "min": 96.725493,
            "med": 3429.665921,
            "max": 3785.418346,
            "p(90)": 3454.7757632
        },
        "vus_max": {
            "value": 200,
            "min": 200,
            "max": 200
        },
        "http_req_sending": {
            "p(95)": 0.029101200000000004,
            "avg": 0.025511389840085944,
            "min": 0.009976,
            "med": 0.02121,
            "max": 7.099213,
            "p(90)": 0.0246654
        },
        "http_req_receiving": {
            "p(90)": 0.0964902,
            "p(95)": 0.10475720000000001,
            "avg": 0.08543342272701562,
            "min": 0.040099,
            "med": 0.08243,
            "max": 6.281007
        },
        "http_req_failed": {
            "passes": 0,
            "fails": 17697,
            "value": 0
        }
    },
    "root_group": {
        "name": "",
        "path": "",
        "id": "d41d8cd98f00b204e9800998ecf8427e",
        "groups": {},
        "checks": {
                "login successful": {
                    "name": "login successful",
                    "path": "::login successful",
                    "id": "72410831cb1258cbc9a2391f92e33c94",
                    "passes": 17697,
                    "fails": 0
                },
                "response time < 500ms": {
                    "id": "3e02485a995423a591645f4eee6c60eb",
                    "passes": 24,
                    "fails": 17673,
                    "name": "response time < 500ms",
                    "path": "::response time < 500ms"
                }
            }
    }
}