{
    "metrics": {
        "http_req_failed": {
            "passes": 0,
            "fails": 17817,
            "value": 0
        },
        "iteration_duration": {
            "med": 168.08936,
            "max": 251.672929,
            "p(90)": 188.8363238,
            "p(95)": 193.1798958,
            "avg": 168.40359933574595,
            "min": 82.779806
        },
        "http_req_duration{expected_response:true}": {
            "max": 251.487859,
            "p(90)": 188.6612362,
            "p(95)": 192.989299,
            "avg": 168.22032718549676,
            "min": 81.425444,
            "med": 167.910951
        },
        "http_req_tls_handshaking": {
            "avg": 0,
            "min": 0,
            "med": 0,
            "max": 0,
            "p(90)": 0,
            "p(95)": 0
        },
        "http_req_sending": {
            "p(90)": 0.0243558,
            "p(95)": 0.0285714,
            "avg": 0.025133323904136605,
            "min": 0.009875,
            "med": 0.021522,
            "max": 4.31682
        },
        "http_req_waiting": {
            "avg": 168.10806323415838,
            "min": 81.103191,
            "med": 167.803836,
            "max": 251.375635,
            "p(90)": 188.5384874,
            "p(95)": 192.866819
        },
        "checks": {
            "passes": 35634,
            "fails": 0,
            "value": 1
        },
        "vus": {
            "value": 10,
            "min": 10,
            "max": 10
        },
        "http_req_connecting": {
            "avg": 0.0005097463097042151,
            "min": 0,
            "med": 0,
            "max": 1.094679,
            "p(90)": 0,
            "p(95)": 0
        },
        "http_req_receiving": {
            "avg": 0.08713062743447253,
            "min": 0.037358,
            "med": 0.082335,
            "max": 4.583003,
            "p(90)": 0.0964512,
            "p(95)": 0.10515740000000001
        },
        "vus_max": {
            "max": 10,
            "value": 10,
            "min": 10
        },
        "http_req_duration": {
            "avg": 168.22032718549676,
            "min": 81.425444,
            "med": 167.910951,
            "max": 251.487859,
            "p(90)": 188.6612362,
            "p(95)": 192.989299
        },
        "http_reqs": {
            "rate": 59.36244551006905,
            "count": 17817
        },
        "data_received": {
            "count": 22520688,
            "rate": 75034.13112472728
        },
        "iterations": {
            "count": 17817,
            "rate": 59.36244551006905
        },
        "data_sent": {
            "count": 3224877,
            "rate": 10744.602637322498
        },
        "http_req_blocked": {
            "avg": 0.005982175674917241,
            "min": 0.002678,
            "med": 0.005087,
            "max": 1.157904,
            "p(90)": 0.005839,
            "p(95)": 0.0062852
        }
    },
    "root_group": {
        "checks": {
            "login successful": {
                "name": "login successful",
                "path": "::login successful",
                "id": "72410831cb1258cbc9a2391f92e33c94",
                "passes": 17817,
                "fails": 0
            },
            "response time < 500ms": {
                "name": "response time < 500ms",
                "path": "::response time < 500ms",
                "id": "3e02485a995423a591645f4eee6c60eb",
                "passes": 17817,
                "fails": 0
            }
        },
        "name": "",
        "path": "",
        "id": "d41d8cd98f00b204e9800998ecf8427e",
        "groups": {}
    }
}