{
    "root_group": {
        "name": "",
        "path": "",
        "id": "d41d8cd98f00b204e9800998ecf8427e",
        "groups": {},
        "checks": {
                "login successful": {
                    "id": "72410831cb1258cbc9a2391f92e33c94",
                    "passes": 17748,
                    "fails": 0,
                    "name": "login successful",
                    "path": "::login successful"
                },
                "response time < 500ms": {
                    "name": "response time < 500ms",
                    "path": "::response time < 500ms",
                    "id": "3e02485a995423a591645f4eee6c60eb",
                    "passes": 24,
                    "fails": 17724
                }
            }
    },
    "metrics": {
        "iterations": {
            "count": 17748,
            "rate": 58.8342340018643
        },
        "data_received": {
            "count": 22433472,
            "rate": 74366.47177835647
        },
        "http_req_blocked": {
            "min": 0.002285,
            "med": 0.005055,
            "max": 11.39453,
            "p(90)": 0.005889300000000001,
            "p(95)": 0.006495,
            "avg": 0.010794016846968686
        },
        "http_req_receiving": {
            "max": 4.511199,
            "p(90)": 0.0975078,
            "p(95)": 0.1048036,
            "avg": 0.08802381468334437,
            "min": 0.029841,
            "med": 0.0847345
        },
        "http_req_failed": {
            "passes": 0,
            "fails": 17748,
            "value": 0
        },
        "http_req_duration{expected_response:true}": {
            "avg": 1694.8999405263655,
            "min": 101.674114,
            "med": 1694.1240435,
            "max": 1860.915961,
            "p(90)": 1735.0341198,
            "p(95)": 1750.95344715
        },
        "http_req_tls_handshaking": {
            "p(90)": 0,
            "p(95)": 0,
            "avg": 0,
            "min": 0,
            "med": 0,
            "max": 0
        },
        "vus_max": {
            "value": 100,
            "min": 100,
            "max": 100
        },
        "http_reqs": {
            "rate": 58.8342340018643,
            "count": 17748
        },
        "checks": {
            "passes": 17772,
            "fails": 17724,
            "value": 0.5006761325219743
        },
        "data_sent": {
            "count": 3212388,
            "rate": 10648.996354337438
        },
        "http_req_waiting": {
            "med": 1694.021053,
            "max": 1860.804362,
            "p(90)": 1734.8991981000001,
            "p(95)": 1750.8024464999999,
            "avg": 1694.7841173927743,
            "min": 101.434897
        },
        "vus": {
            "min": 42,
            "max": 100,
            "value": 42
        },
        "http_req_duration": {
            "min": 101.674114,
            "med": 1694.1240435,
            "max": 1860.915961,
            "p(90)": 1735.0341198,
            "p(95)": 1750.95344715,
            "avg": 1694.8999405263655
        },
        "http_req_connecting": {
            "avg": 0.00282395216362407,
            "min": 0,
            "med": 0,
            "max": 4.114672,
            "p(90)": 0,
            "p(95)": 0
        },
        "http_req_sending": {
            "avg": 0.02779931890917276,
            "min": 0.009916,
            "med": 0.021874,
            "max": 8.855883,
            "p(90)": 0.025218600000000004,
            "p(95)": 0.029387
        },
        "iteration_duration": {
            "p(95)": 1751.1460031,
            "avg": 1695.092476297836,
            "min": 102.410853,
            "med": 1694.3027165,
            "max": 1870.684022,
            "p(90)": 1735.2190309
        }
    }
}