{
    "root_group": {
        "name": "",
        "path": "",
        "id": "d41d8cd98f00b204e9800998ecf8427e",
        "groups": {},
        "checks": {
                "login successful": {
                    "name": "login successful",
                    "path": "::login successful",
                    "id": "72410831cb1258cbc9a2391f92e33c94",
                    "passes": 17958,
                    "fails": 0
                },
                "response time < 500ms": {
                    "name": "response time < 500ms",
                    "path": "::response time < 500ms",
                    "id": "3e02485a995423a591645f4eee6c60eb",
                    "passes": 24,
                    "fails": 17934
                }
            }
    },
    "metrics": {
        "http_req_connecting": {
            "min": 0,
            "med": 0,
            "max": 9.061078,
            "p(90)": 0,
            "p(95)": 0,
            "avg": 0.013452010635928277
        },
        "vus": {
            "value": 21,
            "min": 21,
            "max": 200
        },
        "checks": {
            "passes": 17982,
            "fails": 17934,
            "value": 0.5006682258603408
        },
        "iteration_duration": {
            "max": 3873.73164,
            "p(90)": 3416.2646025,
            "p(95)": 3431.5747528499996,
            "avg": 3359.579078763555,
            "min": 94.048998,
            "med": 3379.6168945
        },
        "http_req_duration{expected_response:true}": {
            "avg": 3359.3814226188956,
            "min": 91.321117,
            "med": 3379.435534,
            "max": 3872.566931,
            "p(90)": 3416.0515807,
            "p(95)": 3431.3982851
        },
        "http_req_tls_handshaking": {
            "avg": 0,
            "min": 0,
            "med": 0,
            "max": 0,
            "p(90)": 0,
            "p(95)": 0
        },
        "http_req_blocked": {
            "med": 0.005023,
            "max": 9.108539,
            "p(90)": 0.00587,
            "p(95)": 0.006575299999999996,
            "avg": 0.01965274607417318,
            "min": 0.002605
        },
        "http_reqs": {
            "count": 17958,
            "rate": 59.2040486055296
        },
        "http_req_receiving": {
            "avg": 0.08675318682481373,
            "min": 0.043288,
            "med": 0.084746,
            "max": 3.827528,
            "p(90)": 0.0970618,
            "p(95)": 0.1033
        },
        "data_received": {
            "count": 22698912,
            "rate": 74833.91743738942
        },
        "data_sent": {
            "rate": 10715.932797600859,
            "count": 3250398
        },
        "http_req_duration": {
            "med": 3379.435534,
            "max": 3872.566931,
            "p(90)": 3416.0515807,
            "p(95)": 3431.3982851,
            "avg": 3359.3814226188956,
            "min": 91.321117
        },
        "iterations": {
            "count": 17958,
            "rate": 59.2040486055296
        },
        "http_req_sending": {
            "avg": 0.030669574674240193,
            "min": 0.01014,
            "med": 0.0218165,
            "max": 8.31869,
            "p(90)": 0.025138900000000002,
            "p(95)": 0.029505949999999972
        },
        "http_req_waiting": {
            "med": 3379.3184119999996,
            "max": 3869.012546,
            "p(90)": 3415.9471822,
            "p(95)": 3431.2903587,
            "avg": 3359.2639998573873,
            "min": 89.832165
        },
        "vus_max": {
            "max": 200,
            "value": 200,
            "min": 200
        },
        "http_req_failed": {
            "passes": 0,
            "fails": 17958,
            "value": 0
        }
    }
}