{
    "root_group": {
        "name": "",
        "path": "",
        "id": "d41d8cd98f00b204e9800998ecf8427e",
        "groups": {},
        "checks": {
                "login successful": {
                    "passes": 17890,
                    "fails": 0,
                    "name": "login successful",
                    "path": "::login successful",
                    "id": "72410831cb1258cbc9a2391f92e33c94"
                },
                "response time < 500ms": {
                    "fails": 0,
                    "name": "response time < 500ms",
                    "path": "::response time < 500ms",
                    "id": "3e02485a995423a591645f4eee6c60eb",
                    "passes": 17890
                }
            }
    },
    "metrics": {
        "http_req_receiving": {
            "min": 0.034856,
            "med": 0.0775815,
            "max": 2.647777,
            "p(90)": 0.0916261,
            "p(95)": 0.09858079999999998,
            "avg": 0.08034493991056454
        },
        "data_received": {
            "count": 22612960,
            "rate": 75339.39722876227
        },
        "vus": {
            "min": 10,
            "max": 10,
            "value": 10
        },
        "http_req_blocked": {
            "avg": 0.005159866126327555,
            "min": 0.002329,
            "med": 0.0047,
            "max": 1.000368,
            "p(90)": 0.005476,
            "p(95)": 0.005855
        },
        "http_req_sending": {
            "p(90)": 0.0232401,
            "p(95)": 0.026882749999999997,
            "avg": 0.022751696366685285,
            "min": 0.008898,
            "med": 0.0203055,
            "max": 4.207868
        },
        "http_req_duration": {
            "p(90)": 188.6592758,
            "p(95)": 192.43331625000002,
            "avg": 167.54932221246665,
            "min": 77.482366,
            "med": 167.28352,
            "max": 216.475056
        },
        "http_req_tls_handshaking": {
            "max": 0,
            "p(90)": 0,
            "p(95)": 0,
            "avg": 0,
            "min": 0,
            "med": 0
        },
        "http_req_waiting": {
            "avg": 167.4462255761878,
            "min": 77.263504,
            "med": 167.1855835,
            "max": 216.369586,
            "p(90)": 188.5463308,
            "p(95)": 192.3320255
        },
        "iterations": {
            "count": 17890,
            "rate": 59.60395350376762
        },
        "http_req_failed": {
            "passes": 0,
            "fails": 17890,
            "value": 0
        },
        "data_sent": {
            "rate": 10788.31558418194,
            "count": 3238090
        },
        "iteration_duration": {
            "min": 78.815392,
            "med": 167.45111500000002,
            "max": 216.659804,
            "p(90)": 188.8341207,
            "p(95)": 192.6179878,
            "avg": 167.72031887881326
        },
        "http_req_connecting": {
            "med": 0,
            "max": 0.933573,
            "p(90)": 0,
            "p(95)": 0,
            "avg": 0.0001799415874790386,
            "min": 0
        },
        "http_req_duration{expected_response:true}": {
            "avg": 167.54932221246665,
            "min": 77.482366,
            "med": 167.28352,
            "max": 216.475056,
            "p(90)": 188.6592758,
            "p(95)": 192.43331625000002
        },
        "checks": {
            "passes": 35780,
            "fails": 0,
            "value": 1
        },
        "vus_max": {
            "value": 10,
            "min": 10,
            "max": 10
        },
        "http_reqs": {
            "rate": 59.60395350376762,
            "count": 17890
        }
    }
}