{
    "metrics": {
        "vus": {
            "value": 26,
            "min": 26,
            "max": 200
        },
        "http_req_tls_handshaking": {
            "avg": 0,
            "min": 0,
            "med": 0,
            "max": 0,
            "p(90)": 0,
            "p(95)": 0
        },
        "checks": {
            "passes": 17721,
            "fails": 17673,
            "value": 0.5006780810306831
        },
        "http_req_duration": {
            "p(90)": 3459.4538836,
            "p(95)": 3470.8962352,
            "avg": 3409.279849209747,
            "min": 89.503433,
            "med": 3434.053799,
            "max": 3654.206592
        },
        "data_received": {
            "rate": 73730.1017357597,
            "count": 22369008
        },
        "http_req_connecting": {
            "med": 0,
            "max": 7.79463,
            "p(90)": 0,
            "p(95)": 0,
            "avg": 0.023667421314347063,
            "min": 0
        },
        "http_req_waiting": {
            "max": 3654.051978,
            "p(90)": 3459.351544,
            "p(95)": 3470.7865745999998,
            "avg": 3409.1660089902853,
            "min": 89.292293,
            "med": 3433.951841
        },
        "http_reqs": {
            "count": 17697,
            "rate": 58.33077668968331
        },
        "http_req_receiving": {
            "avg": 0.08398426337797332,
            "min": 0.04203,
            "med": 0.081794,
            "max": 6.228351,
            "p(90)": 0.0951866,
            "p(95)": 0.101614
        },
        "http_req_duration{expected_response:true}": {
            "avg": 3409.279849209747,
            "min": 89.503433,
            "med": 3434.053799,
            "max": 3654.206592,
            "p(90)": 3459.4538836,
            "p(95)": 3470.8962352
        },
        "iteration_duration": {
            "avg": 3409.4850194048295,
            "min": 94.320086,
            "med": 3434.238659,
            "max": 3654.646605,
            "p(90)": 3459.6491794,
            "p(95)": 3471.0777394
        },
        "iterations": {
            "count": 17697,
            "rate": 58.33077668968331
        },
        "http_req_sending": {
            "avg": 0.029855956094253316,
            "min": 0.009145,
            "med": 0.021443,
            "max": 4.894229,
            "p(90)": 0.0244544,
            "p(95)": 0.028765200000000015
        },
        "http_req_failed": {
            "fails": 17697,
            "passes": 0,
            "value": 0
        },
        "data_sent": {
            "count": 3203157,
            "rate": 10557.87058083268
        },
        "vus_max": {
            "value": 200,
            "min": 200,
            "max": 200
        },
        "http_req_blocked": {
            "med": 0.004996,
            "max": 7.839839,
            "p(90)": 0.005867399999999999,
            "p(95)": 0.006572400000000001,
            "avg": 0.030097180821608133,
            "min": 0.002667
        }
    },
    "root_group": {
        "name": "",
        "path": "",
        "id": "d41d8cd98f00b204e9800998ecf8427e",
        "groups": {},
        "checks": {
                "login successful": {
                    "name": "login successful",
                    "path": "::login successful",
                    "id": "72410831cb1258cbc9a2391f92e33c94",
                    "passes": 17697,
                    "fails": 0
                },
                "response time < 500ms": {
                    "fails": 17673,
                    "name": "response time < 500ms",
                    "path": "::response time < 500ms",
                    "id": "3e02485a995423a591645f4eee6c60eb",
                    "passes": 24
                }
            }
    }
}