{
    "root_group": {
        "name": "",
        "path": "",
        "id": "d41d8cd98f00b204e9800998ecf8427e",
        "groups": {},
        "checks": {
                "login successful": {
                    "fails": 0,
                    "name": "login successful",
                    "path": "::login successful",
                    "id": "72410831cb1258cbc9a2391f92e33c94",
                    "passes": 18005
                },
                "response time < 500ms": {
                    "passes": 25,
                    "fails": 17980,
                    "name": "response time < 500ms",
                    "path": "::response time < 500ms",
                    "id": "3e02485a995423a591645f4eee6c60eb"
                }
            }
    },
    "metrics": {
        "http_req_connecting": {
            "p(95)": 0,
            "avg": 0.003474310747014718,
            "min": 0,
            "med": 0,
            "max": 3.561537,
            "p(90)": 0
        },
        "data_received": {
            "count": 22758320,
            "rate": 75652.5797076283
        },
        "iterations": {
            "count": 18005,
            "rate": 59.85172445223758
        },
        "vus": {
            "value": 50,
            "min": 50,
            "max": 50
        },
        "http_reqs": {
            "count": 18005,
            "rate": 59.85172445223758
        },
        "vus_max": {
            "value": 50,
            "min": 50,
            "max": 50
        },
        "data_sent": {
            "rate": 10833.162125855002,
            "count": 3258905
        },
        "http_req_tls_handshaking": {
            "avg": 0,
            "min": 0,
            "med": 0,
            "max": 0,
            "p(90)": 0,
            "p(95)": 0
        },
        "http_req_receiving": {
            "min": 0.036781,
            "med": 0.077085,
            "max": 4.202125,
            "p(90)": 0.0916366,
            "p(95)": 0.0985108,
            "avg": 0.07996857245209706
        },
        "http_req_sending": {
            "max": 5.302706,
            "p(90)": 0.024044,
            "p(95)": 0.027421,
            "avg": 0.02375515840044414,
            "min": 0.009959,
            "med": 0.0209
        },
        "http_req_waiting": {
            "min": 102.790009,
            "med": 834.587935,
            "max": 930.702379,
            "p(90)": 854.155182,
            "p(95)": 860.0428492,
            "avg": 833.9621645621237
        },
        "http_req_failed": {
            "passes": 0,
            "fails": 18005,
            "value": 0
        },
        "http_req_duration{expected_response:true}": {
            "min": 103.001845,
            "med": 834.685839,
            "max": 930.799526,
            "p(90)": 854.2611631999999,
            "p(95)": 860.1404488,
            "avg": 834.0658882929677
        },
        "http_req_duration": {
            "avg": 834.0658882929677,
            "min": 103.001845,
            "med": 834.685839,
            "max": 930.799526,
            "p(90)": 854.2611631999999,
            "p(95)": 860.1404488
        },
        "iteration_duration": {
            "p(95)": 860.3321134,
            "avg": 834.2419922041086,
            "min": 104.728365,
            "med": 834.85774,
            "max": 930.948391,
            "p(90)": 854.4364596
        },
        "http_req_blocked": {
            "avg": 0.008902995723410174,
            "min": 0.002687,
            "med": 0.004804,
            "max": 4.342065,
            "p(90)": 0.005711,
            "p(95)": 0.006154
        },
        "checks": {
            "passes": 18030,
            "fails": 17980,
            "value": 0.5006942515967787
        }
    }
}