{
    "root_group": {
        "name": "",
        "path": "",
        "id": "d41d8cd98f00b204e9800998ecf8427e",
        "groups": {},
        "checks": {
                "login successful": {
                    "name": "login successful",
                    "path": "::login successful",
                    "id": "72410831cb1258cbc9a2391f92e33c94",
                    "passes": 17722,
                    "fails": 0
                },
                "response time < 500ms": {
                    "id": "3e02485a995423a591645f4eee6c60eb",
                    "passes": 28,
                    "fails": 17694,
                    "name": "response time < 500ms",
                    "path": "::response time < 500ms"
                }
            }
    },
    "metrics": {
        "vus_max": {
            "value": 50,
            "min": 50,
            "max": 50
        },
        "data_received": {
            "rate": 74459.5747150321,
            "count": 22400608
        },
        "vus": {
            "value": 50,
            "min": 50,
            "max": 50
        },
        "http_req_blocked": {
            "avg": 0.00881707431441144,
            "min": 0.002288,
            "med": 0.004881,
            "max": 5.513229,
            "p(90)": 0.005738,
            "p(95)": 0.006236900000000002
        },
        "http_req_waiting": {
            "med": 848.2155375,
            "max": 957.251405,
            "p(90)": 870.8972001,
            "p(95)": 878.3878019499999,
            "avg": 847.2905770002832,
            "min": 79.604908
        },
        "iterations": {
            "count": 17722,
            "rate": 58.907891388474766
        },
        "iteration_duration": {
            "avg": 847.5772107320821,
            "min": 80.575745,
            "med": 848.483014,
            "max": 957.523619,
            "p(90)": 871.2001778,
            "p(95)": 878.7018482999999
        },
        "http_req_connecting": {
            "max": 2.91076,
            "p(90)": 0,
            "p(95)": 0,
            "avg": 0.0021737156641462585,
            "min": 0,
            "med": 0
        },
        "http_req_duration": {
            "p(95)": 878.49194365,
            "avg": 847.3966603273316,
            "min": 79.837383,
            "med": 848.312281,
            "max": 957.345024,
            "p(90)": 871.0173625
        },
        "http_req_sending": {
            "min": 0.0088,
            "med": 0.020805,
            "max": 3.784293,
            "p(90)": 0.02363,
            "p(95)": 0.027132000000000014,
            "avg": 0.023048075442952187
        },
        "data_sent": {
            "count": 3207682,
            "rate": 10662.328341313932
        },
        "http_req_failed": {
            "passes": 0,
            "fails": 17722,
            "value": 0
        },
        "checks": {
            "passes": 17750,
            "fails": 17694,
            "value": 0.5007899785577249
        },
        "http_req_tls_handshaking": {
            "avg": 0,
            "min": 0,
            "med": 0,
            "max": 0,
            "p(90)": 0,
            "p(95)": 0
        },
        "http_req_receiving": {
            "min": 0.024778,
            "med": 0.0793,
            "max": 11.304074,
            "p(90)": 0.09353449999999999,
            "p(95)": 0.10038940000000002,
            "avg": 0.08303525160817085
        },
        "http_reqs": {
            "count": 17722,
            "rate": 58.907891388474766
        },
        "http_req_duration{expected_response:true}": {
            "p(90)": 871.0173625,
            "p(95)": 878.49194365,
            "avg": 847.3966603273316,
            "min": 79.837383,
            "med": 848.312281,
            "max": 957.345024
        }
    }
}