{
    "root_group": {
        "name": "",
        "path": "",
        "id": "d41d8cd98f00b204e9800998ecf8427e",
        "groups": {},
        "checks": {
                "login successful": {
                    "name": "login successful",
                    "path": "::login successful",
                    "id": "72410831cb1258cbc9a2391f92e33c94",
                    "passes": 17712,
                    "fails": 0
                },
                "response time < 500ms": {
                    "name": "response time < 500ms",
                    "path": "::response time < 500ms",
                    "id": "3e02485a995423a591645f4eee6c60eb",
                    "passes": 24,
                    "fails": 17688
                }
            }
    },
    "metrics": {
        "iterations": {
            "count": 17712,
            "rate": 58.373399606076944
        },
        "http_req_duration{expected_response:true}": {
            "p(90)": 3468.1393661,
            "p(95)": 3480.0570188499996,
            "avg": 3406.589925122912,
            "min": 102.550397,
            "med": 3433.544,
            "max": 3686.030035
        },
        "http_reqs": {
            "count": 17712,
            "rate": 58.373399606076944
        },
        "http_req_receiving": {
            "max": 6.91977,
            "p(90)": 0.094553,
            "p(95)": 0.10137665000000001,
            "avg": 0.08400806684733522,
            "min": 0.038818,
            "med": 0.08114299999999999
        },
        "data_sent": {
            "count": 3205872,
            "rate": 10565.585328699926
        },
        "http_req_sending": {
            "p(95)": 0.028624250000000004,
            "avg": 0.04600684394760672,
            "min": 0.010258,
            "med": 0.021153,
            "max": 7.864738,
            "p(90)": 0.024255799999999998
        },
        "http_req_failed": {
            "passes": 0,
            "fails": 17712,
            "value": 0
        },
        "checks": {
            "passes": 17736,
            "fails": 17688,
            "value": 0.5006775067750677
        },
        "http_req_waiting": {
            "avg": 3406.4599102121238,
            "min": 102.201256,
            "med": 3433.4452055,
            "max": 3684.116833,
            "p(90)": 3468.0373719,
            "p(95)": 3479.960918
        },
        "iteration_duration": {
            "p(95)": 3480.22530605,
            "avg": 3406.8175586139864,
            "min": 105.247626,
            "med": 3433.7183895,
            "max": 3686.911114,
            "p(90)": 3468.3203848999997
        },
        "data_received": {
            "rate": 73783.97710208125,
            "count": 22387968
        },
        "http_req_tls_handshaking": {
            "p(90)": 0,
            "p(95)": 0,
            "avg": 0,
            "min": 0,
            "med": 0,
            "max": 0
        },
        "http_req_duration": {
            "max": 3686.030035,
            "p(90)": 3468.1393661,
            "p(95)": 3480.0570188499996,
            "avg": 3406.589925122912,
            "min": 102.550397,
            "med": 3433.544
        },
        "vus": {
            "value": 26,
            "min": 26,
            "max": 200
        },
        "http_req_blocked": {
            "min": 0.002403,
            "med": 0.004966,
            "max": 12.701276,
            "p(90)": 0.005806899999999999,
            "p(95)": 0.006455450000000001,
            "avg": 0.053030058604336336
        },
        "http_req_connecting": {
            "avg": 0.04540628065718156,
            "min": 0,
            "med": 0,
            "max": 12.401168,
            "p(90)": 0,
            "p(95)": 0
        },
        "vus_max": {
            "value": 200,
            "min": 200,
            "max": 200
        }
    }
}