{
    "root_group": {
        "name": "",
        "path": "",
        "id": "d41d8cd98f00b204e9800998ecf8427e",
        "groups": {},
        "checks": {
                "login successful": {
                    "name": "login successful",
                    "path": "::login successful",
                    "id": "72410831cb1258cbc9a2391f92e33c94",
                    "passes": 17825,
                    "fails": 0
                },
                "response time < 500ms": {
                    "name": "response time < 500ms",
                    "path": "::response time < 500ms",
                    "id": "3e02485a995423a591645f4eee6c60eb",
                    "passes": 20,
                    "fails": 17805
                }
            }
    },
    "metrics": {
        "data_received": {
            "count": 22530800,
            "rate": 74891.51184890135
        },
        "http_reqs": {
            "count": 17825,
            "rate": 59.24961380451057
        },
        "http_req_receiving": {
            "avg": 0.07996212241234259,
            "min": 0.036002,
            "med": 0.077439,
            "max": 3.583679,
            "p(90)": 0.0915476,
            "p(95)": 0.09866
        },
        "http_req_blocked": {
            "p(95)": 0.006204,
            "avg": 0.010680982215988722,
            "min": 0.002575,
            "med": 0.004916,
            "max": 3.753064,
            "p(90)": 0.005720600000000001
        },
        "checks": {
            "passes": 17845,
            "fails": 17805,
            "value": 0.5005610098176718
        },
        "iteration_duration": {
            "med": 842.86686,
            "max": 989.797587,
            "p(90)": 869.8905004,
            "p(95)": 876.8699506,
            "avg": 842.6416165037281,
            "min": 202.243168
        },
        "http_req_connecting": {
            "med": 0,
            "max": 1.239915,
            "p(90)": 0,
            "p(95)": 0,
            "avg": 0.0014543913043478262,
            "min": 0
        },
        "iterations": {
            "count": 17825,
            "rate": 59.24961380451057
        },
        "vus_max": {
            "min": 50,
            "max": 50,
            "value": 50
        },
        "http_req_waiting": {
            "p(90)": 869.603061,
            "p(95)": 876.5945142,
            "avg": 842.3522517168076,
            "min": 199.425111,
            "med": 842.588377,
            "max": 987.217106
        },
        "data_sent": {
            "count": 3226325,
            "rate": 10724.180098616413
        },
        "http_req_duration{expected_response:true}": {
            "p(90)": 869.7090218000001,
            "p(95)": 876.6936282,
            "avg": 842.4572649071013,
            "min": 200.523004,
            "med": 842.686867,
            "max": 987.483551
        },
        "http_req_sending": {
            "p(95)": 0.027242399999999996,
            "avg": 0.025051067882187902,
            "min": 0.009452,
            "med": 0.020726,
            "max": 3.668842,
            "p(90)": 0.0236796
        },
        "http_req_duration": {
            "max": 987.483551,
            "p(90)": 869.7090218000001,
            "p(95)": 876.6936282,
            "avg": 842.4572649071013,
            "min": 200.523004,
            "med": 842.686867
        },
        "vus": {
            "value": 50,
            "min": 50,
            "max": 50
        },
        "http_req_tls_handshaking": {
            "p(95)": 0,
            "avg": 0,
            "min": 0,
            "med": 0,
            "max": 0,
            "p(90)": 0
        },
        "http_req_failed": {
            "passes": 0,
            "fails": 17825,
            "value": 0
        }
    }
}