{
    "metrics": {
        "http_req_failed": {
            "passes": 0,
            "fails": 17938,
            "value": 0
        },
        "iterations": {
            "rate": 59.13717942804747,
            "count": 17938
        },
        "vus": {
            "max": 200,
            "value": 22,
            "min": 22
        },
        "http_req_sending": {
            "med": 0.0220215,
            "max": 3.520778,
            "p(90)": 0.0252069,
            "p(95)": 0.029864449999999994,
            "avg": 0.03167940416991852,
            "min": 0.010364
        },
        "iteration_duration": {
            "max": 3876.630574,
            "p(90)": 3424.9823095,
            "p(95)": 3452.46469875,
            "avg": 3363.4929914400227,
            "min": 102.313106,
            "med": 3376.798448
        },
        "http_reqs": {
            "rate": 59.13717942804747,
            "count": 17938
        },
        "data_sent": {
            "count": 3246778,
            "rate": 10703.829476476592
        },
        "http_req_receiving": {
            "avg": 0.08732613379417985,
            "min": 0.036985,
            "med": 0.0851065,
            "max": 1.94985,
            "p(90)": 0.09743450000000002,
            "p(95)": 0.10400719999999998
        },
        "http_req_connecting": {
            "avg": 0.014014127829189434,
            "min": 0,
            "med": 0,
            "max": 4.350014,
            "p(90)": 0,
            "p(95)": 0
        },
        "checks": {
            "passes": 17961,
            "fails": 17915,
            "value": 0.5006410971122757
        },
        "data_received": {
            "count": 22673632,
            "rate": 74749.394797052
        },
        "vus_max": {
            "value": 200,
            "min": 200,
            "max": 200
        },
        "http_req_duration{expected_response:true}": {
            "p(90)": 3424.7707375,
            "p(95)": 3452.2833523500003,
            "avg": 3363.2903686565296,
            "min": 97.861044,
            "med": 3376.6156935,
            "max": 3873.287682
        },
        "http_req_tls_handshaking": {
            "avg": 0,
            "min": 0,
            "med": 0,
            "max": 0,
            "p(90)": 0,
            "p(95)": 0
        },
        "http_req_duration": {
            "avg": 3363.2903686565296,
            "min": 97.861044,
            "med": 3376.6156935,
            "max": 3873.287682,
            "p(90)": 3424.7707375,
            "p(95)": 3452.2833523500003
        },
        "http_req_blocked": {
            "p(90)": 0.006033,
            "p(95)": 0.006781149999999998,
            "avg": 0.02069933420671207,
            "min": 0.002326,
            "med": 0.005179,
            "max": 4.907656
        },
        "http_req_waiting": {
            "med": 3376.5122935,
            "max": 3873.148377,
            "p(90)": 3424.6632077,
            "p(95)": 3452.17235425,
            "avg": 3363.171363118577,
            "min": 94.232025
        }
    },
    "root_group": {
        "name": "",
        "path": "",
        "id": "d41d8cd98f00b204e9800998ecf8427e",
        "groups": {},
        "checks": {
                "login successful": {
                    "name": "login successful",
                    "path": "::login successful",
                    "id": "72410831cb1258cbc9a2391f92e33c94",
                    "passes": 17938,
                    "fails": 0
                },
                "response time < 500ms": {
                    "fails": 17915,
                    "name": "response time < 500ms",
                    "path": "::response time < 500ms",
                    "id": "3e02485a995423a591645f4eee6c60eb",
                    "passes": 23
                }
            }
    }
}