{
    "root_group": {
        "name": "",
        "path": "",
        "id": "d41d8cd98f00b204e9800998ecf8427e",
        "groups": {},
        "checks": {
                "products retrieved": {
                    "name": "products retrieved",
                    "path": "::products retrieved",
                    "id": "65d122febf585ffd8f7dcadb21d3e53b",
                    "passes": 190089,
                    "fails": 0
                },
                "response time < 500ms": {
                    "name": "response time < 500ms",
                    "path": "::response time < 500ms",
                    "id": "3e02485a995423a591645f4eee6c60eb",
                    "passes": 190029,
                    "fails": 60
                }
            }
    },
    "metrics": {
        "vus_max": {
            "value": 100,
            "min": 100,
            "max": 100
        },
        "http_reqs": {
            "count": 190089,
            "rate": 633.3517955433379
        },
        "http_req_sending": {
            "avg": 0.01052814174939117,
            "min": 0.00485,
            "med": 0.008122,
            "max": 8.725245,
            "p(90)": 0.014159,
            "p(95)": 0.015974
        },
        "http_req_failed": {
            "passes": 0,
            "fails": 190089,
            "value": 0
        },
        "iterations": {
            "rate": 633.3517955433379,
            "count": 190089
        },
        "http_req_blocked": {
            "p(95)": 0.004847,
            "avg": 0.0037767168273808963,
            "min": 0.00155,
            "med": 0.002577,
            "max": 6.418514,
            "p(90)": 0.004078
        },
        "http_req_receiving": {
            "avg": 0.04994176436826925,
            "min": 0.023749,
            "med": 0.043119,
            "max": 6.263188,
            "p(90)": 0.0674482,
            "p(95)": 0.08038540000000002
        },
        "iteration_duration": {
            "max": 2864.893579,
            "p(90)": 167.3418378,
            "p(95)": 171.6592156,
            "avg": 157.85078812419434,
            "min": 23.110165,
            "med": 156.442752
        },
        "vus": {
            "value": 100,
            "min": 100,
            "max": 100
        },
        "checks": {
            "passes": 380118,
            "fails": 60,
            "value": 0.9998421791897479
        },
        "http_req_waiting": {
            "avg": 157.70934107377772,
            "min": 20.369584,
            "med": 156.307992,
            "max": 2864.518862,
            "p(90)": 167.19157380000001,
            "p(95)": 171.5086642
        },
        "data_sent": {
            "count": 17868366,
            "rate": 59535.06878107376
        },
        "http_req_duration{expected_response:true}": {
            "avg": 157.76981097989375,
            "min": 22.412972,
            "med": 156.365749,
            "max": 2864.615731,
            "p(90)": 167.2586492,
            "p(95)": 171.57251760000003
        },
        "http_req_tls_handshaking": {
            "avg": 0,
            "min": 0,
            "med": 0,
            "max": 0,
            "p(90)": 0,
            "p(95)": 0
        },
        "data_received": {
            "count": 1186535538,
            "rate": 3953381.907781515
        },
        "http_req_connecting": {
            "avg": 0.0005063448384704006,
            "min": 0,
            "med": 0,
            "max": 3.666267,
            "p(90)": 0,
            "p(95)": 0
        },
        "http_req_duration": {
            "avg": 157.76981097989375,
            "min": 22.412972,
            "med": 156.365749,
            "max": 2864.615731,
            "p(90)": 167.2586492,
            "p(95)": 171.57251760000003
        }
    }
}