{
    "metrics": {
        "iterations": {
            "count": 195066,
            "rate": 649.6470825373216
        },
        "http_reqs": {
            "count": 195066,
            "rate": 649.6470825373216
        },
        "http_req_duration": {
            "avg": 307.66966978221643,
            "min": 42.999107,
            "med": 306.331252,
            "max": 9567.131271,
            "p(90)": 321.7708185,
            "p(95)": 327.928009
        },
        "http_req_receiving": {
            "min": 0.025708,
            "med": 0.042621,
            "max": 5.507929,
            "p(90)": 0.067099,
            "p(95)": 0.07783775000000001,
            "avg": 0.04992673384392964
        },
        "data_sent": {
            "count": 18336204,
            "rate": 61066.825758508225
        },
        "http_req_failed": {
            "passes": 0,
            "fails": 195066,
            "value": 0
        },
        "http_req_waiting": {
            "avg": 307.60944185640864,
            "min": 42.557911,
            "med": 306.27419899999995,
            "max": 9567.043363,
            "p(90)": 321.71437,
            "p(95)": 327.869779
        },
        "iteration_duration": {
            "min": 48.553442,
            "med": 306.41263100000003,
            "max": 9567.406161,
            "p(90)": 321.8539565,
            "p(95)": 328.01045525,
            "avg": 307.754898107615
        },
        "http_req_sending": {
            "avg": 0.010301191965796465,
            "min": 0.004779,
            "med": 0.007936,
            "max": 3.526689,
            "p(90)": 0.013937,
            "p(95)": 0.015691
        },
        "data_received": {
            "count": 1217601972,
            "rate": 4055097.089197961
        },
        "vus_max": {
            "value": 200,
            "min": 200,
            "max": 200
        },
        "vus": {
            "value": 200,
            "min": 200,
            "max": 200
        },
        "http_req_tls_handshaking": {
            "avg": 0,
            "min": 0,
            "med": 0,
            "max": 0,
            "p(90)": 0,
            "p(95)": 0
        },
        "http_req_duration{expected_response:true}": {
            "p(90)": 321.7708185,
            "p(95)": 327.928009,
            "avg": 307.66966978221643,
            "min": 42.999107,
            "med": 306.331252,
            "max": 9567.131271
        },
        "http_req_connecting": {
            "max": 7.05555,
            "p(90)": 0,
            "p(95)": 0,
            "avg": 0.00385577257953718,
            "min": 0,
            "med": 0
        },
        "checks": {
            "passes": 389993,
            "fails": 139,
            "value": 0.9996437103339383
        },
        "http_req_blocked": {
            "avg": 0.007050569555944771,
            "min": 0.00155,
            "med": 0.002526,
            "max": 9.808839,
            "p(90)": 0.004028,
            "p(95)": 0.00469075
        }
    },
    "root_group": {
        "name": "",
        "path": "",
        "id": "d41d8cd98f00b204e9800998ecf8427e",
        "groups": {},
        "checks": {
                "products retrieved": {
                    "name": "products retrieved",
                    "path": "::products retrieved",
                    "id": "65d122febf585ffd8f7dcadb21d3e53b",
                    "passes": 195066,
                    "fails": 0
                },
                "response time < 500ms": {
                    "id": "3e02485a995423a591645f4eee6c60eb",
                    "passes": 194927,
                    "fails": 139,
                    "name": "response time < 500ms",
                    "path": "::response time < 500ms"
                }
            }
    }
}