{
    "root_group": {
        "name": "",
        "path": "",
        "id": "d41d8cd98f00b204e9800998ecf8427e",
        "groups": {},
        "checks": {
                "products retrieved": {
                    "name": "products retrieved",
                    "path": "::products retrieved",
                    "id": "65d122febf585ffd8f7dcadb21d3e53b",
                    "passes": 191716,
                    "fails": 0
                },
                "response time < 500ms": {
                    "name": "response time < 500ms",
                    "path": "::response time < 500ms",
                    "id": "3e02485a995423a591645f4eee6c60eb",
                    "passes": 191669,
                    "fails": 47
                }
            }
    },
    "metrics": {
        "http_req_connecting": {
            "p(90)": 0,
            "p(95)": 0,
            "avg": 0.0013327643024056413,
            "min": 0,
            "med": 0,
            "max": 10.801668
        },
        "http_reqs": {
            "count": 191716,
            "rate": 638.840517007319
        },
        "http_req_receiving": {
            "p(90)": 0.0682615,
            "p(95)": 0.081785,
            "avg": 0.050156806881011345,
            "min": 0.024881,
            "med": 0.0429,
            "max": 6.208308
        },
        "data_received": {
            "count": 1196691272,
            "rate": 3987642.5071596857
        },
        "http_req_blocked": {
            "min": 0.001529,
            "med": 0.002557,
            "max": 10.840442,
            "p(90)": 0.00407,
            "p(95)": 0.004844,
            "avg": 0.004575991273550634
        },
        "http_req_tls_handshaking": {
            "avg": 0,
            "min": 0,
            "med": 0,
            "max": 0,
            "p(90)": 0,
            "p(95)": 0
        },
        "data_sent": {
            "count": 18021304,
            "rate": 60051.00859868799
        },
        "http_req_waiting": {
            "min": 20.895335,
            "med": 154.757089,
            "max": 2348.691031,
            "p(90)": 166.0003115,
            "p(95)": 171.299669,
            "avg": 156.34887822741814
        },
        "checks": {
            "passes": 383385,
            "fails": 47,
            "value": 0.9998774228546392
        },
        "vus": {
            "min": 100,
            "max": 100,
            "value": 100
        },
        "http_req_sending": {
            "p(95)": 0.016124,
            "avg": 0.010786419438127227,
            "min": 0.004911,
            "med": 0.008186,
            "max": 10.363446,
            "p(90)": 0.014212
        },
        "http_req_failed": {
            "fails": 191716,
            "passes": 0,
            "value": 0
        },
        "iteration_duration": {
            "min": 25.34284,
            "med": 154.89675699999998,
            "max": 2352.257243,
            "p(90)": 166.147317,
            "p(95)": 171.45284650000002,
            "avg": 156.49276753038168
        },
        "iterations": {
            "count": 191716,
            "rate": 638.840517007319
        },
        "http_req_duration{expected_response:true}": {
            "avg": 156.4098214537408,
            "min": 22.479856,
            "med": 154.8164845,
            "max": 2348.781105,
            "p(90)": 166.06242650000002,
            "p(95)": 171.3638095
        },
        "http_req_duration": {
            "max": 2348.781105,
            "p(90)": 166.06242650000002,
            "p(95)": 171.3638095,
            "avg": 156.4098214537408,
            "min": 22.479856,
            "med": 154.8164845
        },
        "vus_max": {
            "value": 100,
            "min": 100,
            "max": 100
        }
    }
}