{
    "root_group": {
        "groups": {},
        "checks": {
                "products retrieved": {
                    "fails": 0,
                    "name": "products retrieved",
                    "path": "::products retrieved",
                    "id": "65d122febf585ffd8f7dcadb21d3e53b",
                    "passes": 171453
                },
                "response time < 500ms": {
                    "path": "::response time < 500ms",
                    "id": "3e02485a995423a591645f4eee6c60eb",
                    "passes": 171304,
                    "fails": 149,
                    "name": "response time < 500ms"
                }
            },
        "name": "",
        "path": "",
        "id": "d41d8cd98f00b204e9800998ecf8427e"
    },
    "metrics": {
        "data_received": {
            "count": 1075696122,
            "rate": 3583222.769601838
        },
        "iteration_duration": {
            "avg": 350.0555447388031,
            "min": 59.962749,
            "med": 345.653047,
            "max": 11579.251436,
            "p(90)": 369.73440120000004,
            "p(95)": 390.7101346
        },
        "http_req_failed": {
            "passes": 0,
            "fails": 171453,
            "value": 0
        },
        "iterations": {
            "count": 171453,
            "rate": 571.1225326110676
        },
        "http_req_sending": {
            "p(95)": 0.016178,
            "avg": 0.012043399357258244,
            "min": 0.004811,
            "med": 0.008028,
            "max": 12.403309,
            "p(90)": 0.013971
        },
        "http_req_receiving": {
            "avg": 0.05091566377374597,
            "min": 0.024291,
            "med": 0.042508,
            "max": 21.946629,
            "p(90)": 0.067886,
            "p(95)": 0.08078279999999999
        },
        "http_req_duration{expected_response:true}": {
            "med": 345.571959,
            "max": 11578.987679,
            "p(90)": 369.6373482,
            "p(95)": 390.61487220000004,
            "avg": 349.96834420667574,
            "min": 56.975907
        },
        "http_req_duration": {
            "med": 345.571959,
            "max": 11578.987679,
            "p(90)": 369.6373482,
            "p(95)": 390.61487220000004,
            "avg": 349.96834420667574,
            "min": 56.975907
        },
        "checks": {
            "passes": 342757,
            "fails": 149,
            "value": 0.9995654785859681
        },
        "http_req_blocked": {
            "max": 14.579599,
            "p(90)": 0.004102,
            "p(95)": 0.004875,
            "avg": 0.007339570617020212,
            "min": 0.00153,
            "med": 0.002538
        },
        "vus_max": {
            "max": 200,
            "value": 200,
            "min": 200
        },
        "data_sent": {
            "count": 16116582,
            "rate": 53685.51806544035
        },
        "http_req_waiting": {
            "avg": 349.9053851435421,
            "min": 56.731284,
            "med": 345.514758,
            "max": 11578.909957,
            "p(90)": 369.5480028,
            "p(95)": 390.5262925999999
        },
        "http_req_connecting": {
            "p(90)": 0,
            "p(95)": 0,
            "avg": 0.002769467825001604,
            "min": 0,
            "med": 0,
            "max": 12.093261
        },
        "vus": {
            "min": 200,
            "max": 200,
            "value": 200
        },
        "http_reqs": {
            "count": 171453,
            "rate": 571.1225326110676
        },
        "http_req_tls_handshaking": {
            "max": 0,
            "p(90)": 0,
            "p(95)": 0,
            "avg": 0,
            "min": 0,
            "med": 0
        }
    }
}