{
    "root_group": {
        "name": "",
        "path": "",
        "id": "d41d8cd98f00b204e9800998ecf8427e",
        "groups": {},
        "checks": {
                "products retrieved": {
                    "path": "::products retrieved",
                    "id": "65d122febf585ffd8f7dcadb21d3e53b",
                    "passes": 163435,
                    "fails": 0,
                    "name": "products retrieved"
                },
                "response time < 500ms": {
                    "name": "response time < 500ms",
                    "path": "::response time < 500ms",
                    "id": "3e02485a995423a591645f4eee6c60eb",
                    "passes": 163435,
                    "fails": 0
                }
            }
    },
    "metrics": {
        "http_reqs": {
            "count": 163435,
            "rate": 544.7632278567561
        },
        "http_req_waiting": {
            "avg": 18.15258794129809,
            "min": 6.617032,
            "med": 17.506539,
            "max": 74.622284,
            "p(90)": 21.610712200000002,
            "p(95)": 23.910873099999996
        },
        "http_req_tls_handshaking": {
            "min": 0,
            "med": 0,
            "max": 0,
            "p(90)": 0,
            "p(95)": 0,
            "avg": 0
        },
        "checks": {
            "passes": 326870,
            "fails": 0,
            "value": 1
        },
        "iteration_duration": {
            "med": 17.689609,
            "max": 74.926683,
            "p(90)": 21.8221914,
            "p(95)": 24.12343049999999,
            "avg": 18.343578464900293,
            "min": 6.796571
        },
        "http_req_blocked": {
            "avg": 0.004050342784593229,
            "min": 0.001647,
            "med": 0.003648,
            "max": 1.939201,
            "p(90)": 0.005741,
            "p(95)": 0.006323
        },
        "http_req_failed": {
            "passes": 0,
            "fails": 163435,
            "value": 0
        },
        "http_req_duration{expected_response:true}": {
            "med": 17.585053,
            "max": 74.74838,
            "p(90)": 21.6995632,
            "p(95)": 24.001791099999995,
            "avg": 18.234116685703917,
            "min": 6.689637
        },
        "data_sent": {
            "count": 15362890,
            "rate": 51207.74341853507
        },
        "vus": {
            "value": 10,
            "min": 10,
            "max": 10
        },
        "http_req_duration": {
            "max": 74.74838,
            "p(90)": 21.6995632,
            "p(95)": 24.001791099999995,
            "avg": 18.234116685703917,
            "min": 6.689637,
            "med": 17.585053
        },
        "http_req_sending": {
            "max": 4.369675,
            "p(90)": 0.018172,
            "p(95)": 0.020069,
            "avg": 0.012900246336464138,
            "min": 0.005102,
            "med": 0.0117
        },
        "http_req_connecting": {
            "max": 0.515185,
            "p(90)": 0,
            "p(95)": 0,
            "avg": 0.000012530981735858293,
            "min": 0,
            "med": 0
        },
        "data_received": {
            "count": 1025391190,
            "rate": 3417844.4915732876
        },
        "vus_max": {
            "value": 10,
            "min": 10,
            "max": 10
        },
        "iterations": {
            "count": 163435,
            "rate": 544.7632278567561
        },
        "http_req_receiving": {
            "p(90)": 0.103421,
            "p(95)": 0.1131823,
            "avg": 0.06862849806956935,
            "min": 0.025259,
            "med": 0.061413,
            "max": 5.037913
        }
    }
}