{
    "root_group": {
        "id": "d41d8cd98f00b204e9800998ecf8427e",
        "groups": {},
        "checks": {
                "products retrieved": {
                    "passes": 160307,
                    "fails": 0,
                    "name": "products retrieved",
                    "path": "::products retrieved",
                    "id": "65d122febf585ffd8f7dcadb21d3e53b"
                },
                "response time < 500ms": {
                    "fails": 51,
                    "name": "response time < 500ms",
                    "path": "::response time < 500ms",
                    "id": "3e02485a995423a591645f4eee6c60eb",
                    "passes": 160256
                }
            },
        "name": "",
        "path": ""
    },
    "metrics": {
        "http_req_duration": {
            "max": 3041.679895,
            "p(90)": 199.5363154,
            "p(95)": 212.51161239999976,
            "avg": 187.0977097564449,
            "min": 78.835924,
            "med": 184.469215
        },
        "http_req_tls_handshaking": {
            "p(90)": 0,
            "p(95)": 0,
            "avg": 0,
            "min": 0,
            "med": 0,
            "max": 0
        },
        "http_req_duration{expected_response:true}": {
            "avg": 187.0977097564449,
            "min": 78.835924,
            "med": 184.469215,
            "max": 3041.679895,
            "p(90)": 199.5363154,
            "p(95)": 212.51161239999976
        },
        "http_req_blocked": {
            "avg": 0.006438008109440053,
            "min": 0.001547,
            "med": 0.002916,
            "max": 13.496135,
            "p(90)": 0.004636,
            "p(95)": 0.005508
        },
        "http_req_sending": {
            "avg": 0.01370425162344761,
            "min": 0.004824,
            "med": 0.009353,
            "max": 15.724034,
            "p(90)": 0.015953399999999993,
            "p(95)": 0.020521099999999945
        },
        "iterations": {
            "count": 160307,
            "rate": 534.0638190200536
        },
        "http_req_receiving": {
            "avg": 0.057699920889292634,
            "min": 0.025095,
            "med": 0.047327,
            "max": 8.77662,
            "p(90)": 0.08412619999999998,
            "p(95)": 0.09946979999999993
        },
        "iteration_duration": {
            "med": 184.555285,
            "max": 3041.989414,
            "p(90)": 199.6218534,
            "p(95)": 212.61052779999952,
            "avg": 187.19149520094697,
            "min": 81.24197
        },
        "http_req_connecting": {
            "avg": 0.0026145306006599843,
            "min": 0,
            "med": 0,
            "max": 11.517543,
            "p(90)": 0,
            "p(95)": 0
        },
        "http_req_failed": {
            "passes": 0,
            "fails": 160307,
            "value": 0
        },
        "data_received": {
            "count": 1005766118,
            "rate": 3350716.4005318168
        },
        "http_reqs": {
            "count": 160307,
            "rate": 534.0638190200536
        },
        "data_sent": {
            "count": 15068858,
            "rate": 50201.99898788505
        },
        "http_req_waiting": {
            "avg": 187.02630558392698,
            "min": 75.286305,
            "med": 184.402473,
            "max": 3041.231419,
            "p(90)": 199.46135139999998,
            "p(95)": 212.40260729999991
        },
        "vus": {
            "value": 100,
            "min": 100,
            "max": 100
        },
        "vus_max": {
            "value": 100,
            "min": 100,
            "max": 100
        },
        "checks": {
            "passes": 320563,
            "fails": 51,
            "value": 0.9998409302151496
        }
    }
}