{
    "root_group": {
        "path": "",
        "id": "d41d8cd98f00b204e9800998ecf8427e",
        "groups": {},
        "checks": {
                "products retrieved": {
                    "path": "::products retrieved",
                    "id": "65d122febf585ffd8f7dcadb21d3e53b",
                    "passes": 193144,
                    "fails": 0,
                    "name": "products retrieved"
                },
                "response time < 500ms": {
                    "name": "response time < 500ms",
                    "path": "::response time < 500ms",
                    "id": "3e02485a995423a591645f4eee6c60eb",
                    "passes": 192983,
                    "fails": 161
                }
            },
        "name": ""
    },
    "metrics": {
        "http_req_waiting": {
            "med": 308.775135,
            "max": 10599.368364,
            "p(90)": 324.7204233,
            "p(95)": 331.08101915,
            "avg": 310.6707265450264,
            "min": 18.334259
        },
        "checks": {
            "passes": 386127,
            "fails": 161,
            "value": 0.9995832125253696
        },
        "http_reqs": {
            "count": 193144,
            "rate": 643.2484418530704
        },
        "http_req_duration": {
            "avg": 310.72745872230087,
            "min": 18.543934,
            "med": 308.8316835,
            "max": 10599.454369,
            "p(90)": 324.7829209,
            "p(95)": 331.13917860000004
        },
        "http_req_blocked": {
            "avg": 0.004468494004473461,
            "min": 0.001549,
            "med": 0.002497,
            "max": 19.428422,
            "p(90)": 0.003883,
            "p(95)": 0.004504
        },
        "http_req_sending": {
            "med": 0.007738,
            "max": 13.111556,
            "p(90)": 0.013777,
            "p(95)": 0.015286,
            "avg": 0.009562509635298097,
            "min": 0.004816
        },
        "http_req_failed": {
            "passes": 0,
            "fails": 193144,
            "value": 0
        },
        "data_received": {
            "count": 1205604848,
            "rate": 4015156.7740468653
        },
        "data_sent": {
            "count": 18155536,
            "rate": 60465.353534188616
        },
        "iterations": {
            "rate": 643.2484418530704,
            "count": 193144
        },
        "http_req_duration{expected_response:true}": {
            "min": 18.543934,
            "med": 308.8316835,
            "max": 10599.454369,
            "p(90)": 324.7829209,
            "p(95)": 331.13917860000004,
            "avg": 310.72745872230087
        },
        "http_req_receiving": {
            "avg": 0.04716966764175959,
            "min": 0.025798,
            "med": 0.041807,
            "max": 6.184205,
            "p(90)": 0.063333,
            "p(95)": 0.07288785
        },
        "vus_max": {
            "value": 200,
            "min": 200,
            "max": 200
        },
        "http_req_connecting": {
            "p(90)": 0,
            "p(95)": 0,
            "avg": 0.0004905526705463285,
            "min": 0,
            "med": 0,
            "max": 3.498078
        },
        "http_req_tls_handshaking": {
            "avg": 0,
            "min": 0,
            "med": 0,
            "max": 0,
            "p(90)": 0,
            "p(95)": 0
        },
        "iteration_duration": {
            "p(95)": 331.22755175,
            "avg": 310.806553185597,
            "min": 19.263784,
            "med": 308.906607,
            "max": 10599.697108,
            "p(90)": 324.865879
        },
        "vus": {
            "value": 200,
            "min": 200,
            "max": 200
        }
    }
}