{
    "metrics": {
        "http_req_blocked": {
            "p(95)": 0.004786,
            "avg": 0.0033544565203702525,
            "min": 0.00159,
            "med": 0.002588,
            "max": 3.461639,
            "p(90)": 0.004055
        },
        "http_req_duration{expected_response:true}": {
            "p(95)": 170.94072564999996,
            "avg": 157.35877473606612,
            "min": 11.608374,
            "med": 155.96042649999998,
            "max": 2637.313162,
            "p(90)": 166.895184
        },
        "http_reqs": {
            "count": 190572,
            "rate": 635.0098144858846
        },
        "http_req_failed": {
            "passes": 0,
            "fails": 190572,
            "value": 0
        },
        "vus_max": {
            "max": 100,
            "value": 100,
            "min": 100
        },
        "data_sent": {
            "count": 17913768,
            "rate": 59690.92256167315
        },
        "http_req_connecting": {
            "p(95)": 0,
            "avg": 0.00020709059568037284,
            "min": 0,
            "med": 0,
            "max": 1.623206,
            "p(90)": 0
        },
        "http_req_tls_handshaking": {
            "min": 0,
            "med": 0,
            "max": 0,
            "p(90)": 0,
            "p(95)": 0,
            "avg": 0
        },
        "http_req_sending": {
            "avg": 0.009805680724345942,
            "min": 0.004799,
            "med": 0.008153,
            "max": 3.516088,
            "p(90)": 0.014167,
            "p(95)": 0.015893449999999983
        },
        "iteration_duration": {
            "p(90)": 166.98332,
            "p(95)": 171.0229612,
            "avg": 157.43910515801102,
            "min": 12.782521,
            "med": 156.03918800000002,
            "max": 2637.762515
        },
        "vus": {
            "value": 100,
            "min": 100,
            "max": 100
        },
        "checks": {
            "passes": 381086,
            "fails": 58,
            "value": 0.9998478265432488
        },
        "http_req_receiving": {
            "med": 0.042659,
            "max": 4.448324,
            "p(90)": 0.066871,
            "p(95)": 0.07982989999999997,
            "avg": 0.049247069653464225,
            "min": 0.025294
        },
        "iterations": {
            "rate": 635.0098144858846,
            "count": 190572
        },
        "data_received": {
            "count": 1189550424,
            "rate": 3963731.2620208915
        },
        "http_req_waiting": {
            "min": 10.688546,
            "med": 155.90321749999998,
            "max": 2637.202852,
            "p(90)": 166.83340909999998,
            "p(95)": 170.880022,
            "avg": 157.2997219856828
        },
        "http_req_duration": {
            "med": 155.96042649999998,
            "max": 2637.313162,
            "p(90)": 166.895184,
            "p(95)": 170.94072564999996,
            "avg": 157.35877473606612,
            "min": 11.608374
        }
    },
    "root_group": {
        "id": "d41d8cd98f00b204e9800998ecf8427e",
        "groups": {},
        "checks": {
                "products retrieved": {
                    "fails": 0,
                    "name": "products retrieved",
                    "path": "::products retrieved",
                    "id": "65d122febf585ffd8f7dcadb21d3e53b",
                    "passes": 190572
                },
                "response time < 500ms": {
                    "name": "response time < 500ms",
                    "path": "::response time < 500ms",
                    "id": "3e02485a995423a591645f4eee6c60eb",
                    "passes": 190514,
                    "fails": 58
                }
            },
        "name": "",
        "path": ""
    }
}