{
    "metrics": {
        "http_req_tls_handshaking": {
            "avg": 0,
            "min": 0,
            "med": 0,
            "max": 0,
            "p(90)": 0,
            "p(95)": 0
        },
        "http_req_blocked": {
            "avg": 0.003729981492339159,
            "min": 0.001637,
            "med": 0.003281,
            "max": 1.628699,
            "p(90)": 0.005591,
            "p(95)": 0.006159
        },
        "vus": {
            "value": 10,
            "min": 10,
            "max": 10
        },
        "data_received": {
            "rate": 3761537.707929151,
            "count": 1128491180
        },
        "http_req_failed": {
            "passes": 0,
            "fails": 180790,
            "value": 0
        },
        "vus_max": {
            "max": 10,
            "value": 10,
            "min": 10
        },
        "http_reqs": {
            "count": 180790,
            "rate": 602.6173835195692
        },
        "http_req_sending": {
            "max": 4.582624,
            "p(90)": 0.017913,
            "p(95)": 0.019682,
            "avg": 0.011954661330825584,
            "min": 0.005053,
            "med": 0.010635
        },
        "data_sent": {
            "count": 16994260,
            "rate": 56646.03405083951
        },
        "http_req_duration": {
            "p(95)": 21.308284399999998,
            "avg": 16.48291664642949,
            "min": 6.565289,
            "med": 15.9238935,
            "max": 69.644769,
            "p(90)": 19.4185352
        },
        "http_req_duration{expected_response:true}": {
            "p(95)": 21.308284399999998,
            "avg": 16.48291664642949,
            "min": 6.565289,
            "med": 15.9238935,
            "max": 69.644769,
            "p(90)": 19.4185352
        },
        "http_req_waiting": {
            "max": 69.517763,
            "p(90)": 19.3317875,
            "p(95)": 21.2194261,
            "avg": 16.40811579970129,
            "min": 6.505648,
            "med": 15.853833
        },
        "checks": {
            "fails": 0,
            "passes": 361580,
            "value": 1
        },
        "http_req_receiving": {
            "avg": 0.06284618539742189,
            "min": 0.025747,
            "med": 0.054397,
            "max": 3.458067,
            "p(90)": 0.09939,
            "p(95)": 0.10871009999999998
        },
        "http_req_connecting": {
            "avg": 0.00000759058023120748,
            "min": 0,
            "med": 0,
            "max": 0.254393,
            "p(90)": 0,
            "p(95)": 0
        },
        "iterations": {
            "count": 180790,
            "rate": 602.6173835195692
        },
        "iteration_duration": {
            "max": 69.806995,
            "p(90)": 19.5342096,
            "p(95)": 21.42344724999999,
            "avg": 16.582298594712253,
            "min": 6.6688,
            "med": 16.019233
        }
    },
    "root_group": {
        "groups": {},
        "checks": {
                "products retrieved": {
                    "passes": 180790,
                    "fails": 0,
                    "name": "products retrieved",
                    "path": "::products retrieved",
                    "id": "65d122febf585ffd8f7dcadb21d3e53b"
                },
                "response time < 500ms": {
                    "path": "::response time < 500ms",
                    "id": "3e02485a995423a591645f4eee6c60eb",
                    "passes": 180790,
                    "fails": 0,
                    "name": "response time < 500ms"
                }
            },
        "name": "",
        "path": "",
        "id": "d41d8cd98f00b204e9800998ecf8427e"
    }
}