{
    "metrics": {
        "http_req_duration": {
            "p(90)": 323.9341468,
            "p(95)": 329.646751,
            "avg": 310.5226928135897,
            "min": 40.580023,
            "med": 308.91623749999997,
            "max": 10315.023553
        },
        "http_req_tls_handshaking": {
            "min": 0,
            "med": 0,
            "max": 0,
            "p(90)": 0,
            "p(95)": 0,
            "avg": 0
        },
        "http_req_receiving": {
            "max": 7.810759,
            "p(90)": 0.064914,
            "p(95)": 0.074898,
            "avg": 0.04865003121539301,
            "min": 0.025956,
            "med": 0.042282
        },
        "iteration_duration": {
            "med": 308.99248550000004,
            "max": 10315.311548,
            "p(90)": 324.01981820000003,
            "p(95)": 329.72625439999996,
            "avg": 310.60429334295804,
            "min": 41.059145
        },
        "http_req_waiting": {
            "avg": 310.46362195598937,
            "min": 40.294315,
            "med": 308.858301,
            "max": 10314.858717,
            "p(90)": 323.877139,
            "p(95)": 329.58345325
        },
        "checks": {
            "passes": 386323,
            "fails": 153,
            "value": 0.9996041151326344
        },
        "http_req_blocked": {
            "avg": 0.0054100747989527034,
            "min": 0.001548,
            "med": 0.002527,
            "max": 7.827326,
            "p(90)": 0.00398,
            "p(95)": 0.00462
        },
        "vus": {
            "value": 200,
            "min": 200,
            "max": 200
        },
        "http_req_sending": {
            "med": 0.007858,
            "max": 9.70863,
            "p(90)": 0.013853,
            "p(95)": 0.015487149999999995,
            "avg": 0.010420826390254524,
            "min": 0.004792
        },
        "vus_max": {
            "max": 200,
            "value": 200,
            "min": 200
        },
        "data_sent": {
            "count": 18164372,
            "rate": 60506.45886298498
        },
        "http_req_failed": {
            "passes": 0,
            "fails": 193238,
            "value": 0
        },
        "http_reqs": {
            "count": 193238,
            "rate": 643.6857325849467
        },
        "http_req_connecting": {
            "avg": 0.002294495958351877,
            "min": 0,
            "med": 0,
            "max": 7.791292,
            "p(90)": 0,
            "p(95)": 0
        },
        "iterations": {
            "count": 193238,
            "rate": 643.6857325849467
        },
        "http_req_duration{expected_response:true}": {
            "avg": 310.5226928135897,
            "min": 40.580023,
            "med": 308.91623749999997,
            "max": 10315.023553,
            "p(90)": 323.9341468,
            "p(95)": 329.646751
        },
        "data_received": {
            "count": 1206191596,
            "rate": 4017886.342795237
        }
    },
    "root_group": {
        "checks": {
            "products retrieved": {
                "fails": 0,
                "name": "products retrieved",
                "path": "::products retrieved",
                "id": "65d122febf585ffd8f7dcadb21d3e53b",
                "passes": 193238
            },
            "response time < 500ms": {
                "name": "response time < 500ms",
                "path": "::response time < 500ms",
                "id": "3e02485a995423a591645f4eee6c60eb",
                "passes": 193085,
                "fails": 153
            }
        },
        "name": "",
        "path": "",
        "id": "d41d8cd98f00b204e9800998ecf8427e",
        "groups": {}
    }
}