{
    "root_group": {
        "name": "",
        "path": "",
        "id": "d41d8cd98f00b204e9800998ecf8427e",
        "groups": {},
        "checks": {
                "products retrieved": {
                    "name": "products retrieved",
                    "path": "::products retrieved",
                    "id": "65d122febf585ffd8f7dcadb21d3e53b",
                    "passes": 165182,
                    "fails": 0
                },
                "response time < 500ms": {
                    "path": "::response time < 500ms",
                    "id": "3e02485a995423a591645f4eee6c60eb",
                    "passes": 165173,
                    "fails": 9,
                    "name": "response time < 500ms"
                }
            }
    },
    "metrics": {
        "vus": {
            "min": 50,
            "max": 50,
            "value": 50
        },
        "http_req_duration{expected_response:true}": {
            "p(95)": 102.33115764999998,
            "avg": 90.7187362322178,
            "min": 12.544089,
            "med": 89.21718100000001,
            "max": 746.060018,
            "p(90)": 96.5122757
        },
        "vus_max": {
            "value": 50,
            "min": 50,
            "max": 50
        },
        "http_reqs": {
            "count": 165182,
            "rate": 550.4928627395045
        },
        "iteration_duration": {
            "p(90)": 96.60086530000001,
            "p(95)": 102.43140784999999,
            "avg": 90.80810816946138,
            "min": 13.881506,
            "med": 89.301317,
            "max": 750.652842
        },
        "http_req_sending": {
            "avg": 0.010924788887409363,
            "min": 0.004892,
            "med": 0.009197,
            "max": 11.382637,
            "p(90)": 0.015176,
            "p(95)": 0.017451
        },
        "http_req_waiting": {
            "avg": 90.65147302912419,
            "min": 12.243732,
            "med": 89.1533585,
            "max": 745.949706,
            "p(90)": 96.4466401,
            "p(95)": 102.25226039999998
        },
        "http_req_failed": {
            "passes": 0,
            "fails": 165182,
            "value": 0
        },
        "checks": {
            "passes": 330355,
            "fails": 9,
            "value": 0.9999727573222263
        },
        "http_req_receiving": {
            "max": 15.080216,
            "p(90)": 0.0800229,
            "p(95)": 0.09817384999999995,
            "avg": 0.05633841420372591,
            "min": 0.025338,
            "med": 0.046721
        },
        "http_req_tls_handshaking": {
            "avg": 0,
            "min": 0,
            "med": 0,
            "max": 0,
            "p(90)": 0,
            "p(95)": 0
        },
        "data_sent": {
            "count": 15527108,
            "rate": 51746.32909751342
        },
        "http_req_blocked": {
            "avg": 0.0036280780472448377,
            "min": 0.001597,
            "med": 0.002884,
            "max": 4.223469,
            "p(90)": 0.004694,
            "p(95)": 0.005522
        },
        "http_req_connecting": {
            "avg": 0.000093784867600586,
            "min": 0,
            "med": 0,
            "max": 1.667497,
            "p(90)": 0,
            "p(95)": 0
        },
        "iterations": {
            "count": 165182,
            "rate": 550.4928627395045
        },
        "http_req_duration": {
            "med": 89.21718100000001,
            "max": 746.060018,
            "p(90)": 96.5122757,
            "p(95)": 102.33115764999998,
            "avg": 90.7187362322178,
            "min": 12.544089
        },
        "data_received": {
            "count": 1036351868,
            "rate": 3453792.220827651
        }
    }
}