{
    "root_group": {
        "path": "",
        "id": "d41d8cd98f00b204e9800998ecf8427e",
        "groups": {},
        "checks": {
                "products retrieved": {
                    "path": "::products retrieved",
                    "id": "65d122febf585ffd8f7dcadb21d3e53b",
                    "passes": 184641,
                    "fails": 0,
                    "name": "products retrieved"
                },
                "response time < 500ms": {
                    "name": "response time < 500ms",
                    "path": "::response time < 500ms",
                    "id": "3e02485a995423a591645f4eee6c60eb",
                    "passes": 184628,
                    "fails": 13
                }
            },
        "name": ""
    },
    "metrics": {
        "http_req_tls_handshaking": {
            "avg": 0,
            "min": 0,
            "med": 0,
            "max": 0,
            "p(90)": 0,
            "p(95)": 0
        },
        "iteration_duration": {
            "med": 80.67768,
            "max": 814.318539,
            "p(90)": 86.386076,
            "p(95)": 89.544964,
            "avg": 81.23581742289493,
            "min": 11.081991
        },
        "iterations": {
            "count": 184641,
            "rate": 615.365579150242
        },
        "http_req_blocked": {
            "avg": 0.0032046586998553906,
            "min": 0.001588,
            "med": 0.002651,
            "max": 1.868849,
            "p(90)": 0.004328,
            "p(95)": 0.005326
        },
        "http_req_connecting": {
            "avg": 0.00005288094193597305,
            "min": 0,
            "med": 0,
            "max": 0.607045,
            "p(90)": 0,
            "p(95)": 0
        },
        "vus": {
            "max": 50,
            "value": 50,
            "min": 50
        },
        "vus_max": {
            "value": 50,
            "min": 50,
            "max": 50
        },
        "data_sent": {
            "rate": 57844.36444012275,
            "count": 17356254
        },
        "http_req_failed": {
            "passes": 0,
            "fails": 184641,
            "value": 0
        },
        "http_req_duration": {
            "avg": 81.15264847885332,
            "min": 10.365441,
            "med": 80.597382,
            "max": 810.044094,
            "p(90)": 86.300923,
            "p(95)": 89.452932
        },
        "http_reqs": {
            "count": 184641,
            "rate": 615.365579150242
        },
        "http_req_duration{expected_response:true}": {
            "avg": 81.15264847885332,
            "min": 10.365441,
            "med": 80.597382,
            "max": 810.044094,
            "p(90)": 86.300923,
            "p(95)": 89.452932
        },
        "http_req_sending": {
            "avg": 0.009875749627656168,
            "min": 0.004842,
            "med": 0.008513,
            "max": 2.34407,
            "p(90)": 0.014791,
            "p(95)": 0.016861
        },
        "http_req_waiting": {
            "max": 809.95211,
            "p(90)": 86.232983,
            "p(95)": 89.388372,
            "avg": 81.09112877442654,
            "min": 10.174734,
            "med": 80.538366
        },
        "checks": {
            "passes": 369269,
            "fails": 13,
            "value": 0.9999647965511452
        },
        "data_received": {
            "count": 1152529122,
            "rate": 3841111.9450558107
        },
        "http_req_receiving": {
            "med": 0.043808,
            "max": 6.197299,
            "p(90)": 0.074113,
            "p(95)": 0.092601,
            "avg": 0.05164395479877165,
            "min": 0.025944
        }
    }
}