{
    "root_group": {
        "name": "",
        "path": "",
        "id": "d41d8cd98f00b204e9800998ecf8427e",
        "groups": {},
        "checks": {
                "products retrieved": {
                    "name": "products retrieved",
                    "path": "::products retrieved",
                    "id": "65d122febf585ffd8f7dcadb21d3e53b",
                    "passes": 184117,
                    "fails": 0
                },
                "response time < 500ms": {
                    "path": "::response time < 500ms",
                    "id": "3e02485a995423a591645f4eee6c60eb",
                    "passes": 184108,
                    "fails": 9,
                    "name": "response time < 500ms"
                }
            }
    },
    "metrics": {
        "http_req_duration{expected_response:true}": {
            "avg": 81.38696047831962,
            "min": 13.077141,
            "med": 80.935288,
            "max": 714.725239,
            "p(90)": 86.67274739999999,
            "p(95)": 90.020365
        },
        "data_sent": {
            "count": 17306998,
            "rate": 57678.09320586974
        },
        "http_req_tls_handshaking": {
            "p(95)": 0,
            "avg": 0,
            "min": 0,
            "med": 0,
            "max": 0,
            "p(90)": 0
        },
        "http_req_connecting": {
            "avg": 0.00006746457415665035,
            "min": 0,
            "med": 0,
            "max": 1.961266,
            "p(90)": 0,
            "p(95)": 0
        },
        "checks": {
            "passes": 368225,
            "fails": 9,
            "value": 0.9999755590195365
        },
        "http_req_waiting": {
            "avg": 81.32547590934547,
            "min": 12.821845,
            "med": 80.87529,
            "max": 714.638946,
            "p(90)": 86.6069594,
            "p(95)": 89.9578846
        },
        "http_req_blocked": {
            "avg": 0.0032042968655800115,
            "min": 0.001555,
            "med": 0.002628,
            "max": 2.015366,
            "p(90)": 0.004321,
            "p(95)": 0.005311
        },
        "http_req_duration": {
            "med": 80.935288,
            "max": 714.725239,
            "p(90)": 86.67274739999999,
            "p(95)": 90.020365,
            "avg": 81.38696047831962,
            "min": 13.077141
        },
        "vus": {
            "max": 50,
            "value": 50,
            "min": 50
        },
        "http_req_failed": {
            "passes": 0,
            "fails": 184117,
            "value": 0
        },
        "iteration_duration": {
            "min": 13.655638,
            "med": 81.018561,
            "max": 715.061888,
            "p(90)": 86.7635062,
            "p(95)": 90.11015139999998,
            "avg": 81.47005520973559
        },
        "http_req_sending": {
            "p(95)": 0.016764,
            "avg": 0.00997182035879364,
            "min": 0.004926,
            "med": 0.008453,
            "max": 2.849035,
            "p(90)": 0.014724
        },
        "data_received": {
            "count": 1149258314,
            "rate": 3830070.827564244
        },
        "vus_max": {
            "value": 50,
            "min": 50,
            "max": 50
        },
        "iterations": {
            "count": 184117,
            "rate": 613.5967362326569
        },
        "http_reqs": {
            "count": 184117,
            "rate": 613.5967362326569
        },
        "http_req_receiving": {
            "min": 0.025947,
            "med": 0.0434,
            "max": 6.264932,
            "p(90)": 0.074217,
            "p(95)": 0.09289019999999953,
            "avg": 0.05151274861636806
        }
    }
}