{
    "root_group": {
        "name": "",
        "path": "",
        "id": "d41d8cd98f00b204e9800998ecf8427e",
        "groups": {},
        "checks": {
                "products retrieved": {
                    "fails": 0,
                    "name": "products retrieved",
                    "path": "::products retrieved",
                    "id": "65d122febf585ffd8f7dcadb21d3e53b",
                    "passes": 163214
                },
                "response time < 500ms": {
                    "name": "response time < 500ms",
                    "path": "::response time < 500ms",
                    "id": "3e02485a995423a591645f4eee6c60eb",
                    "passes": 163214,
                    "fails": 0
                }
            }
    },
    "metrics": {
        "http_req_receiving": {
            "max": 4.55714,
            "p(90)": 0.10346040000000002,
            "p(95)": 0.11286240000000003,
            "avg": 0.06877694165941743,
            "min": 0.027003,
            "med": 0.06154
        },
        "http_req_duration": {
            "med": 17.6130265,
            "max": 78.776076,
            "p(90)": 21.733618900000007,
            "p(95)": 24.04205655,
            "avg": 18.25973884607306,
            "min": 6.744428
        },
        "iterations": {
            "rate": 544.0272387721226,
            "count": 163214
        },
        "http_reqs": {
            "count": 163214,
            "rate": 544.0272387721226
        },
        "http_req_waiting": {
            "max": 78.671969,
            "p(90)": 21.639265400000003,
            "p(95)": 23.9426381,
            "avg": 18.177976655072335,
            "min": 6.664866,
            "med": 17.5344485
        },
        "iteration_duration": {
            "avg": 18.368573562372188,
            "min": 6.839607,
            "med": 17.7188295,
            "max": 78.927803,
            "p(90)": 21.855618100000008,
            "p(95)": 24.16488245
        },
        "http_req_duration{expected_response:true}": {
            "max": 78.776076,
            "p(90)": 21.733618900000007,
            "p(95)": 24.04205655,
            "avg": 18.25973884607306,
            "min": 6.744428,
            "med": 17.6130265
        },
        "data_received": {
            "count": 1024004636,
            "rate": 3413226.8960562972
        },
        "http_req_failed": {
            "passes": 0,
            "fails": 163214,
            "value": 0
        },
        "http_req_tls_handshaking": {
            "max": 0,
            "p(90)": 0,
            "p(95)": 0,
            "avg": 0,
            "min": 0,
            "med": 0
        },
        "http_req_sending": {
            "med": 0.011532,
            "max": 7.684469,
            "p(90)": 0.018182,
            "p(95)": 0.02003635000000001,
            "avg": 0.01298524934135543,
            "min": 0.004915
        },
        "checks": {
            "fails": 0,
            "passes": 326428,
            "value": 1
        },
        "data_sent": {
            "rate": 51138.560444579525,
            "count": 15342116
        },
        "vus": {
            "value": 10,
            "min": 10,
            "max": 10
        },
        "http_req_blocked": {
            "max": 1.696952,
            "p(90)": 0.005717,
            "p(95)": 0.006307,
            "avg": 0.004044140637445339,
            "min": 0.001582,
            "med": 0.003598
        },
        "http_req_connecting": {
            "max": 1.335336,
            "p(90)": 0,
            "p(95)": 0,
            "avg": 0.00003204362370875048,
            "min": 0,
            "med": 0
        },
        "vus_max": {
            "value": 10,
            "min": 10,
            "max": 10
        }
    }
}