{
    "root_group": {
        "name": "",
        "path": "",
        "id": "d41d8cd98f00b204e9800998ecf8427e",
        "groups": {},
        "checks": {
                "products retrieved": {
                    "path": "::products retrieved",
                    "id": "65d122febf585ffd8f7dcadb21d3e53b",
                    "passes": 181344,
                    "fails": 0,
                    "name": "products retrieved"
                },
                "response time < 500ms": {
                    "fails": 0,
                    "name": "response time < 500ms",
                    "path": "::response time < 500ms",
                    "id": "3e02485a995423a591645f4eee6c60eb",
                    "passes": 181344
                }
            }
    },
    "metrics": {
        "http_req_waiting": {
            "avg": 16.358604383613375,
            "min": 6.096952,
            "med": 15.8325345,
            "max": 52.067766,
            "p(90)": 19.2220972,
            "p(95)": 20.9708615
        },
        "http_reqs": {
            "count": 181344,
            "rate": 604.459281696716
        },
        "http_req_failed": {
            "passes": 0,
            "fails": 181344,
            "value": 0
        },
        "http_req_tls_handshaking": {
            "p(90)": 0,
            "p(95)": 0,
            "avg": 0,
            "min": 0,
            "med": 0,
            "max": 0
        },
        "http_req_sending": {
            "avg": 0.011790527742853562,
            "min": 0.004956,
            "med": 0.010465,
            "max": 4.977737,
            "p(90)": 0.017746,
            "p(95)": 0.019497850000000008
        },
        "data_received": {
            "count": 1131949248,
            "rate": 3773034.836350901
        },
        "vus": {
            "value": 10,
            "min": 10,
            "max": 10
        },
        "data_sent": {
            "count": 17046336,
            "rate": 56819.1724794913
        },
        "http_req_duration": {
            "avg": 16.432877243084814,
            "min": 6.15639,
            "med": 15.904231,
            "max": 52.156266,
            "p(90)": 19.3104924,
            "p(95)": 21.060297650000003
        },
        "iterations": {
            "count": 181344,
            "rate": 604.459281696716
        },
        "http_req_connecting": {
            "p(95)": 0,
            "avg": 0.000010732023116287276,
            "min": 0,
            "med": 0,
            "max": 0.303409,
            "p(90)": 0
        },
        "http_req_blocked": {
            "p(90)": 0.005528,
            "p(95)": 0.006095,
            "avg": 0.003695588163931505,
            "min": 0.001569,
            "med": 0.003234,
            "max": 1.075694
        },
        "iteration_duration": {
            "avg": 16.53172870209613,
            "min": 6.292158,
            "med": 15.9993135,
            "max": 52.255073,
            "p(90)": 19.4209797,
            "p(95)": 21.17422305
        },
        "http_req_duration{expected_response:true}": {
            "p(95)": 21.060297650000003,
            "avg": 16.432877243084814,
            "min": 6.15639,
            "med": 15.904231,
            "max": 52.156266,
            "p(90)": 19.3104924
        },
        "http_req_receiving": {
            "p(95)": 0.10792655000000001,
            "avg": 0.0624823317286482,
            "min": 0.025426,
            "med": 0.0541315,
            "max": 6.053999,
            "p(90)": 0.0987007
        },
        "checks": {
            "passes": 362688,
            "fails": 0,
            "value": 1
        },
        "vus_max": {
            "value": 10,
            "min": 10,
            "max": 10
        }
    }
}