{
    "root_group": {
        "name": "",
        "path": "",
        "id": "d41d8cd98f00b204e9800998ecf8427e",
        "groups": {},
        "checks": {
                "products retrieved": {
                    "name": "products retrieved",
                    "path": "::products retrieved",
                    "id": "65d122febf585ffd8f7dcadb21d3e53b",
                    "passes": 170468,
                    "fails": 0
                },
                "response time < 500ms": {
                    "path": "::response time < 500ms",
                    "id": "3e02485a995423a591645f4eee6c60eb",
                    "passes": 170304,
                    "fails": 164,
                    "name": "response time < 500ms"
                }
            }
    },
    "metrics": {
        "http_reqs": {
            "count": 170468,
            "rate": 567.6591305667555
        },
        "data_sent": {
            "count": 16023992,
            "rate": 53359.95827327501
        },
        "http_req_blocked": {
            "max": 14.143857,
            "p(90)": 0.0041,
            "p(95)": 0.004847,
            "avg": 0.004017012987774868,
            "min": 0.001492,
            "med": 0.002558
        },
        "iteration_duration": {
            "med": 348.4031125,
            "max": 11975.223799,
            "p(90)": 369.89618,
            "p(95)": 387.3109886499999,
            "avg": 352.19154401153213,
            "min": 34.023001
        },
        "vus_max": {
            "value": 200,
            "min": 200,
            "max": 200
        },
        "http_req_waiting": {
            "min": 33.849381,
            "med": 348.26042199999995,
            "max": 11964.935379,
            "p(90)": 369.7583627,
            "p(95)": 387.1522513,
            "avg": 352.05114382399233
        },
        "http_req_failed": {
            "passes": 0,
            "fails": 170468,
            "value": 0
        },
        "vus": {
            "value": 200,
            "min": 200,
            "max": 200
        },
        "http_req_duration": {
            "min": 33.920071,
            "med": 348.31991000000005,
            "max": 11965.05329,
            "p(90)": 369.81456779999996,
            "p(95)": 387.23390015,
            "avg": 352.11063021270695
        },
        "iterations": {
            "count": 170468,
            "rate": 567.6591305667555
        },
        "http_req_connecting": {
            "avg": 0.0007697409543140061,
            "min": 0,
            "med": 0,
            "max": 14.079139,
            "p(90)": 0,
            "p(95)": 0
        },
        "http_req_sending": {
            "med": 0.007962,
            "max": 15.126148,
            "p(90)": 0.013899,
            "p(95)": 0.015826649999999994,
            "avg": 0.01025093598212009,
            "min": 0.004752
        },
        "data_received": {
            "count": 1069516232,
            "rate": 3561493.385175824
        },
        "http_req_tls_handshaking": {
            "max": 0,
            "p(90)": 0,
            "p(95)": 0,
            "avg": 0,
            "min": 0,
            "med": 0
        },
        "http_req_receiving": {
            "med": 0.04224,
            "max": 10.459358,
            "p(90)": 0.06665430000000003,
            "p(95)": 0.07885329999999999,
            "avg": 0.0492354527359972,
            "min": 0.02413
        },
        "checks": {
            "passes": 340772,
            "fails": 164,
            "value": 0.9995189713025319
        },
        "http_req_duration{expected_response:true}": {
            "min": 33.920071,
            "med": 348.31991000000005,
            "max": 11965.05329,
            "p(90)": 369.81456779999996,
            "p(95)": 387.23390015,
            "avg": 352.11063021270695
        }
    }
}