{
    "root_group": {
        "name": "",
        "path": "",
        "id": "d41d8cd98f00b204e9800998ecf8427e",
        "groups": {},
        "checks": {
                "products retrieved": {
                    "name": "products retrieved",
                    "path": "::products retrieved",
                    "id": "65d122febf585ffd8f7dcadb21d3e53b",
                    "passes": 188017,
                    "fails": 0
                },
                "response time < 500ms": {
                    "fails": 4,
                    "name": "response time < 500ms",
                    "path": "::response time < 500ms",
                    "id": "3e02485a995423a591645f4eee6c60eb",
                    "passes": 188013
                }
            }
    },
    "metrics": {
        "http_req_sending": {
            "med": 0.008859,
            "max": 6.385891,
            "p(90)": 0.015303399999999995,
            "p(95)": 0.01807419999999998,
            "avg": 0.010603871064850771,
            "min": 0.004916
        },
        "http_reqs": {
            "count": 188017,
            "rate": 626.590825539775
        },
        "iteration_duration": {
            "avg": 79.779149502689,
            "min": 19.350783,
            "med": 79.227618,
            "max": 569.532345,
            "p(90)": 85.8378112,
            "p(95)": 89.5585696
        },
        "http_req_duration": {
            "max": 569.203502,
            "p(90)": 85.74960519999999,
            "p(95)": 89.46748259999998,
            "avg": 79.69187525373218,
            "min": 18.656331,
            "med": 79.144761
        },
        "checks": {
            "fails": 4,
            "passes": 376030,
            "value": 0.9999893626640144
        },
        "iterations": {
            "count": 188017,
            "rate": 626.590825539775
        },
        "data_sent": {
            "count": 17673598,
            "rate": 58899.53760073885
        },
        "http_req_waiting": {
            "min": 18.324119,
            "med": 79.080974,
            "max": 569.110532,
            "p(90)": 85.681535,
            "p(95)": 89.39655839999996,
            "avg": 79.6268980763119
        },
        "http_req_tls_handshaking": {
            "p(90)": 0,
            "p(95)": 0,
            "avg": 0,
            "min": 0,
            "med": 0,
            "max": 0
        },
        "vus": {
            "value": 50,
            "min": 50,
            "max": 50
        },
        "http_req_failed": {
            "passes": 0,
            "fails": 188017,
            "value": 0
        },
        "data_received": {
            "count": 1173602114,
            "rate": 3911179.9330192753
        },
        "http_req_connecting": {
            "avg": 0.0000795888616454895,
            "min": 0,
            "med": 0,
            "max": 0.852847,
            "p(90)": 0,
            "p(95)": 0
        },
        "vus_max": {
            "max": 50,
            "value": 50,
            "min": 50
        },
        "http_req_duration{expected_response:true}": {
            "avg": 79.69187525373218,
            "min": 18.656331,
            "med": 79.144761,
            "max": 569.203502,
            "p(90)": 85.74960519999999,
            "p(95)": 89.46748259999998
        },
        "http_req_receiving": {
            "avg": 0.054373306355276145,
            "min": 0.024949,
            "med": 0.044423,
            "max": 10.32193,
            "p(90)": 0.08119819999999996,
            "p(95)": 0.09915219999999998
        },
        "http_req_blocked": {
            "p(90)": 0.004692,
            "p(95)": 0.005607,
            "avg": 0.0033916255551360093,
            "min": 0.00157,
            "med": 0.002723,
            "max": 1.936603
        }
    }
}