{
    "metrics": {
        "data_sent": {
            "count": 17080176,
            "rate": 56931.65150862533
        },
        "vus_max": {
            "value": 10,
            "min": 10,
            "max": 10
        },
        "checks": {
            "passes": 363408,
            "fails": 0,
            "value": 1
        },
        "iterations": {
            "count": 181704,
            "rate": 605.6558671130354
        },
        "http_req_duration": {
            "p(95)": 21.2056146,
            "avg": 16.400229775101117,
            "min": 6.900487,
            "med": 15.830366000000001,
            "max": 48.038501,
            "p(90)": 19.320607000000003
        },
        "http_req_blocked": {
            "max": 1.380801,
            "p(90)": 0.00556,
            "p(95)": 0.006124,
            "avg": 0.003746147426583856,
            "min": 0.001562,
            "med": 0.003272
        },
        "http_req_connecting": {
            "max": 1.261064,
            "p(90)": 0,
            "p(95)": 0,
            "avg": 0.000038999724827191476,
            "min": 0,
            "med": 0
        },
        "http_req_tls_handshaking": {
            "med": 0,
            "max": 0,
            "p(90)": 0,
            "p(95)": 0,
            "avg": 0,
            "min": 0
        },
        "vus": {
            "value": 10,
            "min": 10,
            "max": 10
        },
        "http_req_sending": {
            "avg": 0.011878060108748346,
            "min": 0.004967,
            "med": 0.010548,
            "max": 2.639155,
            "p(90)": 0.017774,
            "p(95)": 0.019517
        },
        "data_received": {
            "rate": 3780503.922519567,
            "count": 1134196368
        },
        "http_req_waiting": {
            "p(90)": 19.238291300000004,
            "p(95)": 21.120885500000004,
            "avg": 16.325920275316065,
            "min": 6.845535,
            "med": 15.760621,
            "max": 47.909869
        },
        "iteration_duration": {
            "min": 7.007472,
            "med": 15.9261,
            "max": 48.249929,
            "p(90)": 19.4299989,
            "p(95)": 21.320014,
            "avg": 16.49920948979635
        },
        "http_reqs": {
            "count": 181704,
            "rate": 605.6558671130354
        },
        "http_req_receiving": {
            "avg": 0.06243143967661661,
            "min": 0.026961,
            "med": 0.0541925,
            "max": 6.230018,
            "p(90)": 0.09844470000000001,
            "p(95)": 0.10778285000000001
        },
        "http_req_duration{expected_response:true}": {
            "p(90)": 19.320607000000003,
            "p(95)": 21.2056146,
            "avg": 16.400229775101117,
            "min": 6.900487,
            "med": 15.830366000000001,
            "max": 48.038501
        },
        "http_req_failed": {
            "passes": 0,
            "fails": 181704,
            "value": 0
        }
    },
    "root_group": {
        "path": "",
        "id": "d41d8cd98f00b204e9800998ecf8427e",
        "groups": {},
        "checks": {
                "products retrieved": {
                    "name": "products retrieved",
                    "path": "::products retrieved",
                    "id": "65d122febf585ffd8f7dcadb21d3e53b",
                    "passes": 181704,
                    "fails": 0
                },
                "response time < 500ms": {
                    "name": "response time < 500ms",
                    "path": "::response time < 500ms",
                    "id": "3e02485a995423a591645f4eee6c60eb",
                    "passes": 181704,
                    "fails": 0
                }
            },
        "name": ""
    }
}