{
    "root_group": {
        "path": "",
        "id": "d41d8cd98f00b204e9800998ecf8427e",
        "groups": {},
        "checks": {
                "order created": {
                    "path": "::order created",
                    "id": "5e7ce872bb14a562c4b9054c8eda7170",
                    "passes": 136564,
                    "fails": 0,
                    "name": "order created"
                },
                "response time < 500ms": {
                    "passes": 136394,
                    "fails": 170,
                    "name": "response time < 500ms",
                    "path": "::response time < 500ms",
                    "id": "3e02485a995423a591645f4eee6c60eb"
                }
            },
        "name": ""
    },
    "metrics": {
        "data_received": {
            "rate": 525414.5922979957,
            "count": 157691874
        },
        "http_req_connecting": {
            "p(90)": 0,
            "p(95)": 0,
            "avg": 0.000880337541372543,
            "min": 0,
            "med": 0,
            "max": 9.800961
        },
        "http_req_failed": {
            "passes": 0,
            "fails": 136564,
            "value": 0
        },
        "iterations": {
            "count": 136564,
            "rate": 455.01848993552755
        },
        "http_req_waiting": {
            "p(90)": 224.984598,
            "p(95)": 228.03141555,
            "avg": 219.58829005339598,
            "min": 13.706713,
            "med": 217.8264475,
            "max": 4342.823896
        },
        "data_sent": {
            "count": 71832664,
            "rate": 239339.7257060875
        },
        "http_req_duration": {
            "med": 217.875248,
            "max": 4342.921442,
            "p(90)": 225.0345126,
            "p(95)": 228.07893675,
            "avg": 219.63795574514944,
            "min": 13.859293
        },
        "http_req_tls_handshaking": {
            "avg": 0,
            "min": 0,
            "med": 0,
            "max": 0,
            "p(90)": 0,
            "p(95)": 0
        },
        "vus_max": {
            "value": 100,
            "min": 100,
            "max": 100
        },
        "checks": {
            "fails": 170,
            "passes": 272958,
            "value": 0.999377581207346
        },
        "http_req_duration{expected_response:true}": {
            "max": 4342.921442,
            "p(90)": 225.0345126,
            "p(95)": 228.07893675,
            "avg": 219.63795574514944,
            "min": 13.859293,
            "med": 217.875248
        },
        "http_req_blocked": {
            "avg": 0.0037665976977827855,
            "min": 0.001542,
            "med": 0.0023,
            "max": 9.867007,
            "p(90)": 0.003671,
            "p(95)": 0.004189
        },
        "iteration_duration": {
            "p(90)": 225.11948519999999,
            "p(95)": 228.16434195,
            "avg": 219.7256418815142,
            "min": 20.474631,
            "med": 217.961771,
            "max": 4343.597909
        },
        "vus": {
            "value": 100,
            "min": 100,
            "max": 100
        },
        "http_req_sending": {
            "avg": 0.012175556845142335,
            "min": 0.00563,
            "med": 0.009938,
            "max": 5.143408,
            "p(90)": 0.01653,
            "p(95)": 0.018192
        },
        "http_req_receiving": {
            "avg": 0.03749013491110385,
            "min": 0.018561,
            "med": 0.032942,
            "max": 4.77188,
            "p(90)": 0.049918,
            "p(95)": 0.05917524999999996
        },
        "http_reqs": {
            "count": 136564,
            "rate": 455.01848993552755
        }
    }
}