{
    "root_group": {
        "name": "",
        "path": "",
        "id": "d41d8cd98f00b204e9800998ecf8427e",
        "groups": {},
        "checks": {
                "order created": {
                    "name": "order created",
                    "path": "::order created",
                    "id": "5e7ce872bb14a562c4b9054c8eda7170",
                    "passes": 137744,
                    "fails": 0
                },
                "response time < 500ms": {
                    "id": "3e02485a995423a591645f4eee6c60eb",
                    "passes": 135990,
                    "fails": 1754,
                    "name": "response time < 500ms",
                    "path": "::response time < 500ms"
                }
            }
    },
    "metrics": {
        "iterations": {
            "count": 137744,
            "rate": 458.6461020781748
        },
        "vus_max": {
            "min": 200,
            "max": 200,
            "value": 200
        },
        "http_req_failed": {
            "passes": 0,
            "fails": 137744,
            "value": 0
        },
        "iteration_duration": {
            "p(95)": 460.9141819499999,
            "avg": 435.9939907349474,
            "min": 100.258454,
            "med": 428.25093949999996,
            "max": 1888.234285,
            "p(90)": 444.6631748
        },
        "http_req_blocked": {
            "p(95)": 0.004147,
            "avg": 0.003997088076431628,
            "min": 0.00152,
            "med": 0.002298,
            "max": 4.721658,
            "p(90)": 0.003637
        },
        "http_reqs": {
            "count": 137744,
            "rate": 458.6461020781748
        },
        "http_req_duration{expected_response:true}": {
            "avg": 435.9072510114446,
            "min": 99.624914,
            "med": 428.1657295,
            "max": 1888.101217,
            "p(90)": 444.57636030000003,
            "p(95)": 460.8398095
        },
        "data_received": {
            "count": 159068151,
            "rate": 529649.1129989874
        },
        "http_req_sending": {
            "p(95)": 0.017911849999999993,
            "avg": 0.012284818576490076,
            "min": 0.006174,
            "med": 0.009920499999999999,
            "max": 3.999564,
            "p(90)": 0.016421
        },
        "http_req_connecting": {
            "min": 0,
            "med": 0,
            "max": 4.620102,
            "p(90)": 0,
            "p(95)": 0,
            "avg": 0.0011256444418631664
        },
        "data_sent": {
            "count": 72453344,
            "rate": 241247.84969311996
        },
        "checks": {
            "passes": 273734,
            "fails": 1754,
            "value": 0.9936331165059821
        },
        "http_req_receiving": {
            "p(90)": 0.048837399999999996,
            "p(95)": 0.05444384999999999,
            "avg": 0.03662989768701381,
            "min": 0.018384,
            "med": 0.032824,
            "max": 4.747375
        },
        "vus": {
            "value": 200,
            "min": 200,
            "max": 200
        },
        "http_req_duration": {
            "avg": 435.9072510114446,
            "min": 99.624914,
            "med": 428.1657295,
            "max": 1888.101217,
            "p(90)": 444.57636030000003,
            "p(95)": 460.8398095
        },
        "http_req_tls_handshaking": {
            "p(90)": 0,
            "p(95)": 0,
            "avg": 0,
            "min": 0,
            "med": 0,
            "max": 0
        },
        "http_req_waiting": {
            "max": 1888.021196,
            "p(90)": 444.5290508,
            "p(95)": 460.78955634999994,
            "avg": 435.8583362951788,
            "min": 99.18789,
            "med": 428.1187605
        }
    }
}