{
    "root_group": {
        "name": "",
        "path": "",
        "id": "d41d8cd98f00b204e9800998ecf8427e",
        "groups": {},
        "checks": {
                "order created": {
                    "name": "order created",
                    "path": "::order created",
                    "id": "5e7ce872bb14a562c4b9054c8eda7170",
                    "passes": 138587,
                    "fails": 0
                },
                "response time < 500ms": {
                    "id": "3e02485a995423a591645f4eee6c60eb",
                    "passes": 138525,
                    "fails": 62,
                    "name": "response time < 500ms",
                    "path": "::response time < 500ms"
                }
            }
    },
    "metrics": {
        "http_req_duration{expected_response:true}": {
            "avg": 216.459882754149,
            "min": 44.501746,
            "med": 215.63782,
            "max": 3994.283533,
            "p(90)": 222.1352564,
            "p(95)": 224.6319494
        },
        "vus_max": {
            "value": 100,
            "min": 100,
            "max": 100
        },
        "http_req_blocked": {
            "p(90)": 0.003732,
            "p(95)": 0.004298,
            "avg": 0.004582306363511805,
            "min": 0.001547,
            "med": 0.002345,
            "max": 11.480511
        },
        "iteration_duration": {
            "max": 3997.948539,
            "p(90)": 222.22452239999998,
            "p(95)": 224.7194217,
            "avg": 216.54949018580302,
            "min": 44.585546,
            "med": 215.725157
        },
        "checks": {
            "passes": 277112,
            "fails": 62,
            "value": 0.9997763137956662
        },
        "http_req_duration": {
            "avg": 216.459882754149,
            "min": 44.501746,
            "med": 215.63782,
            "max": 3994.283533,
            "p(90)": 222.1352564,
            "p(95)": 224.6319494
        },
        "iterations": {
            "count": 138587,
            "rate": 461.6932031654739
        },
        "data_sent": {
            "count": 72896762,
            "rate": 242850.62486503928
        },
        "http_req_waiting": {
            "avg": 216.40957730445294,
            "min": 44.450521,
            "med": 215.589465,
            "max": 3994.214312,
            "p(90)": 222.0882918,
            "p(95)": 224.5855927
        },
        "http_reqs": {
            "count": 138587,
            "rate": 461.6932031654739
        },
        "data_received": {
            "count": 159928002,
            "rate": 532789.3057735164
        },
        "http_req_connecting": {
            "avg": 0.001323557252844784,
            "min": 0,
            "med": 0,
            "max": 5.286138,
            "p(90)": 0,
            "p(95)": 0
        },
        "http_req_failed": {
            "fails": 138587,
            "passes": 0,
            "value": 0
        },
        "http_req_tls_handshaking": {
            "max": 0,
            "p(90)": 0,
            "p(95)": 0,
            "avg": 0,
            "min": 0,
            "med": 0
        },
        "http_req_receiving": {
            "avg": 0.0378919154177521,
            "min": 0.018819,
            "med": 0.033328,
            "max": 3.970334,
            "p(90)": 0.050663,
            "p(95)": 0.05985819999999989
        },
        "vus": {
            "value": 100,
            "min": 100,
            "max": 100
        },
        "http_req_sending": {
            "min": 0.006297,
            "med": 0.010136,
            "max": 7.46645,
            "p(90)": 0.01678140000000001,
            "p(95)": 0.018598,
            "avg": 0.012413534278106963
        }
    }
}