{
    "root_group": {
        "name": "",
        "path": "",
        "id": "d41d8cd98f00b204e9800998ecf8427e",
        "groups": {},
        "checks": {
                "order created": {
                    "id": "5e7ce872bb14a562c4b9054c8eda7170",
                    "passes": 137039,
                    "fails": 0,
                    "name": "order created",
                    "path": "::order created"
                },
                "response time < 500ms": {
                    "name": "response time < 500ms",
                    "path": "::response time < 500ms",
                    "id": "3e02485a995423a591645f4eee6c60eb",
                    "passes": 137039,
                    "fails": 0
                }
            }
    },
    "metrics": {
        "http_req_sending": {
            "avg": 0.014810942592984502,
            "min": 0.006648,
            "med": 0.013831,
            "max": 2.541662,
            "p(90)": 0.021352,
            "p(95)": 0.023432
        },
        "http_req_waiting": {
            "max": 105.208562,
            "p(90)": 24.0436494,
            "p(95)": 25.9947091,
            "avg": 21.698222075328683,
            "min": 4.710235,
            "med": 21.174798
        },
        "http_req_receiving": {
            "p(90)": 0.07892859999999999,
            "p(95)": 0.088669,
            "avg": 0.05273294697859702,
            "min": 0.020405,
            "med": 0.047283,
            "max": 2.726423
        },
        "http_req_duration": {
            "p(90)": 24.1140016,
            "p(95)": 26.058012799999997,
            "avg": 21.76576596490026,
            "min": 4.760663,
            "med": 21.240425,
            "max": 105.439095
        },
        "http_req_blocked": {
            "avg": 0.0035302552120198556,
            "min": 0.001656,
            "med": 0.00315,
            "max": 0.796406,
            "p(90)": 0.005174,
            "p(95)": 0.00566
        },
        "http_req_tls_handshaking": {
            "max": 0,
            "p(90)": 0,
            "p(95)": 0,
            "avg": 0,
            "min": 0,
            "med": 0
        },
        "checks": {
            "passes": 274078,
            "fails": 0,
            "value": 1
        },
        "http_req_duration{expected_response:true}": {
            "avg": 21.76576596490026,
            "min": 4.760663,
            "med": 21.240425,
            "max": 105.439095,
            "p(90)": 24.1140016,
            "p(95)": 26.058012799999997
        },
        "iterations": {
            "count": 137039,
            "rate": 456.77460575958384
        },
        "data_sent": {
            "count": 72082514,
            "rate": 240263.4426295411
        },
        "http_reqs": {
            "count": 137039,
            "rate": 456.77460575958384
        },
        "http_req_connecting": {
            "p(90)": 0,
            "p(95)": 0,
            "avg": 0.000012736498369077417,
            "min": 0,
            "med": 0,
            "max": 0.32102
        },
        "data_received": {
            "count": 158238931,
            "rate": 527437.629604295
        },
        "iteration_duration": {
            "avg": 21.881207471311207,
            "min": 4.861339,
            "med": 21.354051,
            "max": 105.703945,
            "p(90)": 24.2292952,
            "p(95)": 26.177316299999994
        },
        "vus_max": {
            "value": 10,
            "min": 10,
            "max": 10
        },
        "http_req_failed": {
            "passes": 0,
            "fails": 137039,
            "value": 0
        },
        "vus": {
            "value": 10,
            "min": 10,
            "max": 10
        }
    }
}