{
    "root_group": {
        "name": "",
        "path": "",
        "id": "d41d8cd98f00b204e9800998ecf8427e",
        "groups": {},
        "checks": {
                "order created": {
                    "name": "order created",
                    "path": "::order created",
                    "id": "5e7ce872bb14a562c4b9054c8eda7170",
                    "passes": 138865,
                    "fails": 0
                },
                "response time < 500ms": {
                    "passes": 138850,
                    "fails": 15,
                    "name": "response time < 500ms",
                    "path": "::response time < 500ms",
                    "id": "3e02485a995423a591645f4eee6c60eb"
                }
            }
    },
    "metrics": {
        "data_received": {
            "count": 160250211,
            "rate": 533979.4687781604
        },
        "data_sent": {
            "count": 73042990,
            "rate": 243390.98684973636
        },
        "iterations": {
            "count": 138865,
            "rate": 462.72050731889044
        },
        "http_req_duration{expected_response:true}": {
            "max": 990.294668,
            "p(90)": 111.4688438,
            "p(95)": 114.28441079999997,
            "avg": 107.93988736879311,
            "min": 24.673075,
            "med": 107.523834
        },
        "http_req_waiting": {
            "min": 24.572379,
            "med": 107.471907,
            "max": 990.198036,
            "p(90)": 111.4162828,
            "p(95)": 114.2309552,
            "avg": 107.88772598558151
        },
        "http_req_receiving": {
            "max": 2.782872,
            "p(90)": 0.056682,
            "p(95)": 0.07146659999999998,
            "avg": 0.040092875764232365,
            "min": 0.018616,
            "med": 0.03464
        },
        "iteration_duration": {
            "max": 991.062211,
            "p(90)": 111.56216260000001,
            "p(95)": 114.39271639999998,
            "avg": 108.03188216571398,
            "min": 24.826094,
            "med": 107.614279
        },
        "vus": {
            "value": 50,
            "min": 50,
            "max": 50
        },
        "http_req_tls_handshaking": {
            "p(90)": 0,
            "p(95)": 0,
            "avg": 0,
            "min": 0,
            "med": 0,
            "max": 0
        },
        "http_req_blocked": {
            "med": 0.002447,
            "max": 4.581321,
            "p(90)": 0.003952,
            "p(95)": 0.004636,
            "avg": 0.0030182934144672934,
            "min": 0.001565
        },
        "http_req_sending": {
            "min": 0.006204,
            "med": 0.010485,
            "max": 1.786752,
            "p(90)": 0.017319,
            "p(95)": 0.019733599999999976,
            "avg": 0.012068507442480166
        },
        "vus_max": {
            "value": 50,
            "min": 50,
            "max": 50
        },
        "http_req_connecting": {
            "p(95)": 0,
            "avg": 0.00010050602383609978,
            "min": 0,
            "med": 0,
            "max": 3.016481,
            "p(90)": 0
        },
        "http_reqs": {
            "count": 138865,
            "rate": 462.72050731889044
        },
        "http_req_duration": {
            "p(95)": 114.28441079999997,
            "avg": 107.93988736879311,
            "min": 24.673075,
            "med": 107.523834,
            "max": 990.294668,
            "p(90)": 111.4688438
        },
        "checks": {
            "passes": 277715,
            "fails": 15,
            "value": 0.9999459907104022
        },
        "http_req_failed": {
            "passes": 0,
            "fails": 138865,
            "value": 0
        }
    }
}