{
    "metrics": {
        "http_req_blocked": {
            "med": 0.003188,
            "max": 0.961969,
            "p(90)": 0.005375,
            "p(95)": 0.005859,
            "avg": 0.003610894565034998,
            "min": 0.001675
        },
        "http_req_waiting": {
            "p(95)": 28.46771629999999,
            "avg": 22.68176765699301,
            "min": 5.641989,
            "med": 22.047384,
            "max": 74.365306,
            "p(90)": 25.4323586
        },
        "http_req_receiving": {
            "min": 0.021089,
            "med": 0.0487055,
            "max": 2.033557,
            "p(90)": 0.0835847,
            "p(95)": 0.09331039999999996,
            "avg": 0.05484723125676911
        },
        "data_received": {
            "count": 151043326,
            "rate": 503438.8337172363
        },
        "checks": {
            "passes": 262228,
            "fails": 0,
            "value": 1
        },
        "http_req_duration{expected_response:true}": {
            "avg": 22.75181293724562,
            "min": 5.694149,
            "med": 22.115739499999997,
            "max": 74.666808,
            "p(90)": 25.5055138,
            "p(95)": 28.53680735
        },
        "iteration_duration": {
            "p(95)": 28.6644519,
            "avg": 22.87092067227771,
            "min": 5.786437,
            "med": 22.233581,
            "max": 75.46094,
            "p(90)": 25.6289837
        },
        "http_reqs": {
            "count": 131114,
            "rate": 437.0128822772462
        },
        "http_req_tls_handshaking": {
            "avg": 0,
            "min": 0,
            "med": 0,
            "max": 0,
            "p(90)": 0,
            "p(95)": 0
        },
        "vus": {
            "min": 10,
            "max": 10,
            "value": 10
        },
        "http_req_failed": {
            "passes": 0,
            "fails": 131114,
            "value": 0
        },
        "http_req_duration": {
            "p(95)": 28.53680735,
            "avg": 22.75181293724562,
            "min": 5.694149,
            "med": 22.115739499999997,
            "max": 74.666808,
            "p(90)": 25.5055138
        },
        "http_req_connecting": {
            "med": 0,
            "max": 0.716127,
            "p(90)": 0,
            "p(95)": 0,
            "avg": 0.00001722278322681026,
            "min": 0
        },
        "http_req_sending": {
            "avg": 0.015198048995530684,
            "min": 0.006605,
            "med": 0.014166,
            "max": 2.078948,
            "p(90)": 0.0220057,
            "p(95)": 0.024184
        },
        "data_sent": {
            "count": 68965964,
            "rate": 229868.77607783148
        },
        "iterations": {
            "count": 131114,
            "rate": 437.0128822772462
        },
        "vus_max": {
            "value": 10,
            "min": 10,
            "max": 10
        }
    },
    "root_group": {
        "id": "d41d8cd98f00b204e9800998ecf8427e",
        "groups": {},
        "checks": {
                "order created": {
                    "name": "order created",
                    "path": "::order created",
                    "id": "5e7ce872bb14a562c4b9054c8eda7170",
                    "passes": 131114,
                    "fails": 0
                },
                "response time < 500ms": {
                    "name": "response time < 500ms",
                    "path": "::response time < 500ms",
                    "id": "3e02485a995423a591645f4eee6c60eb",
                    "passes": 131114,
                    "fails": 0
                }
            },
        "name": "",
        "path": ""
    }
}