{
    "metrics": {
        "http_req_sending": {
            "min": 0.006378,
            "med": 0.010682,
            "max": 2.899217,
            "p(90)": 0.017445,
            "p(95)": 0.019943,
            "avg": 0.012411205916534907
        },
        "http_req_waiting": {
            "avg": 113.06447732882789,
            "min": 40.101985,
            "med": 112.2201705,
            "max": 863.605846,
            "p(90)": 118.1352248,
            "p(95)": 124.00541664999999
        },
        "vus": {
            "max": 50,
            "value": 50,
            "min": 50
        },
        "data_received": {
            "count": 152752213,
            "rate": 508995.7025558289
        },
        "http_req_receiving": {
            "p(95)": 0.07207354999999999,
            "avg": 0.04074987223605808,
            "min": 0.018502,
            "med": 0.034933,
            "max": 3.416877,
            "p(90)": 0.056465200000000014
        },
        "http_req_duration{expected_response:true}": {
            "max": 863.712787,
            "p(90)": 118.1897249,
            "p(95)": 124.0654927,
            "avg": 113.11763840698062,
            "min": 40.155682,
            "med": 112.27374599999999
        },
        "iterations": {
            "count": 132510,
            "rate": 441.5452923465854
        },
        "http_req_connecting": {
            "p(95)": 0,
            "avg": 0.00046238878575201867,
            "min": 0,
            "med": 0,
            "max": 3.782184,
            "p(90)": 0
        },
        "http_req_tls_handshaking": {
            "avg": 0,
            "min": 0,
            "med": 0,
            "max": 0,
            "p(90)": 0,
            "p(95)": 0
        },
        "iteration_duration": {
            "min": 40.262859,
            "med": 112.36822649999999,
            "max": 864.12734,
            "p(90)": 118.2849578,
            "p(95)": 124.15312229999996,
            "avg": 113.21120387268226
        },
        "http_req_failed": {
            "passes": 0,
            "fails": 132510,
            "value": 0
        },
        "vus_max": {
            "min": 50,
            "max": 50,
            "value": 50
        },
        "http_req_duration": {
            "avg": 113.11763840698062,
            "min": 40.155682,
            "med": 112.27374599999999,
            "max": 863.712787,
            "p(90)": 118.1897249,
            "p(95)": 124.0654927
        },
        "checks": {
            "passes": 265010,
            "fails": 10,
            "value": 0.999962266998717
        },
        "data_sent": {
            "count": 69700260,
            "rate": 232252.82377430395
        },
        "http_reqs": {
            "count": 132510,
            "rate": 441.5452923465854
        },
        "http_req_blocked": {
            "med": 0.002436,
            "max": 4.16802,
            "p(90)": 0.003871,
            "p(95)": 0.004661,
            "avg": 0.00341689046109721,
            "min": 0.001586
        }
    },
    "root_group": {
        "name": "",
        "path": "",
        "id": "d41d8cd98f00b204e9800998ecf8427e",
        "groups": {},
        "checks": {
                "order created": {
                    "name": "order created",
                    "path": "::order created",
                    "id": "5e7ce872bb14a562c4b9054c8eda7170",
                    "passes": 132510,
                    "fails": 0
                },
                "response time < 500ms": {
                    "fails": 10,
                    "name": "response time < 500ms",
                    "path": "::response time < 500ms",
                    "id": "3e02485a995423a591645f4eee6c60eb",
                    "passes": 132500
                }
            }
    }
}