{
    "root_group": {
        "name": "",
        "path": "",
        "id": "d41d8cd98f00b204e9800998ecf8427e",
        "groups": {},
        "checks": {
                "order created": {
                    "passes": 131633,
                    "fails": 0,
                    "name": "order created",
                    "path": "::order created",
                    "id": "5e7ce872bb14a562c4b9054c8eda7170"
                },
                "response time < 500ms": {
                    "id": "3e02485a995423a591645f4eee6c60eb",
                    "passes": 131396,
                    "fails": 237,
                    "name": "response time < 500ms",
                    "path": "::response time < 500ms"
                }
            }
    },
    "metrics": {
        "http_req_connecting": {
            "med": 0,
            "max": 3.578549,
            "p(90)": 0,
            "p(95)": 0,
            "avg": 0.0005774023839006936,
            "min": 0
        },
        "http_req_blocked": {
            "p(95)": 0.004047,
            "avg": 0.0035134527512098164,
            "min": 0.00154,
            "med": 0.002311,
            "max": 4.505121,
            "p(90)": 0.003585
        },
        "http_req_sending": {
            "max": 3.074397,
            "p(90)": 0.016584,
            "p(95)": 0.017766399999999995,
            "avg": 0.011638865922679098,
            "min": 0.006335,
            "med": 0.010174
        },
        "http_reqs": {
            "count": 131633,
            "rate": 438.40785718789965
        },
        "iteration_duration": {
            "min": 16.362655,
            "med": 453.856902,
            "max": 16118.054732,
            "p(90)": 467.0539686,
            "p(95)": 472.5040912,
            "avg": 456.0455163645427
        },
        "checks": {
            "passes": 263029,
            "fails": 237,
            "value": 0.9990997698145602
        },
        "data_received": {
            "count": 151742059,
            "rate": 505381.7122717696
        },
        "http_req_duration": {
            "p(95)": 472.4191136,
            "avg": 455.95801287319483,
            "min": 16.195739,
            "med": 453.775347,
            "max": 16117.574982,
            "p(90)": 466.97131340000004
        },
        "data_sent": {
            "count": 69238958,
            "rate": 230602.5328808352
        },
        "iterations": {
            "count": 131633,
            "rate": 438.40785718789965
        },
        "http_req_failed": {
            "passes": 0,
            "fails": 131633,
            "value": 0
        },
        "vus": {
            "min": 200,
            "max": 200,
            "value": 200
        },
        "http_req_receiving": {
            "max": 5.386114,
            "p(90)": 0.0495326,
            "p(95)": 0.05468179999999999,
            "avg": 0.03748603037992024,
            "min": 0.019411,
            "med": 0.033679
        },
        "http_req_waiting": {
            "med": 453.72799,
            "max": 16117.328948,
            "p(90)": 466.9267538,
            "p(95)": 472.3722374,
            "avg": 455.9088879768925,
            "min": 16.070267
        },
        "http_req_duration{expected_response:true}": {
            "med": 453.775347,
            "max": 16117.574982,
            "p(90)": 466.97131340000004,
            "p(95)": 472.4191136,
            "avg": 455.95801287319483,
            "min": 16.195739
        },
        "http_req_tls_handshaking": {
            "min": 0,
            "med": 0,
            "max": 0,
            "p(90)": 0,
            "p(95)": 0,
            "avg": 0
        },
        "vus_max": {
            "value": 200,
            "min": 200,
            "max": 200
        }
    }
}