{
    "root_group": {
        "groups": {},
        "checks": {
                "order created": {
                    "name": "order created",
                    "path": "::order created",
                    "id": "5e7ce872bb14a562c4b9054c8eda7170",
                    "passes": 129854,
                    "fails": 0
                },
                "response time < 500ms": {
                    "id": "3e02485a995423a591645f4eee6c60eb",
                    "passes": 129844,
                    "fails": 10,
                    "name": "response time < 500ms",
                    "path": "::response time < 500ms"
                }
            },
        "name": "",
        "path": "",
        "id": "d41d8cd98f00b204e9800998ecf8427e"
    },
    "metrics": {
        "data_sent": {
            "rate": 227665.51622694382,
            "count": 68303204
        },
        "data_received": {
            "count": 149877497,
            "rate": 499565.6971715005
        },
        "vus": {
            "max": 10,
            "value": 10,
            "min": 10
        },
        "checks": {
            "passes": 259698,
            "fails": 10,
            "value": 0.999961495217706
        },
        "http_req_failed": {
            "fails": 129854,
            "passes": 0,
            "value": 0
        },
        "http_req_sending": {
            "max": 4.756716,
            "p(90)": 0.02189,
            "p(95)": 0.024354049999999974,
            "avg": 0.015063794969735117,
            "min": 0.006571,
            "med": 0.013849
        },
        "http_req_waiting": {
            "max": 1562.036248,
            "p(90)": 27.4837018,
            "p(95)": 30.675983649999996,
            "avg": 22.906971076139353,
            "min": 4.533461,
            "med": 21.9450545
        },
        "iterations": {
            "count": 129854,
            "rate": 432.82417533639506
        },
        "http_req_connecting": {
            "p(95)": 0,
            "avg": 0.000033129399171377085,
            "min": 0,
            "med": 0,
            "max": 0.584553,
            "p(90)": 0
        },
        "iteration_duration": {
            "p(90)": 27.6774475,
            "p(95)": 30.86589599999998,
            "avg": 23.092405690437136,
            "min": 4.690389,
            "med": 22.1276965,
            "max": 1562.189715
        },
        "http_req_blocked": {
            "p(90)": 0.005347,
            "p(95)": 0.005819,
            "avg": 0.0035685432639733987,
            "min": 0.001652,
            "med": 0.003109,
            "max": 0.884977
        },
        "http_req_duration": {
            "avg": 22.975756270796666,
            "min": 4.584572,
            "med": 22.012948,
            "max": 1562.094741,
            "p(90)": 27.556671899999998,
            "p(95)": 30.74561659999999
        },
        "http_reqs": {
            "count": 129854,
            "rate": 432.82417533639506
        },
        "http_req_receiving": {
            "max": 4.784508,
            "p(90)": 0.08393239999999999,
            "p(95)": 0.093654,
            "avg": 0.05372139968734138,
            "min": 0.019833,
            "med": 0.0470295
        },
        "http_req_tls_handshaking": {
            "avg": 0,
            "min": 0,
            "med": 0,
            "max": 0,
            "p(90)": 0,
            "p(95)": 0
        },
        "vus_max": {
            "max": 10,
            "value": 10,
            "min": 10
        },
        "http_req_duration{expected_response:true}": {
            "avg": 22.975756270796666,
            "min": 4.584572,
            "med": 22.012948,
            "max": 1562.094741,
            "p(90)": 27.556671899999998,
            "p(95)": 30.74561659999999
        }
    }
}