{
    "root_group": {
        "name": "",
        "path": "",
        "id": "d41d8cd98f00b204e9800998ecf8427e",
        "groups": {},
        "checks": {
                "order created": {
                    "name": "order created",
                    "path": "::order created",
                    "id": "5e7ce872bb14a562c4b9054c8eda7170",
                    "passes": 133220,
                    "fails": 0
                },
                "response time < 500ms": {
                    "name": "response time < 500ms",
                    "path": "::response time < 500ms",
                    "id": "3e02485a995423a591645f4eee6c60eb",
                    "passes": 133150,
                    "fails": 70
                }
            }
    },
    "metrics": {
        "http_req_receiving": {
            "max": 5.567481,
            "p(90)": 0.0506071,
            "p(95)": 0.05942104999999999,
            "avg": 0.03809884580393286,
            "min": 0.019339,
            "med": 0.033572
        },
        "http_req_duration{expected_response:true}": {
            "avg": 225.20524861536916,
            "min": 18.559189,
            "med": 223.7250325,
            "max": 4299.173139,
            "p(90)": 233.57601350000002,
            "p(95)": 237.79121775
        },
        "http_req_tls_handshaking": {
            "med": 0,
            "max": 0,
            "p(90)": 0,
            "p(95)": 0,
            "avg": 0,
            "min": 0
        },
        "iterations": {
            "count": 133220,
            "rate": 443.7937832141248
        },
        "http_req_failed": {
            "passes": 0,
            "fails": 133220,
            "value": 0
        },
        "vus_max": {
            "max": 100,
            "value": 100,
            "min": 100
        },
        "data_sent": {
            "count": 70073720,
            "rate": 233435.52997062964
        },
        "vus": {
            "max": 100,
            "value": 100,
            "min": 100
        },
        "http_reqs": {
            "count": 133220,
            "rate": 443.7937832141248
        },
        "http_req_blocked": {
            "p(95)": 0.004107,
            "avg": 0.0035930277435820062,
            "min": 0.001556,
            "med": 0.00232,
            "max": 6.909664,
            "p(90)": 0.003601
        },
        "data_received": {
            "count": 153766570,
            "rate": 512240.2629647166
        },
        "http_req_duration": {
            "avg": 225.20524861536916,
            "min": 18.559189,
            "med": 223.7250325,
            "max": 4299.173139,
            "p(90)": 233.57601350000002,
            "p(95)": 237.79121775
        },
        "iteration_duration": {
            "p(95)": 237.88521089999998,
            "avg": 225.29400112521023,
            "min": 18.667207,
            "med": 223.8101165,
            "max": 4306.270182,
            "p(90)": 233.6695724
        },
        "checks": {
            "passes": 266370,
            "fails": 70,
            "value": 0.9997372766851824
        },
        "http_req_connecting": {
            "avg": 0.00035525046539558615,
            "min": 0,
            "med": 0,
            "max": 2.968307,
            "p(90)": 0,
            "p(95)": 0
        },
        "http_req_sending": {
            "min": 0.006257,
            "med": 0.010288,
            "max": 6.733008,
            "p(90)": 0.016747,
            "p(95)": 0.018278,
            "avg": 0.012485218555772509
        },
        "http_req_waiting": {
            "max": 4299.112832,
            "p(90)": 233.5247535,
            "p(95)": 237.74153919999998,
            "avg": 225.1546645510125,
            "min": 18.497691,
            "med": 223.675177
        }
    }
}