{
    "metrics": {
        "iteration_duration": {
            "avg": 437.46940065017,
            "min": 21.316747,
            "med": 435.83920350000005,
            "max": 15580.096289,
            "p(90)": 446.061468,
            "p(95)": 449.50554
        },
        "vus": {
            "value": 200,
            "min": 200,
            "max": 200
        },
        "http_req_tls_handshaking": {
            "avg": 0,
            "min": 0,
            "med": 0,
            "max": 0,
            "p(90)": 0,
            "p(95)": 0
        },
        "vus_max": {
            "value": 200,
            "min": 200,
            "max": 200
        },
        "http_req_failed": {
            "passes": 0,
            "fails": 137226,
            "value": 0
        },
        "data_received": {
            "rate": 527576.310969418,
            "count": 158391202
        },
        "http_req_blocked": {
            "p(95)": 0.004211,
            "avg": 0.004077069352746562,
            "min": 0.001524,
            "med": 0.002305,
            "max": 9.188265,
            "p(90)": 0.003704
        },
        "http_req_connecting": {
            "avg": 0.0005105671082739418,
            "min": 0,
            "med": 0,
            "max": 3.056539,
            "p(90)": 0,
            "p(95)": 0
        },
        "http_req_receiving": {
            "max": 4.27822,
            "p(90)": 0.049154500000000004,
            "p(95)": 0.05472125,
            "avg": 0.036767248495183175,
            "min": 0.018448,
            "med": 0.033044
        },
        "http_reqs": {
            "count": 137226,
            "rate": 457.0783347492328
        },
        "http_req_duration": {
            "avg": 437.38266872173017,
            "min": 21.116539,
            "med": 435.75764300000003,
            "max": 15579.789792,
            "p(90)": 445.9784075,
            "p(95)": 449.41826425
        },
        "http_req_duration{expected_response:true}": {
            "med": 435.75764300000003,
            "max": 15579.789792,
            "p(90)": 445.9784075,
            "p(95)": 449.41826425,
            "avg": 437.38266872173017,
            "min": 21.116539
        },
        "http_req_sending": {
            "avg": 0.011533483232040667,
            "min": 0.006152,
            "med": 0.009898,
            "max": 6.588396,
            "p(90)": 0.016541,
            "p(95)": 0.017916
        },
        "checks": {
            "fails": 376,
            "passes": 274076,
            "value": 0.9986299972308454
        },
        "iterations": {
            "count": 137226,
            "rate": 457.0783347492328
        },
        "data_sent": {
            "count": 72180876,
            "rate": 240423.20407809646
        },
        "http_req_waiting": {
            "avg": 437.3343679900055,
            "min": 16.99991,
            "med": 435.7095255,
            "max": 15579.715637,
            "p(90)": 445.9306315,
            "p(95)": 449.37102174999995
        }
    },
    "root_group": {
        "name": "",
        "path": "",
        "id": "d41d8cd98f00b204e9800998ecf8427e",
        "groups": {},
        "checks": {
                "order created": {
                    "name": "order created",
                    "path": "::order created",
                    "id": "5e7ce872bb14a562c4b9054c8eda7170",
                    "passes": 137226,
                    "fails": 0
                },
                "response time < 500ms": {
                    "name": "response time < 500ms",
                    "path": "::response time < 500ms",
                    "id": "3e02485a995423a591645f4eee6c60eb",
                    "passes": 136850,
                    "fails": 376
                }
            }
    }
}