{
    "metrics": {
        "checks": {
            "passes": 235484,
            "fails": 11278,
            "value": 0.9542960423403928
        },
        "iteration_duration": {
            "p(90)": 499.467753,
            "p(95)": 504.686341,
            "avg": 486.6175231265777,
            "min": 75.010227,
            "med": 484.013304,
            "max": 16758.425438
        },
        "data_received": {
            "count": 142411860,
            "rate": 474217.05896820035
        },
        "http_req_connecting": {
            "p(90)": 0,
            "p(95)": 0,
            "avg": 0.0018967489402744353,
            "min": 0,
            "med": 0,
            "max": 8.614379
        },
        "vus": {
            "min": 200,
            "max": 200,
            "value": 200
        },
        "vus_max": {
            "value": 200,
            "min": 200,
            "max": 200
        },
        "data_sent": {
            "count": 64898406,
            "rate": 216105.1138932123
        },
        "http_reqs": {
            "count": 123381,
            "rate": 410.84622413158235
        },
        "http_req_waiting": {
            "avg": 486.4704873625849,
            "min": 68.69987,
            "med": 483.872681,
            "max": 16746.284977,
            "p(90)": 499.319148,
            "p(95)": 504.524174
        },
        "iterations": {
            "count": 123381,
            "rate": 410.84622413158235
        },
        "http_req_sending": {
            "p(90)": 0.01727,
            "p(95)": 0.019083,
            "avg": 0.012908308515897948,
            "min": 0.006294,
            "med": 0.010896,
            "max": 4.274628
        },
        "http_req_duration": {
            "p(90)": 499.371625,
            "p(95)": 504.578618,
            "avg": 486.5232224436729,
            "min": 70.278929,
            "med": 483.923337,
            "max": 16746.389179
        },
        "http_req_receiving": {
            "p(95)": 0.059051,
            "avg": 0.03982677257438328,
            "min": 0.019767,
            "med": 0.035507,
            "max": 9.358572,
            "p(90)": 0.052568
        },
        "http_req_blocked": {
            "avg": 0.00498170428185864,
            "min": 0.001523,
            "med": 0.002474,
            "max": 8.66542,
            "p(90)": 0.003787,
            "p(95)": 0.004364
        },
        "http_req_tls_handshaking": {
            "max": 0,
            "p(90)": 0,
            "p(95)": 0,
            "avg": 0,
            "min": 0,
            "med": 0
        },
        "http_req_failed": {
            "passes": 0,
            "fails": 123381,
            "value": 0
        },
        "http_req_duration{expected_response:true}": {
            "p(95)": 504.578618,
            "avg": 486.5232224436729,
            "min": 70.278929,
            "med": 483.923337,
            "max": 16746.389179,
            "p(90)": 499.371625
        }
    },
    "root_group": {
        "path": "",
        "id": "d41d8cd98f00b204e9800998ecf8427e",
        "groups": {},
        "checks": {
                "order created": {
                    "path": "::order created",
                    "id": "5e7ce872bb14a562c4b9054c8eda7170",
                    "passes": 123381,
                    "fails": 0,
                    "name": "order created"
                },
                "response time < 500ms": {
                    "name": "response time < 500ms",
                    "path": "::response time < 500ms",
                    "id": "3e02485a995423a591645f4eee6c60eb",
                    "passes": 112103,
                    "fails": 11278
                }
            },
        "name": ""
    }
}