{
    "metrics": {
        "iterations": {
            "count": 131751,
            "rate": 438.9791818470719
        },
        "http_req_blocked": {
            "avg": 0.0031737719865503394,
            "min": 0.001575,
            "med": 0.002316,
            "max": 3.329929,
            "p(90)": 0.003604,
            "p(95)": 0.004122
        },
        "http_reqs": {
            "rate": 438.9791818470719,
            "count": 131751
        },
        "data_sent": {
            "count": 69301026,
            "rate": 230903.04965155982
        },
        "http_req_waiting": {
            "avg": 227.61178802365882,
            "min": 40.873206,
            "med": 226.23319,
            "max": 4269.040694,
            "p(90)": 235.8692,
            "p(95)": 240.375921
        },
        "http_req_receiving": {
            "min": 0.019089,
            "med": 0.033678,
            "max": 5.732782,
            "p(90)": 0.050776,
            "p(95)": 0.059558,
            "avg": 0.03830071716343708
        },
        "iteration_duration": {
            "avg": 227.75034446757758,
            "min": 41.025336,
            "med": 226.370986,
            "max": 4269.874877,
            "p(90)": 236.009049,
            "p(95)": 240.52387099999999
        },
        "http_req_duration": {
            "avg": 227.6619464697031,
            "min": 40.935163,
            "med": 226.283075,
            "max": 4269.11222,
            "p(90)": 235.920509,
            "p(95)": 240.434095
        },
        "http_req_sending": {
            "avg": 0.011857728882513295,
            "min": 0.006386,
            "med": 0.010384,
            "max": 5.550577,
            "p(90)": 0.016884,
            "p(95)": 0.018438
        },
        "http_req_duration{expected_response:true}": {
            "med": 226.283075,
            "max": 4269.11222,
            "p(90)": 235.920509,
            "p(95)": 240.434095,
            "avg": 227.6619464697031,
            "min": 40.935163
        },
        "http_req_connecting": {
            "avg": 0.0002591741466857935,
            "min": 0,
            "med": 0,
            "max": 1.994177,
            "p(90)": 0,
            "p(95)": 0
        },
        "vus": {
            "value": 100,
            "min": 100,
            "max": 100
        },
        "http_req_failed": {
            "passes": 0,
            "fails": 131751,
            "value": 0
        },
        "data_received": {
            "count": 151889233,
            "rate": 506077.45849154296
        },
        "http_req_tls_handshaking": {
            "min": 0,
            "med": 0,
            "max": 0,
            "p(90)": 0,
            "p(95)": 0,
            "avg": 0
        },
        "checks": {
            "passes": 263435,
            "fails": 67,
            "value": 0.9997457324802089
        },
        "vus_max": {
            "value": 100,
            "min": 100,
            "max": 100
        }
    },
    "root_group": {
        "groups": {},
        "checks": {
                "order created": {
                    "path": "::order created",
                    "id": "5e7ce872bb14a562c4b9054c8eda7170",
                    "passes": 131751,
                    "fails": 0,
                    "name": "order created"
                },
                "response time < 500ms": {
                    "passes": 131684,
                    "fails": 67,
                    "name": "response time < 500ms",
                    "path": "::response time < 500ms",
                    "id": "3e02485a995423a591645f4eee6c60eb"
                }
            },
        "name": "",
        "path": "",
        "id": "d41d8cd98f00b204e9800998ecf8427e"
    }
}