{
    "metrics": {
        "http_req_sending": {
            "med": 0.010669,
            "max": 3.649638,
            "p(90)": 0.017369,
            "p(95)": 0.019727,
            "avg": 0.012323685424063981,
            "min": 0.006426
        },
        "vus": {
            "value": 50,
            "min": 50,
            "max": 50
        },
        "checks": {
            "fails": 11,
            "passes": 266977,
            "value": 0.9999587996464261
        },
        "iterations": {
            "count": 133494,
            "rate": 444.817829676799
        },
        "http_req_connecting": {
            "avg": 0.0004644412632777503,
            "min": 0,
            "med": 0,
            "max": 3.257611,
            "p(90)": 0,
            "p(95)": 0
        },
        "data_received": {
            "rate": 513399.87624412257,
            "count": 154076115
        },
        "http_req_blocked": {
            "med": 0.002426,
            "max": 4.839639,
            "p(90)": 0.003855,
            "p(95)": 0.004643,
            "avg": 0.0033884167528128737,
            "min": 0.001566
        },
        "http_req_tls_handshaking": {
            "p(90)": 0,
            "p(95)": 0,
            "avg": 0,
            "min": 0,
            "med": 0,
            "max": 0
        },
        "http_req_duration{expected_response:true}": {
            "min": 47.809746,
            "med": 111.4294395,
            "max": 871.547247,
            "p(90)": 117.1633012,
            "p(95)": 123.2179286,
            "avg": 112.2900559437953
        },
        "vus_max": {
            "value": 50,
            "min": 50,
            "max": 50
        },
        "data_sent": {
            "count": 70217844,
            "rate": 233974.17840999627
        },
        "http_req_waiting": {
            "max": 871.445755,
            "p(90)": 117.1056675,
            "p(95)": 123.1682872,
            "avg": 112.2370320727907,
            "min": 47.754313,
            "med": 111.37692899999999
        },
        "http_req_failed": {
            "passes": 0,
            "fails": 133494,
            "value": 0
        },
        "http_reqs": {
            "count": 133494,
            "rate": 444.817829676799
        },
        "iteration_duration": {
            "max": 874.814771,
            "p(90)": 117.2602501,
            "p(95)": 123.31514285,
            "avg": 112.38271984375304,
            "min": 47.951453,
            "med": 111.5212485
        },
        "http_req_duration": {
            "avg": 112.2900559437953,
            "min": 47.809746,
            "med": 111.4294395,
            "max": 871.547247,
            "p(90)": 117.1633012,
            "p(95)": 123.2179286
        },
        "http_req_receiving": {
            "max": 2.985148,
            "p(90)": 0.0564597,
            "p(95)": 0.07247469999999998,
            "avg": 0.04070018558137409,
            "min": 0.019133,
            "med": 0.0350405
        }
    },
    "root_group": {
        "path": "",
        "id": "d41d8cd98f00b204e9800998ecf8427e",
        "groups": {},
        "checks": {
                "order created": {
                    "name": "order created",
                    "path": "::order created",
                    "id": "5e7ce872bb14a562c4b9054c8eda7170",
                    "passes": 133494,
                    "fails": 0
                },
                "response time < 500ms": {
                    "name": "response time < 500ms",
                    "path": "::response time < 500ms",
                    "id": "3e02485a995423a591645f4eee6c60eb",
                    "passes": 133483,
                    "fails": 11
                }
            },
        "name": ""
    }
}