{
    "root_group": {
        "path": "",
        "id": "d41d8cd98f00b204e9800998ecf8427e",
        "groups": {},
        "checks": {
                "order created": {
                    "path": "::order created",
                    "id": "5e7ce872bb14a562c4b9054c8eda7170",
                    "passes": 128875,
                    "fails": 0,
                    "name": "order created"
                },
                "response time < 500ms": {
                    "name": "response time < 500ms",
                    "path": "::response time < 500ms",
                    "id": "3e02485a995423a591645f4eee6c60eb",
                    "passes": 128860,
                    "fails": 15
                }
            },
        "name": ""
    },
    "metrics": {
        "http_req_duration{expected_response:true}": {
            "med": 113.774469,
            "max": 983.46488,
            "p(90)": 126.78468980000001,
            "p(95)": 133.25099369999998,
            "avg": 116.30695445260079,
            "min": 32.462944
        },
        "http_req_tls_handshaking": {
            "avg": 0,
            "min": 0,
            "med": 0,
            "max": 0,
            "p(90)": 0,
            "p(95)": 0
        },
        "vus_max": {
            "min": 50,
            "max": 50,
            "value": 50
        },
        "vus": {
            "value": 50,
            "min": 50,
            "max": 50
        },
        "http_req_blocked": {
            "p(90)": 0.003881,
            "p(95)": 0.004748299999999988,
            "avg": 0.0033121062347235496,
            "min": 0.00159,
            "med": 0.00248,
            "max": 5.210818
        },
        "http_req_connecting": {
            "min": 0,
            "med": 0,
            "max": 0.916944,
            "p(90)": 0,
            "p(95)": 0,
            "avg": 0.00006133419204655675
        },
        "http_reqs": {
            "count": 128875,
            "rate": 429.434830693543
        },
        "http_req_sending": {
            "avg": 0.012881212547041835,
            "min": 0.006352,
            "med": 0.010886,
            "max": 7.229972,
            "p(90)": 0.017593,
            "p(95)": 0.020141
        },
        "http_req_waiting": {
            "avg": 116.25183874598592,
            "min": 32.412838,
            "med": 113.719046,
            "max": 983.397439,
            "p(90)": 126.7217488,
            "p(95)": 133.19628809999998
        },
        "http_req_receiving": {
            "avg": 0.04223449406789451,
            "min": 0.020164,
            "med": 0.035811,
            "max": 15.227115,
            "p(90)": 0.05807680000000002,
            "p(95)": 0.07336189999999997
        },
        "data_received": {
            "count": 148742401,
            "rate": 495636.6074908716
        },
        "iteration_duration": {
            "med": 113.868559,
            "max": 989.391657,
            "p(90)": 126.88773680000001,
            "p(95)": 133.34973879999995,
            "avg": 116.40241717855217,
            "min": 32.57961
        },
        "http_req_failed": {
            "passes": 0,
            "fails": 128875,
            "value": 0
        },
        "iterations": {
            "count": 128875,
            "rate": 429.434830693543
        },
        "data_sent": {
            "count": 67788250,
            "rate": 225882.72094480362
        },
        "checks": {
            "passes": 257735,
            "fails": 15,
            "value": 0.9999418040737148
        },
        "http_req_duration": {
            "med": 113.774469,
            "max": 983.46488,
            "p(90)": 126.78468980000001,
            "p(95)": 133.25099369999998,
            "avg": 116.30695445260079,
            "min": 32.462944
        }
    }
}