{
    "metrics": {
        "http_req_tls_handshaking": {
            "med": 0,
            "max": 0,
            "p(90)": 0,
            "p(95)": 0,
            "avg": 0,
            "min": 0
        },
        "vus_max": {
            "value": 50,
            "min": 50,
            "max": 50
        },
        "http_req_duration{expected_response:true}": {
            "max": 1210.080597,
            "p(90)": 117.84870620000001,
            "p(95)": 123.87691849999999,
            "avg": 110.45158705881092,
            "min": 24.825928,
            "med": 108.158155
        },
        "vus": {
            "value": 50,
            "min": 50,
            "max": 50
        },
        "http_req_blocked": {
            "avg": 0.0031615609143227693,
            "min": 0.001552,
            "med": 0.002565,
            "max": 1.928151,
            "p(90)": 0.004117,
            "p(95)": 0.004841
        },
        "http_req_failed": {
            "passes": 0,
            "fails": 135707,
            "value": 0
        },
        "http_req_waiting": {
            "max": 1210.018828,
            "p(90)": 117.79261740000001,
            "p(95)": 123.81763079999999,
            "avg": 110.39679388027298,
            "min": 24.776848,
            "med": 108.105615
        },
        "http_req_receiving": {
            "avg": 0.04183845880463051,
            "min": 0.019175,
            "med": 0.035929,
            "max": 3.589944,
            "p(90)": 0.058862,
            "p(95)": 0.073691
        },
        "checks": {
            "passes": 271344,
            "fails": 70,
            "value": 0.9997420914175392
        },
        "http_req_sending": {
            "p(95)": 0.020784,
            "avg": 0.012954719734427723,
            "min": 0.006371,
            "med": 0.011021,
            "max": 13.849196,
            "p(90)": 0.018101
        },
        "http_req_connecting": {
            "avg": 0.00006204111062804427,
            "min": 0,
            "med": 0,
            "max": 0.573012,
            "p(90)": 0,
            "p(95)": 0
        },
        "iteration_duration": {
            "min": 24.93322,
            "med": 108.251121,
            "max": 1210.399481,
            "p(90)": 117.9444538,
            "p(95)": 123.98464349999999,
            "avg": 110.54701205201633
        },
        "data_sent": {
            "count": 71381882,
            "rate": 237860.85577223884
        },
        "http_reqs": {
            "rate": 452.20695013733615,
            "count": 135707
        },
        "http_req_duration": {
            "avg": 110.45158705881092,
            "min": 24.825928,
            "med": 108.158155,
            "max": 1210.080597,
            "p(90)": 117.84870620000001,
            "p(95)": 123.87691849999999
        },
        "iterations": {
            "count": 135707,
            "rate": 452.20695013733615
        },
        "data_received": {
            "count": 156709022,
            "rate": 522190.5199998874
        }
    },
    "root_group": {
        "name": "",
        "path": "",
        "id": "d41d8cd98f00b204e9800998ecf8427e",
        "groups": {},
        "checks": {
                "order created": {
                    "name": "order created",
                    "path": "::order created",
                    "id": "5e7ce872bb14a562c4b9054c8eda7170",
                    "passes": 135707,
                    "fails": 0
                },
                "response time < 500ms": {
                    "id": "3e02485a995423a591645f4eee6c60eb",
                    "passes": 135637,
                    "fails": 70,
                    "name": "response time < 500ms",
                    "path": "::response time < 500ms"
                }
            }
    }
}