{
    "root_group": {
        "name": "",
        "path": "",
        "id": "d41d8cd98f00b204e9800998ecf8427e",
        "groups": {},
        "checks": {
                "order created": {
                    "name": "order created",
                    "path": "::order created",
                    "id": "5e7ce872bb14a562c4b9054c8eda7170",
                    "passes": 138403,
                    "fails": 0
                },
                "response time < 500ms": {
                    "fails": 70,
                    "name": "response time < 500ms",
                    "path": "::response time < 500ms",
                    "id": "3e02485a995423a591645f4eee6c60eb",
                    "passes": 138333
                }
            }
    },
    "metrics": {
        "iteration_duration": {
            "med": 215.861721,
            "max": 4195.41101,
            "p(90)": 222.68854760000002,
            "p(95)": 225.9432453,
            "avg": 216.78869580886152,
            "min": 18.689079
        },
        "http_req_waiting": {
            "med": 215.726041,
            "max": 4194.356785,
            "p(90)": 222.545965,
            "p(95)": 225.7990554,
            "avg": 216.6495580903679,
            "min": 14.185702
        },
        "data_sent": {
            "count": 72799978,
            "rate": 242588.40191779324
        },
        "iterations": {
            "count": 138403,
            "rate": 461.1946804520784
        },
        "http_req_connecting": {
            "avg": 0.00045431788328287694,
            "min": 0,
            "med": 0,
            "max": 6.3404,
            "p(90)": 0,
            "p(95)": 0
        },
        "http_req_blocked": {
            "p(90)": 0.003822,
            "p(95)": 0.004407,
            "avg": 0.003389410648613133,
            "min": 0.001557,
            "med": 0.002392,
            "max": 6.728774
        },
        "http_req_receiving": {
            "avg": 0.038339751197589,
            "min": 0.018631,
            "med": 0.033577,
            "max": 4.400161,
            "p(90)": 0.0513708,
            "p(95)": 0.061285499999999916
        },
        "vus_max": {
            "value": 100,
            "min": 100,
            "max": 100
        },
        "http_reqs": {
            "count": 138403,
            "rate": 461.1946804520784
        },
        "data_received": {
            "count": 159736394,
            "rate": 532283.0804780048
        },
        "http_req_duration": {
            "avg": 216.69986740095976,
            "min": 17.456043,
            "med": 215.774757,
            "max": 4194.461446,
            "p(90)": 222.59814839999999,
            "p(95)": 225.8519743
        },
        "checks": {
            "passes": 276736,
            "fails": 70,
            "value": 0.9997471153081942
        },
        "http_req_duration{expected_response:true}": {
            "med": 215.774757,
            "max": 4194.461446,
            "p(90)": 222.59814839999999,
            "p(95)": 225.8519743,
            "avg": 216.69986740095976,
            "min": 17.456043
        },
        "http_req_failed": {
            "passes": 0,
            "fails": 138403,
            "value": 0
        },
        "vus": {
            "value": 100,
            "min": 100,
            "max": 100
        },
        "http_req_sending": {
            "med": 0.010181,
            "max": 7.028992,
            "p(90)": 0.016821,
            "p(95)": 0.018883,
            "avg": 0.011969559395388886,
            "min": 0.00623
        },
        "http_req_tls_handshaking": {
            "avg": 0,
            "min": 0,
            "med": 0,
            "max": 0,
            "p(90)": 0,
            "p(95)": 0
        }
    }
}