{
    "root_group": {
        "name": "",
        "path": "",
        "id": "d41d8cd98f00b204e9800998ecf8427e",
        "groups": {},
        "checks": {
                "order created": {
                    "name": "order created",
                    "path": "::order created",
                    "id": "5e7ce872bb14a562c4b9054c8eda7170",
                    "passes": 129225,
                    "fails": 0
                },
                "response time < 500ms": {
                    "passes": 129205,
                    "fails": 20,
                    "name": "response time < 500ms",
                    "path": "::response time < 500ms",
                    "id": "3e02485a995423a591645f4eee6c60eb"
                }
            }
    },
    "metrics": {
        "iteration_duration": {
            "avg": 23.204586908137134,
            "min": 5.005218,
            "med": 22.13733,
            "max": 1538.287991,
            "p(90)": 27.394715,
            "p(95)": 30.780073399999985
        },
        "http_req_sending": {
            "med": 0.013517,
            "max": 3.483992,
            "p(90)": 0.021491,
            "p(95)": 0.023757,
            "avg": 0.014769512594312311,
            "min": 0.006478
        },
        "data_received": {
            "rate": 497072.6682988234,
            "count": 149125647
        },
        "http_req_failed": {
            "passes": 0,
            "fails": 129225,
            "value": 0
        },
        "iterations": {
            "count": 129225,
            "rate": 430.73888934017805
        },
        "http_req_waiting": {
            "p(90)": 27.201487800000006,
            "p(95)": 30.589493799999985,
            "avg": 23.022049786875723,
            "min": 4.80355,
            "med": 21.958846,
            "max": 1538.131411
        },
        "http_req_connecting": {
            "avg": 0.000024918808280131557,
            "min": 0,
            "med": 0,
            "max": 0.605868,
            "p(90)": 0,
            "p(95)": 0
        },
        "checks": {
            "passes": 258430,
            "fails": 20,
            "value": 0.999922615592958
        },
        "data_sent": {
            "count": 67972350,
            "rate": 226568.65579293366
        },
        "vus_max": {
            "value": 10,
            "min": 10,
            "max": 10
        },
        "http_req_receiving": {
            "avg": 0.05248577984136249,
            "min": 0.019999,
            "med": 0.046133,
            "max": 1.361111,
            "p(90)": 0.081759,
            "p(95)": 0.0914478
        },
        "http_reqs": {
            "count": 129225,
            "rate": 430.73888934017805
        },
        "http_req_tls_handshaking": {
            "p(90)": 0,
            "p(95)": 0,
            "avg": 0,
            "min": 0,
            "med": 0,
            "max": 0
        },
        "vus": {
            "value": 10,
            "min": 10,
            "max": 10
        },
        "http_req_duration{expected_response:true}": {
            "min": 4.86883,
            "med": 22.02398,
            "max": 1538.18713,
            "p(90)": 27.270452200000012,
            "p(95)": 30.66013759999998,
            "avg": 23.08930507931141
        },
        "http_req_duration": {
            "med": 22.02398,
            "max": 1538.18713,
            "p(90)": 27.270452200000012,
            "p(95)": 30.66013759999998,
            "avg": 23.08930507931141,
            "min": 4.86883
        },
        "http_req_blocked": {
            "max": 2.795986,
            "p(90)": 0.005272,
            "p(95)": 0.005727,
            "avg": 0.0035336171561230084,
            "min": 0.001626,
            "med": 0.003058
        }
    }
}