{
    "root_group": {
        "id": "d41d8cd98f00b204e9800998ecf8427e",
        "groups": {},
        "checks": {
                "order created": {
                    "id": "5e7ce872bb14a562c4b9054c8eda7170",
                    "passes": 137312,
                    "fails": 0,
                    "name": "order created",
                    "path": "::order created"
                },
                "response time < 500ms": {
                    "fails": 69,
                    "name": "response time < 500ms",
                    "path": "::response time < 500ms",
                    "id": "3e02485a995423a591645f4eee6c60eb",
                    "passes": 137243
                }
            },
        "name": "",
        "path": ""
    },
    "metrics": {
        "vus_max": {
            "value": 50,
            "min": 50,
            "max": 50
        },
        "http_req_duration{expected_response:true}": {
            "min": 24.657858,
            "med": 107.94701599999999,
            "max": 1196.262567,
            "p(90)": 112.5721678,
            "p(95)": 118.10104170000001,
            "avg": 109.15281529789071
        },
        "http_req_blocked": {
            "avg": 0.0035691919424376004,
            "min": 0.001556,
            "med": 0.002491,
            "max": 4.629877,
            "p(90)": 0.004035,
            "p(95)": 0.004706
        },
        "http_req_sending": {
            "p(90)": 0.017698,
            "p(95)": 0.02027745,
            "avg": 0.01245071352103236,
            "min": 0.006363,
            "med": 0.010699,
            "max": 2.832362
        },
        "http_req_tls_handshaking": {
            "avg": 0,
            "min": 0,
            "med": 0,
            "max": 0,
            "p(90)": 0,
            "p(95)": 0
        },
        "vus": {
            "value": 50,
            "min": 50,
            "max": 50
        },
        "http_req_waiting": {
            "med": 107.895027,
            "max": 1196.216062,
            "p(90)": 112.5165078,
            "p(95)": 118.0457167,
            "avg": 109.09962690218713,
            "min": 24.600388
        },
        "http_reqs": {
            "rate": 457.56447911029346,
            "count": 137312
        },
        "checks": {
            "passes": 274555,
            "fails": 69,
            "value": 0.9997487473782335
        },
        "http_req_connecting": {
            "med": 0,
            "max": 4.574729,
            "p(90)": 0,
            "p(95)": 0,
            "avg": 0.0005962987867047311,
            "min": 0
        },
        "iteration_duration": {
            "avg": 109.24666417782228,
            "min": 24.795751,
            "med": 108.04040499999999,
            "max": 1196.338074,
            "p(90)": 112.6677166,
            "p(95)": 118.19748015
        },
        "data_sent": {
            "count": 72226112,
            "rate": 240678.91601201435
        },
        "data_received": {
            "count": 158474517,
            "rate": 528084.2885061782
        },
        "http_req_duration": {
            "p(95)": 118.10104170000001,
            "avg": 109.15281529789071,
            "min": 24.657858,
            "med": 107.94701599999999,
            "max": 1196.262567,
            "p(90)": 112.5721678
        },
        "http_req_receiving": {
            "min": 0.019285,
            "med": 0.035163,
            "max": 4.334842,
            "p(90)": 0.05745180000000002,
            "p(95)": 0.07212679999999999,
            "avg": 0.04073768218364018
        },
        "iterations": {
            "count": 137312,
            "rate": 457.56447911029346
        },
        "http_req_failed": {
            "passes": 0,
            "fails": 137312,
            "value": 0
        }
    }
}