{
    "metrics": {
        "vus": {
            "value": 200,
            "min": 200,
            "max": 200
        },
        "vus_max": {
            "value": 200,
            "min": 200,
            "max": 200
        },
        "http_req_sending": {
            "p(95)": 0.017637,
            "avg": 0.014830513904111192,
            "min": 0.006278,
            "med": 0.010222,
            "max": 17.218477,
            "p(90)": 0.01653
        },
        "http_req_connecting": {
            "avg": 0.0011147282897074045,
            "min": 0,
            "med": 0,
            "max": 6.402575,
            "p(90)": 0,
            "p(95)": 0
        },
        "http_req_tls_handshaking": {
            "med": 0,
            "max": 0,
            "p(90)": 0,
            "p(95)": 0,
            "avg": 0,
            "min": 0
        },
        "http_req_receiving": {
            "med": 0.0333,
            "max": 3.242756,
            "p(90)": 0.049086,
            "p(95)": 0.05385919999999998,
            "avg": 0.03716532437131038,
            "min": 0.019776
        },
        "iteration_duration": {
            "min": 39.875336,
            "med": 451.97492,
            "max": 15846.22699,
            "p(90)": 464.79862019999996,
            "p(95)": 469.23810579999997,
            "avg": 453.9080788849597
        },
        "http_req_failed": {
            "passes": 0,
            "fails": 132299,
            "value": 0
        },
        "http_req_blocked": {
            "avg": 0.0040816427335051576,
            "min": 0.00154,
            "med": 0.002293,
            "max": 15.106276,
            "p(90)": 0.003532,
            "p(95)": 0.003935
        },
        "http_req_duration": {
            "min": 39.769465,
            "med": 451.889528,
            "max": 15841.758617,
            "p(90)": 464.708357,
            "p(95)": 469.1533753,
            "avg": 453.8208707800789
        },
        "checks": {
            "fails": 364,
            "passes": 264234,
            "value": 0.9986243282262148
        },
        "data_sent": {
            "count": 69589274,
            "rate": 231705.7244315598
        },
        "iterations": {
            "count": 132299,
            "rate": 440.50517952768024
        },
        "http_reqs": {
            "count": 132299,
            "rate": 440.50517952768024
        },
        "http_req_waiting": {
            "avg": 453.7688749418016,
            "min": 39.703978,
            "med": 451.842283,
            "max": 15841.659111,
            "p(90)": 464.6565488,
            "p(95)": 469.1066467
        },
        "data_received": {
            "count": 152709605,
            "rate": 508464.70469259884
        },
        "http_req_duration{expected_response:true}": {
            "med": 451.889528,
            "max": 15841.758617,
            "p(90)": 464.708357,
            "p(95)": 469.1533753,
            "avg": 453.8208707800789,
            "min": 39.769465
        }
    },
    "root_group": {
        "name": "",
        "path": "",
        "id": "d41d8cd98f00b204e9800998ecf8427e",
        "groups": {},
        "checks": {
                "order created": {
                    "name": "order created",
                    "path": "::order created",
                    "id": "5e7ce872bb14a562c4b9054c8eda7170",
                    "passes": 132299,
                    "fails": 0
                },
                "response time < 500ms": {
                    "name": "response time < 500ms",
                    "path": "::response time < 500ms",
                    "id": "3e02485a995423a591645f4eee6c60eb",
                    "passes": 131935,
                    "fails": 364
                }
            }
    }
}