{
    "root_group": {
        "checks": {
            "order created": {
                "id": "5e7ce872bb14a562c4b9054c8eda7170",
                "passes": 124841,
                "fails": 0,
                "name": "order created",
                "path": "::order created"
            },
            "response time < 500ms": {
                "name": "response time < 500ms",
                "path": "::response time < 500ms",
                "id": "3e02485a995423a591645f4eee6c60eb",
                "passes": 124783,
                "fails": 58
            }
        },
        "name": "",
        "path": "",
        "id": "d41d8cd98f00b204e9800998ecf8427e",
        "groups": {}
    },
    "metrics": {
        "http_req_failed": {
            "passes": 0,
            "fails": 124841,
            "value": 0
        },
        "http_req_receiving": {
            "avg": 0.04058441648977406,
            "min": 0.019667,
            "med": 0.03538,
            "max": 4.882613,
            "p(90)": 0.053915,
            "p(95)": 0.064389
        },
        "iteration_duration": {
            "p(95)": 255.072067,
            "avg": 240.3504981196905,
            "min": 85.446027,
            "med": 238.598588,
            "max": 4156.117201,
            "p(90)": 250.296874
        },
        "http_req_tls_handshaking": {
            "avg": 0,
            "min": 0,
            "med": 0,
            "max": 0,
            "p(90)": 0,
            "p(95)": 0
        },
        "http_req_waiting": {
            "avg": 240.2038779258957,
            "min": 85.004246,
            "med": 238.452564,
            "max": 4155.707726,
            "p(90)": 250.142033,
            "p(95)": 254.914034
        },
        "vus_max": {
            "max": 100,
            "value": 100,
            "min": 100
        },
        "http_req_duration{expected_response:true}": {
            "p(90)": 250.198795,
            "p(95)": 254.968052,
            "avg": 240.25714740574693,
            "min": 85.102721,
            "med": 238.506607,
            "max": 4155.805682
        },
        "vus": {
            "value": 100,
            "min": 100,
            "max": 100
        },
        "http_req_duration": {
            "med": 238.506607,
            "max": 4155.805682,
            "p(90)": 250.198795,
            "p(95)": 254.968052,
            "avg": 240.25714740574693,
            "min": 85.102721
        },
        "http_reqs": {
            "count": 124841,
            "rate": 415.9736422202379
        },
        "http_req_connecting": {
            "avg": 0.00026515553383904317,
            "min": 0,
            "med": 0,
            "max": 1.25112,
            "p(90)": 0,
            "p(95)": 0
        },
        "http_req_sending": {
            "avg": 0.01268506336059441,
            "min": 0.006351,
            "med": 0.010894,
            "max": 8.453219,
            "p(90)": 0.017472,
            "p(95)": 0.019753
        },
        "data_sent": {
            "count": 65666366,
            "rate": 218802.1358078451
        },
        "iterations": {
            "count": 124841,
            "rate": 415.9736422202379
        },
        "data_received": {
            "rate": 480183.30777682055,
            "count": 144111449
        },
        "http_req_blocked": {
            "max": 1.295034,
            "p(90)": 0.003837,
            "p(95)": 0.004484,
            "avg": 0.003209006616416061,
            "min": 0.001503,
            "med": 0.002489
        },
        "checks": {
            "passes": 249624,
            "fails": 58,
            "value": 0.9997677045201496
        }
    }
}