{
    "metrics": {
        "data_sent": {
            "count": 72113548,
            "rate": 240093.21360055407
        },
        "http_req_waiting": {
            "min": 39.602448,
            "med": 436.431902,
            "max": 15207.447313,
            "p(90)": 446.7542437,
            "p(95)": 449.97972705,
            "avg": 437.878142826535
        },
        "http_req_failed": {
            "passes": 0,
            "fails": 137098,
            "value": 0
        },
        "http_reqs": {
            "count": 137098,
            "rate": 456.4509764269089
        },
        "http_req_receiving": {
            "avg": 0.036636412704781386,
            "min": 0.018596,
            "med": 0.032827,
            "max": 5.029609,
            "p(90)": 0.0486293,
            "p(95)": 0.05364629999999999
        },
        "iterations": {
            "count": 137098,
            "rate": 456.4509764269089
        },
        "vus": {
            "value": 200,
            "min": 200,
            "max": 200
        },
        "checks": {
            "passes": 273902,
            "fails": 294,
            "value": 0.9989277742928416
        },
        "http_req_connecting": {
            "med": 0,
            "max": 6.155087,
            "p(90)": 0,
            "p(95)": 0,
            "avg": 0.003011617974003999,
            "min": 0
        },
        "http_req_blocked": {
            "avg": 0.005910985813068251,
            "min": 0.001539,
            "med": 0.002277,
            "max": 7.5648,
            "p(90)": 0.003617,
            "p(95)": 0.004081
        },
        "http_req_sending": {
            "avg": 0.01207718660374315,
            "min": 0.006233,
            "med": 0.009882,
            "max": 6.586226,
            "p(90)": 0.016392,
            "p(95)": 0.017683
        },
        "vus_max": {
            "value": 200,
            "min": 200,
            "max": 200
        },
        "http_req_duration": {
            "p(95)": 450.03363079999997,
            "avg": 437.9268564258422,
            "min": 39.654287,
            "med": 436.47918300000003,
            "max": 15207.52695,
            "p(90)": 446.808209
        },
        "http_req_tls_handshaking": {
            "med": 0,
            "max": 0,
            "p(90)": 0,
            "p(95)": 0,
            "avg": 0,
            "min": 0
        },
        "data_received": {
            "count": 158202759,
            "rate": 526716.6830951651
        },
        "iteration_duration": {
            "med": 436.562433,
            "max": 15208.688802,
            "p(90)": 446.89680150000004,
            "p(95)": 450.13290525,
            "avg": 438.0148142141674,
            "min": 39.748059
        },
        "http_req_duration{expected_response:true}": {
            "min": 39.654287,
            "med": 436.47918300000003,
            "max": 15207.52695,
            "p(90)": 446.808209,
            "p(95)": 450.03363079999997,
            "avg": 437.9268564258422
        }
    },
    "root_group": {
        "name": "",
        "path": "",
        "id": "d41d8cd98f00b204e9800998ecf8427e",
        "groups": {},
        "checks": {
                "order created": {
                    "fails": 0,
                    "name": "order created",
                    "path": "::order created",
                    "id": "5e7ce872bb14a562c4b9054c8eda7170",
                    "passes": 137098
                },
                "response time < 500ms": {
                    "name": "response time < 500ms",
                    "path": "::response time < 500ms",
                    "id": "3e02485a995423a591645f4eee6c60eb",
                    "passes": 136804,
                    "fails": 294
                }
            }
    }
}