{
    "metrics": {
        "http_req_duration{expected_response:true}": {
            "p(95)": 1766.5123697499998,
            "avg": 1716.7769239356267,
            "min": 154.202119,
            "med": 1735.0602395,
            "max": 1828.960851,
            "p(90)": 1759.7033083
        },
        "data_sent": {
            "count": 3171844,
            "rate": 10511.667602524423
        },
        "http_req_receiving": {
            "avg": 0.07786552790458758,
            "min": 0.026573,
            "med": 0.0739315,
            "max": 6.256941,
            "p(90)": 0.0873029,
            "p(95)": 0.09780144999999997
        },
        "http_req_failed": {
            "passes": 0,
            "fails": 17524,
            "value": 0
        },
        "vus_max": {
            "value": 100,
            "min": 100,
            "max": 100
        },
        "http_req_waiting": {
            "min": 154.020554,
            "med": 1734.964941,
            "max": 1828.817919,
            "p(90)": 1759.6027254,
            "p(95)": 1766.4165999,
            "avg": 1716.6723193302898
        },
        "iterations": {
            "count": 17524,
            "rate": 58.07551161615703
        },
        "http_req_duration": {
            "p(95)": 1766.5123697499998,
            "avg": 1716.7769239356267,
            "min": 154.202119,
            "med": 1735.0602395,
            "max": 1828.960851,
            "p(90)": 1759.7033083
        },
        "http_req_sending": {
            "avg": 0.026739077436658352,
            "min": 0.010097,
            "med": 0.021634,
            "max": 5.511078,
            "p(90)": 0.025280100000000003,
            "p(95)": 0.029408299999999974
        },
        "vus": {
            "min": 44,
            "max": 100,
            "value": 44
        },
        "checks": {
            "passes": 17545,
            "fails": 17503,
            "value": 0.5005991782698014
        },
        "http_req_connecting": {
            "med": 0,
            "max": 2.205018,
            "p(90)": 0,
            "p(95)": 0,
            "avg": 0.0030126310203149966,
            "min": 0
        },
        "data_received": {
            "count": 9988680,
            "rate": 33103.04162120951
        },
        "http_reqs": {
            "count": 17524,
            "rate": 58.07551161615703
        },
        "http_req_blocked": {
            "p(90)": 0.005879,
            "p(95)": 0.006442849999999998,
            "avg": 0.009639000171193722,
            "min": 0.002531,
            "med": 0.005048,
            "max": 9.40242
        },
        "http_req_tls_handshaking": {
            "max": 0,
            "p(90)": 0,
            "p(95)": 0,
            "avg": 0,
            "min": 0,
            "med": 0
        },
        "iteration_duration": {
            "avg": 1716.9649838798737,
            "min": 155.981046,
            "med": 1735.2550784999999,
            "max": 1836.665189,
            "p(90)": 1759.8876519,
            "p(95)": 1766.6899572500001
        }
    },
    "root_group": {
        "checks": {
            "login successful": {
                "id": "72410831cb1258cbc9a2391f92e33c94",
                "passes": 17524,
                "fails": 0,
                "name": "login successful",
                "path": "::login successful"
            },
            "response time < 500ms": {
                "name": "response time < 500ms",
                "path": "::response time < 500ms",
                "id": "3e02485a995423a591645f4eee6c60eb",
                "passes": 21,
                "fails": 17503
            }
        },
        "name": "",
        "path": "",
        "id": "d41d8cd98f00b204e9800998ecf8427e",
        "groups": {}
    }
}