{
    "root_group": {
        "name": "",
        "path": "",
        "id": "d41d8cd98f00b204e9800998ecf8427e",
        "groups": {},
        "checks": {
                "login successful": {
                    "fails": 0,
                    "name": "login successful",
                    "path": "::login successful",
                    "id": "72410831cb1258cbc9a2391f92e33c94",
                    "passes": 17981
                },
                "response time < 500ms": {
                    "fails": 17957,
                    "name": "response time < 500ms",
                    "path": "::response time < 500ms",
                    "id": "3e02485a995423a591645f4eee6c60eb",
                    "passes": 24
                }
            }
    },
    "metrics": {
        "http_req_tls_handshaking": {
            "p(90)": 0,
            "p(95)": 0,
            "avg": 0,
            "min": 0,
            "med": 0,
            "max": 0
        },
        "http_req_failed": {
            "passes": 0,
            "fails": 17981,
            "value": 0
        },
        "vus_max": {
            "min": 50,
            "max": 50,
            "value": 50
        },
        "vus": {
            "max": 50,
            "value": 50,
            "min": 50
        },
        "http_req_waiting": {
            "p(95)": 867.106856,
            "avg": 835.026701982872,
            "min": 137.923476,
            "med": 835.208618,
            "max": 938.702823,
            "p(90)": 857.413376
        },
        "http_req_receiving": {
            "min": 0.028983,
            "med": 0.068711,
            "max": 3.116646,
            "p(90)": 0.079791,
            "p(95)": 0.085346,
            "avg": 0.07092924648239855
        },
        "data_sent": {
            "count": 3254561,
            "rate": 10819.14551843942
        },
        "iterations": {
            "count": 17981,
            "rate": 59.774284632261995
        },
        "http_reqs": {
            "count": 17981,
            "rate": 59.774284632261995
        },
        "http_req_duration{expected_response:true}": {
            "p(90)": 857.496541,
            "p(95)": 867.203703,
            "avg": 835.1251042881343,
            "min": 140.28956,
            "med": 835.296661,
            "max": 940.901058
        },
        "http_req_sending": {
            "avg": 0.027473058784272326,
            "min": 0.010955,
            "med": 0.021192,
            "max": 3.733236,
            "p(90)": 0.023833,
            "p(95)": 0.026297
        },
        "iteration_duration": {
            "avg": 835.3042379859841,
            "min": 143.923569,
            "med": 835.466256,
            "max": 942.673789,
            "p(90)": 857.677095,
            "p(95)": 867.365848
        },
        "http_req_blocked": {
            "avg": 0.010177425171013799,
            "min": 0.002777,
            "med": 0.005032,
            "max": 3.129584,
            "p(90)": 0.005812,
            "p(95)": 0.006285
        },
        "http_req_connecting": {
            "avg": 0.003273156331683444,
            "min": 0,
            "med": 0,
            "max": 2.745168,
            "p(90)": 0,
            "p(95)": 0
        },
        "http_req_duration": {
            "avg": 835.1251042881343,
            "min": 140.28956,
            "med": 835.296661,
            "max": 940.901058,
            "p(90)": 857.496541,
            "p(95)": 867.203703
        },
        "data_received": {
            "count": 10249170,
            "rate": 34071.342240389335
        },
        "checks": {
            "passes": 18005,
            "fails": 17957,
            "value": 0.5006673711139537
        }
    }
}