{
    "root_group": {
        "checks": {
            "login successful": {
                "fails": 0,
                "name": "login successful",
                "path": "::login successful",
                "id": "72410831cb1258cbc9a2391f92e33c94",
                "passes": 17285
            },
            "response time < 500ms": {
                "name": "response time < 500ms",
                "path": "::response time < 500ms",
                "id": "3e02485a995423a591645f4eee6c60eb",
                "passes": 20,
                "fails": 17265
            }
        },
        "name": "",
        "path": "",
        "id": "d41d8cd98f00b204e9800998ecf8427e",
        "groups": {}
    },
    "metrics": {
        "http_req_receiving": {
            "p(90)": 0.0903538,
            "p(95)": 0.1023704,
            "avg": 0.08224867978015604,
            "min": 0.028255,
            "med": 0.076026,
            "max": 7.026792
        },
        "http_req_duration": {
            "max": 3870.188103,
            "p(90)": 3574.5368430000003,
            "p(95)": 3589.8464342,
            "avg": 3491.4189059816485,
            "min": 145.236651,
            "med": 3521.326733
        },
        "checks": {
            "passes": 17305,
            "fails": 17265,
            "value": 0.5005785363031531
        },
        "iteration_duration": {
            "avg": 3491.6288457128694,
            "min": 147.132708,
            "med": 3521.517727,
            "max": 3870.564529,
            "p(90)": 3574.7199202,
            "p(95)": 3590.0249214
        },
        "http_req_failed": {
            "passes": 0,
            "fails": 17285,
            "value": 0
        },
        "vus_max": {
            "min": 200,
            "max": 200,
            "value": 200
        },
        "http_req_duration{expected_response:true}": {
            "p(90)": 3574.5368430000003,
            "p(95)": 3589.8464342,
            "avg": 3491.4189059816485,
            "min": 145.236651,
            "med": 3521.326733,
            "max": 3870.188103
        },
        "http_req_waiting": {
            "p(95)": 3589.7471282,
            "avg": 3491.3028108479816,
            "min": 144.081965,
            "med": 3521.20946,
            "max": 3870.039268,
            "p(90)": 3574.4337332
        },
        "data_sent": {
            "count": 3128585,
            "rate": 10308.810189410853
        },
        "http_reqs": {
            "count": 17285,
            "rate": 56.95475242768427
        },
        "http_req_connecting": {
            "avg": 0.006182808041654611,
            "min": 0,
            "med": 0,
            "max": 10.855884,
            "p(90)": 0,
            "p(95)": 0
        },
        "iterations": {
            "count": 17285,
            "rate": 56.95475242768427
        },
        "vus": {
            "value": 32,
            "min": 32,
            "max": 200
        },
        "http_req_blocked": {
            "avg": 0.021590028695400738,
            "min": 0.002447,
            "med": 0.005161,
            "max": 10.947659,
            "p(90)": 0.006134,
            "p(95)": 0.006883
        },
        "http_req_tls_handshaking": {
            "med": 0,
            "max": 0,
            "p(90)": 0,
            "p(95)": 0,
            "avg": 0,
            "min": 0
        },
        "http_req_sending": {
            "avg": 0.03384645386172977,
            "min": 0.010023,
            "med": 0.02206,
            "max": 15.065318,
            "p(90)": 0.0267826,
            "p(95)": 0.031166799999999998
        },
        "data_received": {
            "rate": 32464.208883780033,
            "count": 9852450
        }
    }
}