{
    "root_group": {
        "path": "",
        "id": "d41d8cd98f00b204e9800998ecf8427e",
        "groups": {},
        "checks": {
                "login successful": {
                    "id": "72410831cb1258cbc9a2391f92e33c94",
                    "passes": 17339,
                    "fails": 0,
                    "name": "login successful",
                    "path": "::login successful"
                },
                "response time < 500ms": {
                    "name": "response time < 500ms",
                    "path": "::response time < 500ms",
                    "id": "3e02485a995423a591645f4eee6c60eb",
                    "passes": 17339,
                    "fails": 0
                }
            },
        "name": ""
    },
    "metrics": {
        "http_req_sending": {
            "avg": 0.024574527712094105,
            "min": 0.009253,
            "med": 0.020876,
            "max": 6.275784,
            "p(90)": 0.0238814,
            "p(95)": 0.02795669999999999
        },
        "iterations": {
            "count": 17339,
            "rate": 57.76552410537277
        },
        "http_req_duration": {
            "avg": 172.87810759259492,
            "min": 104.445393,
            "med": 172.556289,
            "max": 243.841365,
            "p(90)": 194.5671668,
            "p(95)": 199.2228143
        },
        "http_req_blocked": {
            "p(95)": 0.006309,
            "avg": 0.005874020070361597,
            "min": 0.002441,
            "med": 0.005028,
            "max": 2.181431,
            "p(90)": 0.005817
        },
        "http_req_failed": {
            "passes": 0,
            "fails": 17339,
            "value": 0
        },
        "iteration_duration": {
            "max": 244.455445,
            "p(90)": 194.741281,
            "p(95)": 199.4015188,
            "avg": 173.0577257689013,
            "min": 105.380892,
            "med": 172.733052
        },
        "http_req_duration{expected_response:true}": {
            "max": 243.841365,
            "p(90)": 194.5671668,
            "p(95)": 199.2228143,
            "avg": 172.87810759259492,
            "min": 104.445393,
            "med": 172.556289
        },
        "data_sent": {
            "count": 3138359,
            "rate": 10455.559863072473
        },
        "http_reqs": {
            "count": 17339,
            "rate": 57.76552410537277
        },
        "checks": {
            "passes": 34678,
            "fails": 0,
            "value": 1
        },
        "http_req_receiving": {
            "avg": 0.07740954409135467,
            "min": 0.026386,
            "med": 0.072965,
            "max": 6.291145,
            "p(90)": 0.086803,
            "p(95)": 0.09694619999999997
        },
        "vus": {
            "min": 10,
            "max": 10,
            "value": 10
        },
        "vus_max": {
            "value": 10,
            "min": 10,
            "max": 10
        },
        "http_req_connecting": {
            "max": 1.201795,
            "p(90)": 0,
            "p(95)": 0,
            "avg": 0.00031152223311609663,
            "min": 0,
            "med": 0
        },
        "http_req_tls_handshaking": {
            "p(90)": 0,
            "p(95)": 0,
            "avg": 0,
            "min": 0,
            "med": 0,
            "max": 0
        },
        "http_req_waiting": {
            "max": 243.518014,
            "p(90)": 194.4515814,
            "p(95)": 199.13058879999997,
            "avg": 172.77612352079214,
            "min": 104.155901,
            "med": 172.457934
        },
        "data_received": {
            "count": 9883230,
            "rate": 32926.34874006248
        }
    }
}