{
    "metrics": {
        "http_req_receiving": {
            "p(90)": 0.0796914,
            "p(95)": 0.0853617,
            "avg": 0.07002727483480228,
            "min": 0.026419,
            "med": 0.068154,
            "max": 2.909555
        },
        "http_req_duration{expected_response:true}": {
            "avg": 1656.2309175990586,
            "min": 132.792796,
            "med": 1658.9405315,
            "max": 1825.844487,
            "p(90)": 1666.3500341000001,
            "p(95)": 1669.42118065
        },
        "iterations": {
            "count": 18160,
            "rate": 60.20993449183596
        },
        "http_req_waiting": {
            "avg": 1656.1379512350256,
            "min": 132.406093,
            "med": 1658.8506225,
            "max": 1825.626742,
            "p(90)": 1666.2606681,
            "p(95)": 1669.3398247999999
        },
        "http_req_failed": {
            "passes": 0,
            "fails": 18160,
            "value": 0
        },
        "data_received": {
            "count": 10351200,
            "rate": 34319.6626603465
        },
        "http_reqs": {
            "count": 18160,
            "rate": 60.20993449183596
        },
        "http_req_duration": {
            "p(90)": 1666.3500341000001,
            "p(95)": 1669.42118065,
            "avg": 1656.2309175990586,
            "min": 132.792796,
            "med": 1658.9405315,
            "max": 1825.844487
        },
        "checks": {
            "passes": 18184,
            "fails": 18136,
            "value": 0.5006607929515419
        },
        "http_req_sending": {
            "min": 0.010409,
            "med": 0.0213245,
            "max": 3.616717,
            "p(90)": 0.0239161,
            "p(95)": 0.026503049999999997,
            "avg": 0.022939089207048523
        },
        "iteration_duration": {
            "avg": 1656.4064061870024,
            "min": 134.97111,
            "med": 1659.1146735,
            "max": 1826.478647,
            "p(90)": 1666.5157900000002,
            "p(95)": 1669.5865515500002
        },
        "data_sent": {
            "count": 3286960,
            "rate": 10897.998143022309
        },
        "http_req_blocked": {
            "med": 0.005028,
            "max": 1.779903,
            "p(90)": 0.005841,
            "p(95)": 0.006334,
            "avg": 0.007668009911894287,
            "min": 0.00263
        },
        "http_req_tls_handshaking": {
            "max": 0,
            "p(90)": 0,
            "p(95)": 0,
            "avg": 0,
            "min": 0,
            "med": 0
        },
        "vus": {
            "value": 40,
            "min": 40,
            "max": 100
        },
        "vus_max": {
            "value": 100,
            "min": 100,
            "max": 100
        },
        "http_req_connecting": {
            "p(95)": 0,
            "avg": 0.0020669100220264314,
            "min": 0,
            "med": 0,
            "max": 1.614949,
            "p(90)": 0
        }
    },
    "root_group": {
        "groups": {},
        "checks": {
                "login successful": {
                    "fails": 0,
                    "name": "login successful",
                    "path": "::login successful",
                    "id": "72410831cb1258cbc9a2391f92e33c94",
                    "passes": 18160
                },
                "response time < 500ms": {
                    "name": "response time < 500ms",
                    "path": "::response time < 500ms",
                    "id": "3e02485a995423a591645f4eee6c60eb",
                    "passes": 24,
                    "fails": 18136
                }
            },
        "name": "",
        "path": "",
        "id": "d41d8cd98f00b204e9800998ecf8427e"
    }
}