{
    "root_group": {
        "name": "",
        "path": "",
        "id": "d41d8cd98f00b204e9800998ecf8427e",
        "groups": {},
        "checks": {
                "login successful": {
                    "path": "::login successful",
                    "id": "72410831cb1258cbc9a2391f92e33c94",
                    "passes": 17107,
                    "fails": 0,
                    "name": "login successful"
                },
                "response time < 500ms": {
                    "name": "response time < 500ms",
                    "path": "::response time < 500ms",
                    "id": "3e02485a995423a591645f4eee6c60eb",
                    "passes": 24,
                    "fails": 17083
                }
            }
    },
    "metrics": {
        "http_req_connecting": {
            "min": 0,
            "med": 0,
            "max": 3.070161,
            "p(90)": 0,
            "p(95)": 0,
            "avg": 0.00307008131174373
        },
        "http_req_sending": {
            "p(95)": 0.02976449999999997,
            "avg": 0.024394561875255863,
            "min": 0.009045,
            "med": 0.021672,
            "max": 3.516152,
            "p(90)": 0.025476599999999995
        },
        "http_req_receiving": {
            "max": 6.392124,
            "p(90)": 0.0902124,
            "p(95)": 0.10411619999999999,
            "avg": 0.08126036441222796,
            "min": 0.024843,
            "med": 0.075173
        },
        "checks": {
            "passes": 17131,
            "fails": 17083,
            "value": 0.5007014672356346
        },
        "http_req_blocked": {
            "avg": 0.008801670485766041,
            "min": 0.002519,
            "med": 0.00512,
            "max": 3.125493,
            "p(90)": 0.005956,
            "p(95)": 0.006496
        },
        "http_req_waiting": {
            "min": 123.746919,
            "med": 878.911116,
            "max": 957.123395,
            "p(90)": 909.1304026,
            "p(95)": 917.0686370999999,
            "avg": 877.734972473082
        },
        "http_req_failed": {
            "passes": 0,
            "fails": 17107,
            "value": 0
        },
        "vus": {
            "value": 50,
            "min": 50,
            "max": 50
        },
        "vus_max": {
            "value": 50,
            "min": 50,
            "max": 50
        },
        "iteration_duration": {
            "avg": 878.0348958937267,
            "min": 125.633865,
            "med": 879.213905,
            "max": 957.336181,
            "p(90)": 909.4078862,
            "p(95)": 917.3627715
        },
        "http_req_duration": {
            "p(90)": 909.2294092,
            "p(95)": 917.1828619,
            "avg": 877.8406273993672,
            "min": 124.070553,
            "med": 879.009348,
            "max": 957.196639
        },
        "http_req_tls_handshaking": {
            "avg": 0,
            "min": 0,
            "med": 0,
            "max": 0,
            "p(90)": 0,
            "p(95)": 0
        },
        "data_sent": {
            "count": 3096367,
            "rate": 10292.102302413377
        },
        "http_reqs": {
            "count": 17107,
            "rate": 56.862443659742425
        },
        "iterations": {
            "rate": 56.862443659742425,
            "count": 17107
        },
        "data_received": {
            "count": 9750990,
            "rate": 32411.59288605318
        },
        "http_req_duration{expected_response:true}": {
            "avg": 877.8406273993672,
            "min": 124.070553,
            "med": 879.009348,
            "max": 957.196639,
            "p(90)": 909.2294092,
            "p(95)": 917.1828619
        }
    }
}