{
    "root_group": {
        "name": "",
        "path": "",
        "id": "d41d8cd98f00b204e9800998ecf8427e",
        "groups": {},
        "checks": {
                "login successful": {
                    "name": "login successful",
                    "path": "::login successful",
                    "id": "72410831cb1258cbc9a2391f92e33c94",
                    "passes": 17245,
                    "fails": 0
                },
                "response time < 500ms": {
                    "id": "3e02485a995423a591645f4eee6c60eb",
                    "passes": 20,
                    "fails": 17225,
                    "name": "response time < 500ms",
                    "path": "::response time < 500ms"
                }
            }
    },
    "metrics": {
        "http_req_sending": {
            "max": 8.08257,
            "p(90)": 0.026396,
            "p(95)": 0.030905199999999997,
            "avg": 0.035391480429109896,
            "min": 0.009851,
            "med": 0.021908
        },
        "http_req_tls_handshaking": {
            "min": 0,
            "med": 0,
            "max": 0,
            "p(90)": 0,
            "p(95)": 0,
            "avg": 0
        },
        "http_req_waiting": {
            "p(90)": 3571.1334482,
            "p(95)": 3585.9924696,
            "avg": 3498.9206984080693,
            "min": 164.68839,
            "med": 3517.88914,
            "max": 3813.25373
        },
        "vus_max": {
            "max": 200,
            "value": 200,
            "min": 200
        },
        "http_req_blocked": {
            "med": 0.005123,
            "max": 11.159656,
            "p(90)": 0.006008,
            "p(95)": 0.006775,
            "avg": 0.034553283212525994,
            "min": 0.002667
        },
        "checks": {
            "fails": 17225,
            "passes": 17265,
            "value": 0.5005798782255726
        },
        "http_reqs": {
            "count": 17245,
            "rate": 56.82612235753977
        },
        "vus": {
            "value": 29,
            "min": 29,
            "max": 200
        },
        "http_req_connecting": {
            "p(95)": 0,
            "avg": 0.027013856886053934,
            "min": 0,
            "med": 0,
            "max": 9.734473,
            "p(90)": 0
        },
        "http_req_failed": {
            "passes": 0,
            "fails": 17245,
            "value": 0
        },
        "iterations": {
            "count": 17245,
            "rate": 56.82612235753977
        },
        "http_req_duration": {
            "avg": 3499.0373071170707,
            "min": 165.112518,
            "med": 3517.989804,
            "max": 3813.40136,
            "p(90)": 3571.2294336,
            "p(95)": 3586.0893904
        },
        "http_req_duration{expected_response:true}": {
            "min": 165.112518,
            "med": 3517.989804,
            "max": 3813.40136,
            "p(90)": 3571.2294336,
            "p(95)": 3586.0893904,
            "avg": 3499.0373071170707
        },
        "http_req_receiving": {
            "min": 0.027334,
            "med": 0.07574,
            "max": 6.418169,
            "p(90)": 0.08985900000000001,
            "p(95)": 0.1019624,
            "avg": 0.08121722858799689
        },
        "iteration_duration": {
            "p(90)": 3571.4155418,
            "p(95)": 3586.3031366,
            "avg": 3499.258633006139,
            "min": 166.925456,
            "med": 3518.174885,
            "max": 3814.032338
        },
        "data_sent": {
            "count": 3121345,
            "rate": 10285.528146714698
        },
        "data_received": {
            "count": 9829650,
            "rate": 32390.889743797667
        }
    }
}