{
    "metrics": {
        "iteration_duration": {
            "avg": 879.6298986068385,
            "min": 129.030106,
            "med": 881.145868,
            "max": 966.918607,
            "p(90)": 912.2107408,
            "p(95)": 922.0518068
        },
        "http_req_duration{expected_response:true}": {
            "p(95)": 921.862746,
            "avg": 879.4335507859058,
            "min": 124.400069,
            "med": 880.968509,
            "max": 961.203654,
            "p(90)": 912.0255914
        },
        "http_req_connecting": {
            "avg": 0.000983397786496457,
            "min": 0,
            "med": 0,
            "max": 2.122063,
            "p(90)": 0,
            "p(95)": 0
        },
        "http_req_waiting": {
            "avg": 879.3271074661758,
            "min": 124.119618,
            "med": 880.875457,
            "max": 961.061781,
            "p(90)": 911.930796,
            "p(95)": 921.6778496
        },
        "http_req_failed": {
            "passes": 0,
            "fails": 17077,
            "value": 0
        },
        "http_req_blocked": {
            "avg": 0.013994818996310793,
            "min": 0.002182,
            "med": 0.005086,
            "max": 6.246618,
            "p(90)": 0.005908,
            "p(95)": 0.006474
        },
        "http_req_tls_handshaking": {
            "max": 0,
            "p(90)": 0,
            "p(95)": 0,
            "avg": 0,
            "min": 0,
            "med": 0
        },
        "data_received": {
            "count": 9733890,
            "rate": 32353.373680298697
        },
        "http_req_duration": {
            "p(90)": 912.0255914,
            "p(95)": 921.862746,
            "avg": 879.4335507859058,
            "min": 124.400069,
            "med": 880.968509,
            "max": 961.203654
        },
        "http_reqs": {
            "count": 17077,
            "rate": 56.76030470227841
        },
        "iterations": {
            "count": 17077,
            "rate": 56.76030470227841
        },
        "http_req_sending": {
            "med": 0.021834,
            "max": 7.957514,
            "p(90)": 0.0254994,
            "p(95)": 0.029536999999999973,
            "avg": 0.024540315453534037,
            "min": 0.008221
        },
        "checks": {
            "passes": 17101,
            "fails": 17053,
            "value": 0.5007026995373894
        },
        "data_sent": {
            "rate": 10273.615151112394,
            "count": 3090937
        },
        "vus_max": {
            "min": 50,
            "max": 50,
            "value": 50
        },
        "vus": {
            "value": 50,
            "min": 50,
            "max": 50
        },
        "http_req_receiving": {
            "p(95)": 0.10187399999999992,
            "avg": 0.08190300427475551,
            "min": 0.024779,
            "med": 0.075328,
            "max": 6.559687,
            "p(90)": 0.089714
        }
    },
    "root_group": {
        "name": "",
        "path": "",
        "id": "d41d8cd98f00b204e9800998ecf8427e",
        "groups": {},
        "checks": {
                "login successful": {
                    "name": "login successful",
                    "path": "::login successful",
                    "id": "72410831cb1258cbc9a2391f92e33c94",
                    "passes": 17077,
                    "fails": 0
                },
                "response time < 500ms": {
                    "name": "response time < 500ms",
                    "path": "::response time < 500ms",
                    "id": "3e02485a995423a591645f4eee6c60eb",
                    "passes": 24,
                    "fails": 17053
                }
            }
    }
}