{
    "metrics": {
        "http_req_connecting": {
            "p(90)": 0,
            "p(95)": 0,
            "avg": 0.0005226745725317154,
            "min": 0,
            "med": 0,
            "max": 1.095118
        },
        "checks": {
            "passes": 18154,
            "fails": 18106,
            "value": 0.500661886376172
        },
        "http_req_sending": {
            "max": 3.883752,
            "p(90)": 0.023474099999999998,
            "p(95)": 0.025310749999999996,
            "avg": 0.023471360672917708,
            "min": 0.010483,
            "med": 0.0209995
        },
        "vus": {
            "value": 50,
            "min": 50,
            "max": 50
        },
        "http_req_failed": {
            "passes": 0,
            "fails": 18130,
            "value": 0
        },
        "http_req_blocked": {
            "max": 4.035493,
            "p(90)": 0.0057041,
            "p(95)": 0.006157,
            "avg": 0.008623891285162652,
            "min": 0.002775,
            "med": 0.004949
        },
        "http_reqs": {
            "count": 18130,
            "rate": 60.26968385110887
        },
        "http_req_tls_handshaking": {
            "avg": 0,
            "min": 0,
            "med": 0,
            "max": 0,
            "p(90)": 0,
            "p(95)": 0
        },
        "http_req_receiving": {
            "avg": 0.06881101384445652,
            "min": 0.026682,
            "med": 0.066986,
            "max": 3.61608,
            "p(90)": 0.07865820000000001,
            "p(95)": 0.0837425
        },
        "http_req_duration{expected_response:true}": {
            "max": 912.896284,
            "p(90)": 849.0262884,
            "p(95)": 853.65174775,
            "avg": 828.2950763228366,
            "min": 118.637647,
            "med": 829.9062690000001
        },
        "http_req_waiting": {
            "avg": 828.2027939483143,
            "min": 115.155241,
            "med": 829.814624,
            "max": 912.775551,
            "p(90)": 848.9300165999999,
            "p(95)": 853.5609243
        },
        "data_received": {
            "count": 10334100,
            "rate": 34353.719795132056
        },
        "data_sent": {
            "count": 3281530,
            "rate": 10908.812777050705
        },
        "vus_max": {
            "max": 50,
            "value": 50,
            "min": 50
        },
        "http_req_duration": {
            "med": 829.9062690000001,
            "max": 912.896284,
            "p(90)": 849.0262884,
            "p(95)": 853.65174775,
            "avg": 828.2950763228366,
            "min": 118.637647
        },
        "iteration_duration": {
            "p(90)": 849.1877015,
            "p(95)": 853.82073965,
            "avg": 828.4694113191388,
            "min": 120.017267,
            "med": 830.092124,
            "max": 916.158751
        },
        "iterations": {
            "count": 18130,
            "rate": 60.26968385110887
        }
    },
    "root_group": {
        "path": "",
        "id": "d41d8cd98f00b204e9800998ecf8427e",
        "groups": {},
        "checks": {
                "login successful": {
                    "name": "login successful",
                    "path": "::login successful",
                    "id": "72410831cb1258cbc9a2391f92e33c94",
                    "passes": 18130,
                    "fails": 0
                },
                "response time < 500ms": {
                    "name": "response time < 500ms",
                    "path": "::response time < 500ms",
                    "id": "3e02485a995423a591645f4eee6c60eb",
                    "passes": 24,
                    "fails": 18106
                }
            },
        "name": ""
    }
}