{
    "metrics": {
        "vus": {
            "value": 50,
            "min": 50,
            "max": 50
        },
        "http_reqs": {
            "count": 17239,
            "rate": 57.29575772520873
        },
        "http_req_sending": {
            "p(95)": 0.02932459999999999,
            "avg": 0.024650589477347783,
            "min": 0.009155,
            "med": 0.021789,
            "max": 4.653696,
            "p(90)": 0.025324600000000003
        },
        "iteration_duration": {
            "p(95)": 907.10974,
            "avg": 871.3831793315733,
            "min": 124.774378,
            "med": 873.574074,
            "max": 946.190049,
            "p(90)": 900.8366536
        },
        "http_req_tls_handshaking": {
            "max": 0,
            "p(90)": 0,
            "p(95)": 0,
            "avg": 0,
            "min": 0,
            "med": 0
        },
        "http_req_receiving": {
            "p(90)": 0.08924220000000001,
            "p(95)": 0.10097349999999995,
            "avg": 0.0798619778409418,
            "min": 0.026738,
            "med": 0.074985,
            "max": 6.288309
        },
        "http_req_waiting": {
            "p(95)": 906.8092955000001,
            "avg": 871.0900639528336,
            "min": 123.855174,
            "med": 873.265497,
            "max": 945.93482,
            "p(90)": 900.5113354
        },
        "http_req_duration": {
            "min": 124.11032,
            "med": 873.392687,
            "max": 946.02865,
            "p(90)": 900.6308038000001,
            "p(95)": 906.9130276999999,
            "avg": 871.1945765201611
        },
        "http_req_blocked": {
            "p(90)": 0.0059442,
            "p(95)": 0.006505099999999999,
            "avg": 0.0066184891815071,
            "min": 0.002373,
            "med": 0.005107,
            "max": 2.838619
        },
        "http_req_connecting": {
            "max": 0.596407,
            "p(90)": 0,
            "p(95)": 0,
            "avg": 0.000584693137652996,
            "min": 0,
            "med": 0
        },
        "http_req_failed": {
            "fails": 17239,
            "passes": 0,
            "value": 0
        },
        "checks": {
            "passes": 17263,
            "fails": 17215,
            "value": 0.5006960960612564
        },
        "data_received": {
            "count": 9826230,
            "rate": 32658.581903368977
        },
        "iterations": {
            "count": 17239,
            "rate": 57.29575772520873
        },
        "vus_max": {
            "value": 50,
            "min": 50,
            "max": 50
        },
        "http_req_duration{expected_response:true}": {
            "avg": 871.1945765201611,
            "min": 124.11032,
            "med": 873.392687,
            "max": 946.02865,
            "p(90)": 900.6308038000001,
            "p(95)": 906.9130276999999
        },
        "data_sent": {
            "rate": 10370.53214826278,
            "count": 3120259
        }
    },
    "root_group": {
        "checks": {
            "login successful": {
                "name": "login successful",
                "path": "::login successful",
                "id": "72410831cb1258cbc9a2391f92e33c94",
                "passes": 17239,
                "fails": 0
            },
            "response time < 500ms": {
                "fails": 17215,
                "name": "response time < 500ms",
                "path": "::response time < 500ms",
                "id": "3e02485a995423a591645f4eee6c60eb",
                "passes": 24
            }
        },
        "name": "",
        "path": "",
        "id": "d41d8cd98f00b204e9800998ecf8427e",
        "groups": {}
    }
}