{
    "metrics": {
        "http_req_duration{expected_response:true}": {
            "avg": 3491.550071652303,
            "min": 130.286512,
            "med": 3516.1679729999996,
            "max": 3871.237753,
            "p(90)": 3556.2685908,
            "p(95)": 3573.8494497
        },
        "http_req_waiting": {
            "p(90)": 3556.1793769,
            "p(95)": 3573.73625725,
            "avg": 3491.4250827632736,
            "min": 129.963533,
            "med": 3516.066266,
            "max": 3871.125697
        },
        "data_received": {
            "rate": 32460.98518302049,
            "count": 9850740
        },
        "iteration_duration": {
            "p(90)": 3556.4698267,
            "p(95)": 3574.0383255,
            "avg": 3491.7823550339203,
            "min": 131.24004,
            "med": 3516.352641,
            "max": 3871.650154
        },
        "checks": {
            "passes": 17301,
            "fails": 17263,
            "value": 0.5005497048952667
        },
        "http_reqs": {
            "count": 17282,
            "rate": 56.94909681231665
        },
        "vus_max": {
            "value": 200,
            "min": 200,
            "max": 200
        },
        "http_req_connecting": {
            "p(90)": 0,
            "p(95)": 0,
            "avg": 0.019148721733595643,
            "min": 0,
            "med": 0,
            "max": 8.659122
        },
        "iterations": {
            "count": 17282,
            "rate": 56.94909681231665
        },
        "http_req_failed": {
            "passes": 0,
            "fails": 17282,
            "value": 0
        },
        "http_req_duration": {
            "max": 3871.237753,
            "p(90)": 3556.2685908,
            "p(95)": 3573.8494497,
            "avg": 3491.550071652303,
            "min": 130.286512,
            "med": 3516.1679729999996
        },
        "http_req_blocked": {
            "avg": 0.03777057828955005,
            "min": 0.002531,
            "med": 0.005151,
            "max": 12.22266,
            "p(90)": 0.006135799999999999,
            "p(95)": 0.006953800000000003
        },
        "data_sent": {
            "count": 3128042,
            "rate": 10307.786523029314
        },
        "http_req_sending": {
            "avg": 0.04442849224626763,
            "min": 0.009484,
            "med": 0.0220065,
            "max": 14.854291,
            "p(90)": 0.026797299999999996,
            "p(95)": 0.0312588
        },
        "vus": {
            "value": 29,
            "min": 29,
            "max": 200
        },
        "http_req_receiving": {
            "max": 3.783676,
            "p(90)": 0.09020779999999999,
            "p(95)": 0.10171375000000002,
            "avg": 0.08056039677120741,
            "min": 0.027014,
            "med": 0.075855
        },
        "http_req_tls_handshaking": {
            "avg": 0,
            "min": 0,
            "med": 0,
            "max": 0,
            "p(90)": 0,
            "p(95)": 0
        }
    },
    "root_group": {
        "checks": {
            "login successful": {
                "fails": 0,
                "name": "login successful",
                "path": "::login successful",
                "id": "72410831cb1258cbc9a2391f92e33c94",
                "passes": 17282
            },
            "response time < 500ms": {
                "id": "3e02485a995423a591645f4eee6c60eb",
                "passes": 19,
                "fails": 17263,
                "name": "response time < 500ms",
                "path": "::response time < 500ms"
            }
        },
        "name": "",
        "path": "",
        "id": "d41d8cd98f00b204e9800998ecf8427e",
        "groups": {}
    }
}