{
    "root_group": {
        "name": "",
        "path": "",
        "id": "d41d8cd98f00b204e9800998ecf8427e",
        "groups": {},
        "checks": {
                "login successful": {
                    "name": "login successful",
                    "path": "::login successful",
                    "id": "72410831cb1258cbc9a2391f92e33c94",
                    "passes": 18247,
                    "fails": 0
                },
                "response time < 500ms": {
                    "name": "response time < 500ms",
                    "path": "::response time < 500ms",
                    "id": "3e02485a995423a591645f4eee6c60eb",
                    "passes": 20,
                    "fails": 18227
                }
            }
    },
    "metrics": {
        "http_req_failed": {
            "passes": 0,
            "fails": 18247,
            "value": 0
        },
        "http_req_connecting": {
            "p(90)": 0,
            "p(95)": 0,
            "avg": 0.00685565314846276,
            "min": 0,
            "med": 0,
            "max": 2.652086
        },
        "checks": {
            "passes": 18267,
            "fails": 18227,
            "value": 0.5005480352934729
        },
        "http_req_sending": {
            "max": 9.626284,
            "p(90)": 0.024190000000000007,
            "p(95)": 0.0277977,
            "avg": 0.027137249082040935,
            "min": 0.010283,
            "med": 0.02147
        },
        "http_reqs": {
            "count": 18247,
            "rate": 60.1589189001296
        },
        "http_req_blocked": {
            "avg": 0.012796251931824423,
            "min": 0.00267,
            "med": 0.004999,
            "max": 2.728419,
            "p(90)": 0.005837,
            "p(95)": 0.006474700000000001
        },
        "data_sent": {
            "rate": 10888.764320923457,
            "count": 3302707
        },
        "http_req_duration{expected_response:true}": {
            "max": 3743.909073,
            "p(90)": 3334.8958658,
            "p(95)": 3338.6391979,
            "avg": 3306.1427056488915,
            "min": 135.125051,
            "med": 3320.615885
        },
        "http_req_tls_handshaking": {
            "min": 0,
            "med": 0,
            "max": 0,
            "p(90)": 0,
            "p(95)": 0,
            "avg": 0
        },
        "vus_max": {
            "value": 200,
            "min": 200,
            "max": 200
        },
        "http_req_duration": {
            "med": 3320.615885,
            "max": 3743.909073,
            "p(90)": 3334.8958658,
            "p(95)": 3338.6391979,
            "avg": 3306.1427056488915,
            "min": 135.125051
        },
        "http_req_receiving": {
            "max": 2.107821,
            "p(90)": 0.0798958,
            "p(95)": 0.08536160000000002,
            "avg": 0.07056124864361275,
            "min": 0.028921,
            "med": 0.068866
        },
        "http_req_waiting": {
            "avg": 3306.0450071511386,
            "min": 134.614544,
            "med": 3320.516941,
            "max": 3743.780784,
            "p(90)": 3334.8017722,
            "p(95)": 3338.536388
        },
        "data_received": {
            "count": 10400790,
            "rate": 34290.58377307387
        },
        "iteration_duration": {
            "max": 3748.648522,
            "p(90)": 3335.0752628,
            "p(95)": 3338.8035974,
            "avg": 3306.327110935839,
            "min": 136.873639,
            "med": 3320.799337
        },
        "iterations": {
            "count": 18247,
            "rate": 60.1589189001296
        },
        "vus": {
            "value": 21,
            "min": 21,
            "max": 200
        }
    }
}