{
    "root_group": {
        "name": "",
        "path": "",
        "id": "d41d8cd98f00b204e9800998ecf8427e",
        "groups": {},
        "checks": {
                "login successful": {
                    "name": "login successful",
                    "path": "::login successful",
                    "id": "72410831cb1258cbc9a2391f92e33c94",
                    "passes": 17365,
                    "fails": 0
                },
                "response time < 500ms": {
                    "name": "response time < 500ms",
                    "path": "::response time < 500ms",
                    "id": "3e02485a995423a591645f4eee6c60eb",
                    "passes": 17365,
                    "fails": 0
                }
            }
    },
    "metrics": {
        "http_req_duration{expected_response:true}": {
            "p(95)": 196.4656794,
            "avg": 172.61149232427235,
            "min": 115.789286,
            "med": 172.794226,
            "max": 255.786855,
            "p(90)": 192.2501402
        },
        "http_req_waiting": {
            "p(90)": 192.1517642,
            "p(95)": 196.3342968,
            "avg": 172.5067961107975,
            "min": 115.626631,
            "med": 172.700963,
            "max": 255.638284
        },
        "data_received": {
            "count": 9898050,
            "rate": 32974.330067762894
        },
        "vus": {
            "value": 10,
            "min": 10,
            "max": 10
        },
        "http_req_receiving": {
            "avg": 0.07913643846818327,
            "min": 0.025669,
            "med": 0.074863,
            "max": 6.283258,
            "p(90)": 0.0890248,
            "p(95)": 0.1001106
        },
        "http_req_duration": {
            "avg": 172.61149232427235,
            "min": 115.789286,
            "med": 172.794226,
            "max": 255.786855,
            "p(90)": 192.2501402,
            "p(95)": 196.4656794
        },
        "http_req_failed": {
            "passes": 0,
            "fails": 17365,
            "value": 0
        },
        "iteration_duration": {
            "max": 256.187741,
            "p(90)": 192.4315898,
            "p(95)": 196.6526704,
            "avg": 172.79820167797234,
            "min": 116.926682,
            "med": 172.985653
        },
        "vus_max": {
            "value": 10,
            "min": 10,
            "max": 10
        },
        "checks": {
            "passes": 34730,
            "fails": 0,
            "value": 1
        },
        "http_req_tls_handshaking": {
            "med": 0,
            "max": 0,
            "p(90)": 0,
            "p(95)": 0,
            "avg": 0,
            "min": 0
        },
        "http_req_blocked": {
            "avg": 0.0057514259141952205,
            "min": 0.002514,
            "med": 0.005051,
            "max": 2.42814,
            "p(90)": 0.005849,
            "p(95)": 0.006391599999999999
        },
        "http_req_connecting": {
            "p(95)": 0,
            "avg": 0.00009450774546501583,
            "min": 0,
            "med": 0,
            "max": 0.766057,
            "p(90)": 0
        },
        "data_sent": {
            "count": 3143065,
            "rate": 10470.796039061552
        },
        "http_req_sending": {
            "med": 0.021578,
            "max": 4.22705,
            "p(90)": 0.024997800000000004,
            "p(95)": 0.029447599999999994,
            "avg": 0.025559775007198384,
            "min": 0.009976
        },
        "iterations": {
            "count": 17365,
            "rate": 57.849701873268245
        },
        "http_reqs": {
            "count": 17365,
            "rate": 57.849701873268245
        }
    }
}