{
    "root_group": {
        "name": "",
        "path": "",
        "id": "d41d8cd98f00b204e9800998ecf8427e",
        "groups": {},
        "checks": {
                "login successful": {
                    "fails": 0,
                    "name": "login successful",
                    "path": "::login successful",
                    "id": "72410831cb1258cbc9a2391f92e33c94",
                    "passes": 18019
                },
                "response time < 500ms": {
                    "fails": 0,
                    "name": "response time < 500ms",
                    "path": "::response time < 500ms",
                    "id": "3e02485a995423a591645f4eee6c60eb",
                    "passes": 18019
                }
            }
    },
    "metrics": {
        "data_sent": {
            "count": 3261439,
            "rate": 10864.274214392697
        },
        "http_req_failed": {
            "passes": 0,
            "fails": 18019,
            "value": 0
        },
        "vus": {
            "min": 10,
            "max": 10,
            "value": 10
        },
        "http_req_duration{expected_response:true}": {
            "avg": 166.3530705385986,
            "min": 105.484033,
            "med": 166.087042,
            "max": 243.124184,
            "p(90)": 185.6001462,
            "p(95)": 191.16264949999996
        },
        "checks": {
            "passes": 36038,
            "fails": 0,
            "value": 1
        },
        "iterations": {
            "count": 18019,
            "rate": 60.02361444415855
        },
        "http_req_duration": {
            "min": 105.484033,
            "med": 166.087042,
            "max": 243.124184,
            "p(90)": 185.6001462,
            "p(95)": 191.16264949999996,
            "avg": 166.3530705385986
        },
        "http_req_receiving": {
            "med": 0.067201,
            "max": 3.346195,
            "p(90)": 0.07880960000000001,
            "p(95)": 0.08471489999999997,
            "avg": 0.06918436111881907,
            "min": 0.027502
        },
        "data_received": {
            "count": 10270830,
            "rate": 34213.46023317037
        },
        "iteration_duration": {
            "min": 109.987965,
            "med": 166.254913,
            "max": 257.465137,
            "p(90)": 185.7888192,
            "p(95)": 191.36158579999997,
            "avg": 166.529186269882
        },
        "http_req_waiting": {
            "max": 242.173796,
            "p(90)": 185.5092242,
            "p(95)": 191.05771769999998,
            "avg": 166.26097905977028,
            "min": 104.59745,
            "med": 165.993881
        },
        "http_req_tls_handshaking": {
            "p(90)": 0,
            "p(95)": 0,
            "avg": 0,
            "min": 0,
            "med": 0,
            "max": 0
        },
        "vus_max": {
            "value": 10,
            "min": 10,
            "max": 10
        },
        "http_req_sending": {
            "avg": 0.022907117709084903,
            "min": 0.010252,
            "med": 0.020899,
            "max": 2.758148,
            "p(90)": 0.0236694,
            "p(95)": 0.025920299999999983
        },
        "http_reqs": {
            "count": 18019,
            "rate": 60.02361444415855
        },
        "http_req_blocked": {
            "min": 0.002747,
            "med": 0.005038,
            "max": 1.315977,
            "p(90)": 0.00578,
            "p(95)": 0.006193099999999998,
            "avg": 0.005721147177978815
        },
        "http_req_connecting": {
            "max": 1.078024,
            "p(90)": 0,
            "p(95)": 0,
            "avg": 0.0003156059159775792,
            "min": 0,
            "med": 0
        }
    }
}