{
    "metrics": {
        "http_req_duration{expected_response:true}": {
            "min": 131.20032,
            "med": 1661.489588,
            "max": 1857.412687,
            "p(90)": 1678.9167065,
            "p(95)": 1698.8784957500002,
            "avg": 1662.1562331740224
        },
        "http_req_connecting": {
            "p(95)": 0,
            "avg": 0.006823267186118478,
            "min": 0,
            "med": 0,
            "max": 4.166725,
            "p(90)": 0
        },
        "http_req_failed": {
            "passes": 0,
            "fails": 18096,
            "value": 0
        },
        "iterations": {
            "count": 18096,
            "rate": 59.994797660925634
        },
        "vus": {
            "value": 40,
            "min": 40,
            "max": 100
        },
        "vus_max": {
            "value": 100,
            "min": 100,
            "max": 100
        },
        "http_req_tls_handshaking": {
            "min": 0,
            "med": 0,
            "max": 0,
            "p(90)": 0,
            "p(95)": 0,
            "avg": 0
        },
        "data_sent": {
            "count": 3275376,
            "rate": 10859.05837662754
        },
        "http_req_waiting": {
            "p(90)": 1678.8150925,
            "p(95)": 1698.7876505,
            "avg": 1662.062388722974,
            "min": 130.761012,
            "med": 1661.395958,
            "max": 1857.31087
        },
        "http_reqs": {
            "count": 18096,
            "rate": 59.994797660925634
        },
        "http_req_receiving": {
            "avg": 0.07106840528293541,
            "min": 0.028592,
            "med": 0.0695765,
            "max": 6.220663,
            "p(90)": 0.080388,
            "p(95)": 0.08544500000000001
        },
        "http_req_blocked": {
            "avg": 0.01424251591511938,
            "min": 0.002594,
            "med": 0.004981,
            "max": 6.254334,
            "p(90)": 0.0057705,
            "p(95)": 0.006337499999999999
        },
        "http_req_sending": {
            "med": 0.021057,
            "max": 3.295471,
            "p(90)": 0.0234935,
            "p(95)": 0.026537500000000002,
            "avg": 0.022776045755968245,
            "min": 0.009743
        },
        "checks": {
            "fails": 18072,
            "passes": 18120,
            "value": 0.5006631299734748
        },
        "data_received": {
            "rate": 34197.03466672761,
            "count": 10314720
        },
        "iteration_duration": {
            "max": 1857.850402,
            "p(90)": 1679.087056,
            "p(95)": 1699.103482,
            "avg": 1662.3374753485923,
            "min": 133.484818,
            "med": 1661.663338
        },
        "http_req_duration": {
            "max": 1857.412687,
            "p(90)": 1678.9167065,
            "p(95)": 1698.8784957500002,
            "avg": 1662.1562331740224,
            "min": 131.20032,
            "med": 1661.489588
        }
    },
    "root_group": {
        "groups": {},
        "checks": {
                "login successful": {
                    "id": "72410831cb1258cbc9a2391f92e33c94",
                    "passes": 18096,
                    "fails": 0,
                    "name": "login successful",
                    "path": "::login successful"
                },
                "response time < 500ms": {
                    "name": "response time < 500ms",
                    "path": "::response time < 500ms",
                    "id": "3e02485a995423a591645f4eee6c60eb",
                    "passes": 24,
                    "fails": 18072
                }
            },
        "name": "",
        "path": "",
        "id": "d41d8cd98f00b204e9800998ecf8427e"
    }
}