{
    "root_group": {
        "groups": {},
        "checks": {
                "login successful": {
                    "name": "login successful",
                    "path": "::login successful",
                    "id": "72410831cb1258cbc9a2391f92e33c94",
                    "passes": 18183,
                    "fails": 0
                },
                "response time < 500ms": {
                    "name": "response time < 500ms",
                    "path": "::response time < 500ms",
                    "id": "3e02485a995423a591645f4eee6c60eb",
                    "passes": 22,
                    "fails": 18161
                }
            },
        "name": "",
        "path": "",
        "id": "d41d8cd98f00b204e9800998ecf8427e"
    },
    "metrics": {
        "vus_max": {
            "value": 200,
            "min": 200,
            "max": 200
        },
        "checks": {
            "fails": 18161,
            "passes": 18205,
            "value": 0.500604960677556
        },
        "http_req_receiving": {
            "avg": 0.07131942891712034,
            "min": 0.025797,
            "med": 0.069363,
            "max": 7.340549,
            "p(90)": 0.08048420000000002,
            "p(95)": 0.08577879999999997
        },
        "vus": {
            "max": 200,
            "value": 20,
            "min": 20
        },
        "iterations": {
            "count": 18183,
            "rate": 59.95291538648318
        },
        "http_req_blocked": {
            "med": 0.005017,
            "max": 12.830708,
            "p(90)": 0.005873800000000001,
            "p(95)": 0.006526,
            "avg": 0.018248600395974472,
            "min": 0.002511
        },
        "data_sent": {
            "rate": 10851.477684953454,
            "count": 3291123
        },
        "iteration_duration": {
            "avg": 3317.803098108332,
            "min": 141.537064,
            "med": 3333.234435,
            "max": 3743.240959,
            "p(90)": 3358.0832922,
            "p(95)": 3374.2063933
        },
        "http_req_connecting": {
            "p(95)": 0,
            "avg": 0.01044899554528956,
            "min": 0,
            "med": 0,
            "max": 7.550797,
            "p(90)": 0
        },
        "http_req_tls_handshaking": {
            "avg": 0,
            "min": 0,
            "med": 0,
            "max": 0,
            "p(90)": 0,
            "p(95)": 0
        },
        "http_reqs": {
            "rate": 59.95291538648318,
            "count": 18183
        },
        "http_req_waiting": {
            "avg": 3317.5162639353675,
            "min": 139.479846,
            "med": 3332.952493,
            "max": 3742.705602,
            "p(90)": 3357.8151989999997,
            "p(95)": 3373.8763254
        },
        "http_req_failed": {
            "passes": 0,
            "fails": 18183,
            "value": 0
        },
        "http_req_duration{expected_response:true}": {
            "p(90)": 3357.9052948,
            "p(95)": 3373.9720622,
            "avg": 3317.6156824451,
            "min": 139.703411,
            "med": 3333.063118,
            "max": 3742.826658
        },
        "http_req_sending": {
            "p(95)": 0.02796229999999998,
            "avg": 0.028099080789748883,
            "min": 0.009942,
            "med": 0.021511,
            "max": 10.408399,
            "p(90)": 0.0241888
        },
        "data_received": {
            "count": 10364310,
            "rate": 34173.16177029541
        },
        "http_req_duration": {
            "avg": 3317.6156824451,
            "min": 139.703411,
            "med": 3333.063118,
            "max": 3742.826658,
            "p(90)": 3357.9052948,
            "p(95)": 3373.9720622
        }
    }
}