{
    "root_group": {
        "path": "",
        "id": "d41d8cd98f00b204e9800998ecf8427e",
        "groups": {},
        "checks": {
                "login successful": {
                    "name": "login successful",
                    "path": "::login successful",
                    "id": "72410831cb1258cbc9a2391f92e33c94",
                    "passes": 18148,
                    "fails": 0
                },
                "response time < 500ms": {
                    "fails": 18124,
                    "name": "response time < 500ms",
                    "path": "::response time < 500ms",
                    "id": "3e02485a995423a591645f4eee6c60eb",
                    "passes": 24
                }
            },
        "name": ""
    },
    "metrics": {
        "http_req_tls_handshaking": {
            "avg": 0,
            "min": 0,
            "med": 0,
            "max": 0,
            "p(90)": 0,
            "p(95)": 0
        },
        "http_req_receiving": {
            "p(90)": 0.0793766,
            "p(95)": 0.08501604999999997,
            "avg": 0.0697278501212256,
            "min": 0.025997,
            "med": 0.067979,
            "max": 3.437513
        },
        "http_req_connecting": {
            "p(95)": 0,
            "avg": 0.0055645206083314944,
            "min": 0,
            "med": 0,
            "max": 3.65938,
            "p(90)": 0
        },
        "http_req_sending": {
            "p(95)": 0.02699324999999999,
            "avg": 0.032786853041657606,
            "min": 0.010163,
            "med": 0.021511,
            "max": 12.077972,
            "p(90)": 0.024111300000000002
        },
        "http_req_duration": {
            "med": 1659.7841764999998,
            "max": 1848.279521,
            "p(90)": 1667.2230789,
            "p(95)": 1671.52421435,
            "avg": 1657.3568816095974,
            "min": 117.012355
        },
        "vus": {
            "value": 40,
            "min": 40,
            "max": 100
        },
        "http_req_waiting": {
            "max": 1848.16842,
            "p(90)": 1667.1294897,
            "p(95)": 1671.4383075,
            "avg": 1657.254366906439,
            "min": 116.7724,
            "med": 1659.693365
        },
        "data_received": {
            "count": 10344360,
            "rate": 34294.96191533771
        },
        "http_reqs": {
            "rate": 60.16659985146967,
            "count": 18148
        },
        "vus_max": {
            "value": 100,
            "min": 100,
            "max": 100
        },
        "data_sent": {
            "count": 3284788,
            "rate": 10890.15457311601
        },
        "checks": {
            "passes": 18172,
            "fails": 18124,
            "value": 0.5006612298875909
        },
        "http_req_failed": {
            "passes": 0,
            "fails": 18148,
            "value": 0
        },
        "iterations": {
            "count": 18148,
            "rate": 60.16659985146967
        },
        "http_req_duration{expected_response:true}": {
            "avg": 1657.3568816095974,
            "min": 117.012355,
            "med": 1659.7841764999998,
            "max": 1848.279521,
            "p(90)": 1667.2230789,
            "p(95)": 1671.52421435
        },
        "iteration_duration": {
            "p(95)": 1671.6975798,
            "avg": 1657.537573087349,
            "min": 117.653748,
            "med": 1659.9579055,
            "max": 1850.218961,
            "p(90)": 1667.3946004
        },
        "http_req_blocked": {
            "med": 0.005025,
            "max": 5.567296,
            "p(90)": 0.005809,
            "p(95)": 0.006340649999999998,
            "avg": 0.012996742120343772,
            "min": 0.002311
        }
    }
}