{
    "metrics": {
        "vus": {
            "value": 19,
            "min": 19,
            "max": 200
        },
        "http_req_duration": {
            "avg": 3303.5562758600213,
            "min": 164.050091,
            "med": 3318.1814105,
            "max": 3658.190311,
            "p(90)": 3329.4056406000004,
            "p(95)": 3333.7153560499996
        },
        "http_req_duration{expected_response:true}": {
            "med": 3318.1814105,
            "max": 3658.190311,
            "p(90)": 3329.4056406000004,
            "p(95)": 3333.7153560499996,
            "avg": 3303.5562758600213,
            "min": 164.050091
        },
        "http_req_receiving": {
            "min": 0.026323,
            "med": 0.0689105,
            "max": 1.967945,
            "p(90)": 0.08057230000000003,
            "p(95)": 0.08663814999999998,
            "avg": 0.07036833526834649
        },
        "vus_max": {
            "value": 200,
            "min": 200,
            "max": 200
        },
        "checks": {
            "passes": 18280,
            "fails": 18240,
            "value": 0.5005476451259584
        },
        "data_received": {
            "count": 10408200,
            "rate": 34318.67918164705
        },
        "http_req_blocked": {
            "med": 0.005003,
            "max": 10.37964,
            "p(90)": 0.005867,
            "p(95)": 0.006576,
            "avg": 0.04247567699890487,
            "min": 0.002588
        },
        "http_req_waiting": {
            "min": 163.772572,
            "med": 3318.089921,
            "max": 3658.090043,
            "p(90)": 3329.3006886,
            "p(95)": 3333.57956015,
            "avg": 3303.446659311003
        },
        "http_req_tls_handshaking": {
            "avg": 0,
            "min": 0,
            "med": 0,
            "max": 0,
            "p(90)": 0,
            "p(95)": 0
        },
        "data_sent": {
            "count": 3305060,
            "rate": 10897.685845400203
        },
        "http_req_sending": {
            "p(90)": 0.024358,
            "p(95)": 0.028133,
            "avg": 0.03924821374589256,
            "min": 0.010422,
            "med": 0.0214605,
            "max": 6.227986
        },
        "iterations": {
            "count": 18260,
            "rate": 60.20820909060886
        },
        "iteration_duration": {
            "min": 168.891591,
            "med": 3318.3506740000003,
            "max": 3658.60767,
            "p(90)": 3329.5701505,
            "p(95)": 3333.8951368,
            "avg": 3303.7653243187387
        },
        "http_req_failed": {
            "passes": 0,
            "fails": 18260,
            "value": 0
        },
        "http_reqs": {
            "count": 18260,
            "rate": 60.20820909060886
        },
        "http_req_connecting": {
            "avg": 0.03608181834611173,
            "min": 0,
            "med": 0,
            "max": 10.343141,
            "p(90)": 0,
            "p(95)": 0
        }
    },
    "root_group": {
        "id": "d41d8cd98f00b204e9800998ecf8427e",
        "groups": {},
        "checks": {
                "login successful": {
                    "name": "login successful",
                    "path": "::login successful",
                    "id": "72410831cb1258cbc9a2391f92e33c94",
                    "passes": 18260,
                    "fails": 0
                },
                "response time < 500ms": {
                    "passes": 20,
                    "fails": 18240,
                    "name": "response time < 500ms",
                    "path": "::response time < 500ms",
                    "id": "3e02485a995423a591645f4eee6c60eb"
                }
            },
        "name": "",
        "path": ""
    }
}