{
    "root_group": {
        "id": "d41d8cd98f00b204e9800998ecf8427e",
        "groups": {},
        "checks": {
                "login successful": {
                    "passes": 17413,
                    "fails": 0,
                    "name": "login successful",
                    "path": "::login successful",
                    "id": "72410831cb1258cbc9a2391f92e33c94"
                },
                "response time < 500ms": {
                    "fails": 0,
                    "name": "response time < 500ms",
                    "path": "::response time < 500ms",
                    "id": "3e02485a995423a591645f4eee6c60eb",
                    "passes": 17413
                }
            },
        "name": "",
        "path": ""
    },
    "metrics": {
        "http_req_failed": {
            "fails": 17413,
            "passes": 0,
            "value": 0
        },
        "http_req_duration{expected_response:true}": {
            "max": 250.842515,
            "p(90)": 192.41554059999999,
            "p(95)": 196.15894459999998,
            "avg": 172.12587157192866,
            "min": 116.153774,
            "med": 172.643155
        },
        "iterations": {
            "count": 17413,
            "rate": 58.01457600016703
        },
        "http_req_tls_handshaking": {
            "p(95)": 0,
            "avg": 0,
            "min": 0,
            "med": 0,
            "max": 0,
            "p(90)": 0
        },
        "http_req_receiving": {
            "min": 0.025532,
            "med": 0.074621,
            "max": 5.444194,
            "p(90)": 0.09029960000000001,
            "p(95)": 0.10325319999999984,
            "avg": 0.0803447366335492
        },
        "http_req_connecting": {
            "avg": 0.00010904088899098375,
            "min": 0,
            "med": 0,
            "max": 0.374949,
            "p(90)": 0,
            "p(95)": 0
        },
        "http_req_blocked": {
            "min": 0.002285,
            "med": 0.00506,
            "max": 2.494342,
            "p(90)": 0.005897,
            "p(95)": 0.006455399999999997,
            "avg": 0.005830212599781757
        },
        "vus": {
            "min": 10,
            "max": 10,
            "value": 10
        },
        "data_sent": {
            "count": 3151753,
            "rate": 10500.638256030234
        },
        "data_received": {
            "count": 9925410,
            "rate": 33068.30832009521
        },
        "http_reqs": {
            "rate": 58.01457600016703,
            "count": 17413
        },
        "checks": {
            "passes": 34826,
            "fails": 0,
            "value": 1
        },
        "iteration_duration": {
            "max": 251.24356,
            "p(90)": 192.59539320000002,
            "p(95)": 196.34866779999996,
            "avg": 172.31151862683024,
            "min": 117.114828,
            "med": 172.845761
        },
        "http_req_duration": {
            "max": 250.842515,
            "p(90)": 192.41554059999999,
            "p(95)": 196.15894459999998,
            "avg": 172.12587157192866,
            "min": 116.153774,
            "med": 172.643155
        },
        "http_req_sending": {
            "p(95)": 0.029261799999999952,
            "avg": 0.024470082524550855,
            "min": 0.009206,
            "med": 0.021604,
            "max": 5.328343,
            "p(90)": 0.025376200000000012
        },
        "vus_max": {
            "value": 10,
            "min": 10,
            "max": 10
        },
        "http_req_waiting": {
            "min": 115.973649,
            "med": 172.537089,
            "max": 250.621059,
            "p(90)": 192.31734020000002,
            "p(95)": 196.0588784,
            "avg": 172.02105675277105
        }
    }
}