{
    "root_group": {
        "name": "",
        "path": "",
        "id": "d41d8cd98f00b204e9800998ecf8427e",
        "groups": {},
        "checks": {
                "login successful": {
                    "id": "72410831cb1258cbc9a2391f92e33c94",
                    "passes": 17155,
                    "fails": 0,
                    "name": "login successful",
                    "path": "::login successful"
                },
                "response time < 500ms": {
                    "passes": 20,
                    "fails": 17135,
                    "name": "response time < 500ms",
                    "path": "::response time < 500ms",
                    "id": "3e02485a995423a591645f4eee6c60eb"
                }
            }
    },
    "metrics": {
        "http_req_failed": {
            "passes": 0,
            "fails": 17155,
            "value": 0
        },
        "data_received": {
            "count": 9778350,
            "rate": 32410.63764723575
        },
        "http_req_waiting": {
            "p(90)": 1796.7369568000001,
            "p(95)": 1807.1098236999999,
            "avg": 1753.381735527896,
            "min": 178.451365,
            "med": 1756.798013,
            "max": 1893.299442
        },
        "http_reqs": {
            "count": 17155,
            "rate": 56.860767802167985
        },
        "data_sent": {
            "count": 3105055,
            "rate": 10291.798972192404
        },
        "checks": {
            "passes": 17175,
            "fails": 17135,
            "value": 0.5005829204313611
        },
        "vus": {
            "value": 44,
            "min": 44,
            "max": 100
        },
        "http_req_connecting": {
            "avg": 0.024778440163217733,
            "min": 0,
            "med": 0,
            "max": 11.236848,
            "p(90)": 0,
            "p(95)": 0
        },
        "http_req_tls_handshaking": {
            "med": 0,
            "max": 0,
            "p(90)": 0,
            "p(95)": 0,
            "avg": 0,
            "min": 0
        },
        "iteration_duration": {
            "p(90)": 1797.0085284,
            "p(95)": 1807.4717629,
            "avg": 1753.715053386656,
            "min": 180.893349,
            "med": 1757.089973,
            "max": 1893.872594
        },
        "http_req_sending": {
            "avg": 0.032509775692218065,
            "min": 0.007475,
            "med": 0.021778,
            "max": 11.347496,
            "p(90)": 0.025688400000000004,
            "p(95)": 0.029845199999999995
        },
        "http_req_duration{expected_response:true}": {
            "max": 1893.442794,
            "p(90)": 1796.8307994,
            "p(95)": 1807.233085,
            "avg": 1753.494664603851,
            "min": 178.780545,
            "med": 1756.896521
        },
        "vus_max": {
            "value": 100,
            "min": 100,
            "max": 100
        },
        "http_req_blocked": {
            "avg": 0.03237338507723682,
            "min": 0.001965,
            "med": 0.005126,
            "max": 11.660412,
            "p(90)": 0.0059836,
            "p(95)": 0.006628299999999999
        },
        "http_req_duration": {
            "min": 178.780545,
            "med": 1756.896521,
            "max": 1893.442794,
            "p(90)": 1796.8307994,
            "p(95)": 1807.233085,
            "avg": 1753.494664603851
        },
        "http_req_receiving": {
            "avg": 0.0804193002623139,
            "min": 0.02065,
            "med": 0.075247,
            "max": 6.488899,
            "p(90)": 0.08929580000000001,
            "p(95)": 0.10129289999999999
        },
        "iterations": {
            "count": 17155,
            "rate": 56.860767802167985
        }
    }
}