{
    "root_group": {
        "groups": {},
        "checks": {
                "login successful": {
                    "name": "login successful",
                    "path": "::login successful",
                    "id": "72410831cb1258cbc9a2391f92e33c94",
                    "passes": 18088,
                    "fails": 0
                },
                "response time < 500ms": {
                    "name": "response time < 500ms",
                    "path": "::response time < 500ms",
                    "id": "3e02485a995423a591645f4eee6c60eb",
                    "passes": 24,
                    "fails": 18064
                }
            },
        "name": "",
        "path": "",
        "id": "d41d8cd98f00b204e9800998ecf8427e"
    },
    "metrics": {
        "http_req_failed": {
            "passes": 0,
            "fails": 18088,
            "value": 0
        },
        "iteration_duration": {
            "min": 122.380296,
            "med": 830.1693184999999,
            "max": 917.270852,
            "p(90)": 854.9204886,
            "p(95)": 857.9488461,
            "avg": 830.3697536395917
        },
        "vus": {
            "value": 50,
            "min": 50,
            "max": 50
        },
        "data_sent": {
            "count": 3273928,
            "rate": 10883.351043363702
        },
        "http_reqs": {
            "count": 18088,
            "rate": 60.12901128930223
        },
        "http_req_duration{expected_response:true}": {
            "p(90)": 854.749182,
            "p(95)": 857.7726273999999,
            "avg": 830.19479210184,
            "min": 121.190156,
            "med": 829.9953465,
            "max": 914.446431
        },
        "http_req_receiving": {
            "min": 0.025728,
            "med": 0.067995,
            "max": 1.503524,
            "p(90)": 0.07961660000000001,
            "p(95)": 0.0854335999999999,
            "avg": 0.06986917149491378
        },
        "iterations": {
            "count": 18088,
            "rate": 60.12901128930223
        },
        "checks": {
            "passes": 18112,
            "fails": 18064,
            "value": 0.5006634232640425
        },
        "http_req_sending": {
            "min": 0.009644,
            "med": 0.021162,
            "max": 3.366061,
            "p(90)": 0.023868300000000002,
            "p(95)": 0.02627259999999999,
            "avg": 0.0230238345864661
        },
        "http_req_blocked": {
            "min": 0.002449,
            "med": 0.00494,
            "max": 4.470535,
            "p(90)": 0.005722,
            "p(95)": 0.006220649999999998,
            "avg": 0.007919330274214983
        },
        "http_req_duration": {
            "min": 121.190156,
            "med": 829.9953465,
            "max": 914.446431,
            "p(90)": 854.749182,
            "p(95)": 857.7726273999999,
            "avg": 830.19479210184
        },
        "vus_max": {
            "value": 50,
            "min": 50,
            "max": 50
        },
        "http_req_tls_handshaking": {
            "max": 0,
            "p(90)": 0,
            "p(95)": 0,
            "avg": 0,
            "min": 0,
            "med": 0
        },
        "http_req_waiting": {
            "med": 829.9071395000001,
            "max": 914.334626,
            "p(90)": 854.6528128,
            "p(95)": 857.6758225,
            "avg": 830.101899095756,
            "min": 119.980256
        },
        "data_received": {
            "count": 10310160,
            "rate": 34273.53643490227
        },
        "http_req_connecting": {
            "avg": 0.0021278577509951345,
            "min": 0,
            "med": 0,
            "max": 4.408095,
            "p(90)": 0,
            "p(95)": 0
        }
    }
}