{
    "root_group": {
        "id": "d41d8cd98f00b204e9800998ecf8427e",
        "groups": {},
        "checks": {
                "login successful": {
                    "name": "login successful",
                    "path": "::login successful",
                    "id": "72410831cb1258cbc9a2391f92e33c94",
                    "passes": 17266,
                    "fails": 0
                },
                "response time < 500ms": {
                    "name": "response time < 500ms",
                    "path": "::response time < 500ms",
                    "id": "3e02485a995423a591645f4eee6c60eb",
                    "passes": 22,
                    "fails": 17244
                }
            },
        "name": "",
        "path": ""
    },
    "metrics": {
        "data_sent": {
            "count": 3125146,
            "rate": 10357.831992334837
        },
        "http_req_receiving": {
            "avg": 0.079110958820804,
            "min": 0.024778,
            "med": 0.0750555,
            "max": 2.862726,
            "p(90)": 0.089506,
            "p(95)": 0.10135625
        },
        "http_req_connecting": {
            "p(90)": 0,
            "p(95)": 0,
            "avg": 0.009490523166917644,
            "min": 0,
            "med": 0,
            "max": 4.921366
        },
        "http_req_waiting": {
            "avg": 1742.1657161721323,
            "min": 142.435631,
            "med": 1749.943013,
            "max": 1906.717057,
            "p(90)": 1781.8664865,
            "p(95)": 1797.49993725
        },
        "http_req_tls_handshaking": {
            "avg": 0,
            "min": 0,
            "med": 0,
            "max": 0,
            "p(90)": 0,
            "p(95)": 0
        },
        "vus_max": {
            "max": 100,
            "value": 100,
            "min": 100
        },
        "http_req_duration{expected_response:true}": {
            "max": 1906.864849,
            "p(90)": 1781.956064,
            "p(95)": 1797.598991,
            "avg": 1742.2694227555874,
            "min": 142.693105,
            "med": 1750.048365
        },
        "checks": {
            "passes": 17288,
            "fails": 17244,
            "value": 0.5006370902351442
        },
        "iterations": {
            "count": 17266,
            "rate": 57.22559111787202
        },
        "vus": {
            "min": 43,
            "max": 100,
            "value": 43
        },
        "http_req_blocked": {
            "max": 4.956619,
            "p(90)": 0.005964,
            "p(95)": 0.006582,
            "avg": 0.015187531564925302,
            "min": 0.00219,
            "med": 0.005082
        },
        "iteration_duration": {
            "p(95)": 1797.7627555000001,
            "avg": 1742.4691686906658,
            "min": 146.950889,
            "med": 1750.23657,
            "max": 1913.602975,
            "p(90)": 1782.1543035
        },
        "http_reqs": {
            "count": 17266,
            "rate": 57.22559111787202
        },
        "http_req_duration": {
            "avg": 1742.2694227555874,
            "min": 142.693105,
            "med": 1750.048365,
            "max": 1906.864849,
            "p(90)": 1781.956064,
            "p(95)": 1797.598991
        },
        "http_req_sending": {
            "max": 6.636136,
            "p(90)": 0.026056000000000003,
            "p(95)": 0.03025875,
            "avg": 0.024595624638017073,
            "min": 0.008455,
            "med": 0.021887
        },
        "http_req_failed": {
            "passes": 0,
            "fails": 17266,
            "value": 0
        },
        "data_received": {
            "rate": 32618.586937187054,
            "count": 9841620
        }
    }
}