{
    "metrics": {
        "http_req_blocked": {
            "max": 3.152763,
            "p(90)": 0.005487,
            "p(95)": 0.006462,
            "avg": 0.004313657677377855,
            "min": 0.001581,
            "med": 0.00306
        },
        "vus_max": {
            "value": 100,
            "min": 100,
            "max": 100
        },
        "http_req_connecting": {
            "avg": 0.0005706792555623657,
            "min": 0,
            "med": 0,
            "max": 2.077619,
            "p(90)": 0,
            "p(95)": 0
        },
        "checks": {
            "fails": 180,
            "passes": 205398,
            "value": 0.9991244199282024
        },
        "http_req_failed": {
            "fails": 102789,
            "passes": 0,
            "value": 0
        },
        "http_req_tls_handshaking": {
            "min": 0,
            "med": 0,
            "max": 0,
            "p(90)": 0,
            "p(95)": 0,
            "avg": 0
        },
        "http_req_receiving": {
            "avg": 0.040955260981233664,
            "min": 0.015809,
            "med": 0.031924,
            "max": 3.236726,
            "p(90)": 0.07282879999999997,
            "p(95)": 0.08637
        },
        "http_req_sending": {
            "min": 0.006319,
            "med": 0.013149,
            "max": 1.897028,
            "p(90)": 0.024664,
            "p(95)": 0.028363599999999992,
            "avg": 0.01547858738775547
        },
        "data_received": {
            "count": 52173546,
            "rate": 173797.09371423646
        },
        "http_reqs": {
            "count": 102789,
            "rate": 342.4039735729799
        },
        "data_sent": {
            "count": 50880555,
            "rate": 169489.96691862505
        },
        "iteration_duration": {
            "p(95)": 365.92090999999994,
            "avg": 291.9624900162333,
            "min": 49.996563,
            "med": 282.387018,
            "max": 5846.165841,
            "p(90)": 334.90355059999985
        },
        "http_req_duration{expected_response:true}": {
            "p(90)": 334.76024820000004,
            "p(95)": 365.75519499999996,
            "avg": 291.8496418932288,
            "min": 49.758212,
            "med": 282.286489,
            "max": 5845.784985
        },
        "iterations": {
            "count": 102789,
            "rate": 342.4039735729799
        },
        "vus": {
            "value": 100,
            "min": 100,
            "max": 100
        },
        "http_req_duration": {
            "med": 282.286489,
            "max": 5845.784985,
            "p(90)": 334.76024820000004,
            "p(95)": 365.75519499999996,
            "avg": 291.8496418932288,
            "min": 49.758212
        },
        "http_req_waiting": {
            "max": 5845.683251,
            "p(90)": 334.66165379999995,
            "p(95)": 365.66400339999996,
            "avg": 291.79320804485826,
            "min": 49.638008,
            "med": 282.237416
        }
    },
    "root_group": {
        "name": "",
        "path": "",
        "id": "d41d8cd98f00b204e9800998ecf8427e",
        "groups": {},
        "checks": {
                "order created": {
                    "id": "5e7ce872bb14a562c4b9054c8eda7170",
                    "passes": 102789,
                    "fails": 0,
                    "name": "order created",
                    "path": "::order created"
                },
                "response time < 500ms": {
                    "name": "response time < 500ms",
                    "path": "::response time < 500ms",
                    "id": "3e02485a995423a591645f4eee6c60eb",
                    "passes": 102609,
                    "fails": 180
                }
            }
    }
}