{
    "root_group": {
        "name": "",
        "path": "",
        "id": "d41d8cd98f00b204e9800998ecf8427e",
        "groups": {},
        "checks": {
                "order created": {
                    "name": "order created",
                    "path": "::order created",
                    "id": "5e7ce872bb14a562c4b9054c8eda7170",
                    "passes": 92877,
                    "fails": 0
                },
                "response time < 500ms": {
                    "name": "response time < 500ms",
                    "path": "::response time < 500ms",
                    "id": "3e02485a995423a591645f4eee6c60eb",
                    "passes": 91935,
                    "fails": 942
                }
            }
    },
    "metrics": {
        "iterations": {
            "count": 92877,
            "rate": 309.36867136819427
        },
        "http_req_connecting": {
            "max": 5.04741,
            "p(90)": 0,
            "p(95)": 0,
            "avg": 0.0017667856950590556,
            "min": 0,
            "med": 0
        },
        "http_req_duration": {
            "p(90)": 387.1791786,
            "p(95)": 415.4381111999999,
            "avg": 323.0037813666118,
            "min": 70.085765,
            "med": 310.142714,
            "max": 4774.399751
        },
        "iteration_duration": {
            "min": 70.276616,
            "med": 310.274126,
            "max": 4781.402718,
            "p(90)": 387.34156040000005,
            "p(95)": 415.6264422,
            "avg": 323.1427909953151
        },
        "http_req_blocked": {
            "avg": 0.006370247477846947,
            "min": 0.001613,
            "med": 0.003652,
            "max": 10.074064,
            "p(90)": 0.006391,
            "p(95)": 0.007168199999999997
        },
        "http_req_tls_handshaking": {
            "min": 0,
            "med": 0,
            "max": 0,
            "p(90)": 0,
            "p(95)": 0,
            "avg": 0
        },
        "http_req_receiving": {
            "avg": 0.05133238329188062,
            "min": 0.017601,
            "med": 0.042558,
            "max": 2.729267,
            "p(90)": 0.0874014,
            "p(95)": 0.09774659999999995
        },
        "http_reqs": {
            "rate": 309.36867136819427,
            "count": 92877
        },
        "http_req_waiting": {
            "avg": 322.93310024538215,
            "min": 69.9749,
            "med": 310.06554,
            "max": 4774.164185,
            "p(90)": 387.0725406000001,
            "p(95)": 415.3515403999999
        },
        "data_sent": {
            "count": 45974115,
            "rate": 153137.49232725616
        },
        "http_req_duration{expected_response:true}": {
            "min": 70.085765,
            "med": 310.142714,
            "max": 4774.399751,
            "p(90)": 387.1791786,
            "p(95)": 415.4381111999999,
            "avg": 323.0037813666118
        },
        "vus": {
            "value": 100,
            "min": 100,
            "max": 100
        },
        "http_req_sending": {
            "avg": 0.019348737943731993,
            "min": 0.006757,
            "med": 0.017149,
            "max": 5.347663,
            "p(90)": 0.028111,
            "p(95)": 0.031324
        },
        "checks": {
            "passes": 184812,
            "fails": 942,
            "value": 0.9949287767692755
        },
        "data_received": {
            "count": 47131418,
            "rate": 156992.41110672176
        },
        "http_req_failed": {
            "passes": 0,
            "fails": 92877,
            "value": 0
        },
        "vus_max": {
            "value": 100,
            "min": 100,
            "max": 100
        }
    }
}