{
    "root_group": {
        "id": "d41d8cd98f00b204e9800998ecf8427e",
        "groups": {},
        "checks": {
                "order created": {
                    "name": "order created",
                    "path": "::order created",
                    "id": "5e7ce872bb14a562c4b9054c8eda7170",
                    "passes": 104097,
                    "fails": 0
                },
                "response time < 500ms": {
                    "name": "response time < 500ms",
                    "path": "::response time < 500ms",
                    "id": "3e02485a995423a591645f4eee6c60eb",
                    "passes": 5257,
                    "fails": 98840
                }
            },
        "name": "",
        "path": ""
    },
    "metrics": {
        "vus_max": {
            "value": 200,
            "min": 200,
            "max": 200
        },
        "http_reqs": {
            "count": 104097,
            "rate": 346.59158561881304
        },
        "http_req_waiting": {
            "avg": 576.6427501266458,
            "min": 23.957224,
            "med": 565.304812,
            "max": 20279.90454,
            "p(90)": 598.7489408,
            "p(95)": 639.2009552
        },
        "http_req_blocked": {
            "avg": 0.0053074977280804705,
            "min": 0.001612,
            "med": 0.002752,
            "max": 10.322293,
            "p(90)": 0.005166,
            "p(95)": 0.006348199999999997
        },
        "http_req_receiving": {
            "med": 0.029127,
            "max": 3.51582,
            "p(90)": 0.06815040000000006,
            "p(95)": 0.083723,
            "avg": 0.037298447515297116,
            "min": 0.015942
        },
        "http_req_failed": {
            "passes": 0,
            "fails": 104097,
            "value": 0
        },
        "http_req_duration": {
            "max": 20279.97862,
            "p(90)": 598.8096489999999,
            "p(95)": 639.2753201999999,
            "avg": 576.6990556039556,
            "min": 24.037033,
            "med": 565.357483
        },
        "http_req_tls_handshaking": {
            "avg": 0,
            "min": 0,
            "med": 0,
            "max": 0,
            "p(90)": 0,
            "p(95)": 0
        },
        "data_received": {
            "count": 52827117,
            "rate": 175888.20277914402
        },
        "iteration_duration": {
            "p(95)": 639.4281998,
            "avg": 576.8057717741857,
            "min": 24.160326,
            "med": 565.452979,
            "max": 20280.398674,
            "p(90)": 598.9319340000001
        },
        "checks": {
            "passes": 109354,
            "fails": 98840,
            "value": 0.5252504875260574
        },
        "http_req_sending": {
            "p(95)": 0.028241399999999993,
            "avg": 0.01900702979912982,
            "min": 0.00645,
            "med": 0.01181,
            "max": 13.675533,
            "p(90)": 0.023563800000000017
        },
        "iterations": {
            "count": 104097,
            "rate": 346.59158561881304
        },
        "vus": {
            "max": 200,
            "value": 200,
            "min": 200
        },
        "http_req_connecting": {
            "avg": 0.0015479702104767665,
            "min": 0,
            "med": 0,
            "max": 9.507363,
            "p(90)": 0,
            "p(95)": 0
        },
        "data_sent": {
            "count": 51528015,
            "rate": 171562.83488131245
        },
        "http_req_duration{expected_response:true}": {
            "max": 20279.97862,
            "p(90)": 598.8096489999999,
            "p(95)": 639.2753201999999,
            "avg": 576.6990556039556,
            "min": 24.037033,
            "med": 565.357483
        }
    }
}