{
    "root_group": {
        "name": "",
        "path": "",
        "id": "d41d8cd98f00b204e9800998ecf8427e",
        "groups": {},
        "checks": {
                "order created": {
                    "name": "order created",
                    "path": "::order created",
                    "id": "5e7ce872bb14a562c4b9054c8eda7170",
                    "passes": 95334,
                    "fails": 0
                },
                "response time < 500ms": {
                    "passes": 95304,
                    "fails": 30,
                    "name": "response time < 500ms",
                    "path": "::response time < 500ms",
                    "id": "3e02485a995423a591645f4eee6c60eb"
                }
            }
    },
    "metrics": {
        "http_req_blocked": {
            "med": 0.004704,
            "max": 1.110375,
            "p(90)": 0.006687699999999998,
            "p(95)": 0.007184,
            "avg": 0.005151267470157569,
            "min": 0.001892
        },
        "checks": {
            "passes": 190638,
            "fails": 30,
            "value": 0.999842658442948
        },
        "iterations": {
            "rate": 317.75960378848464,
            "count": 95334
        },
        "iteration_duration": {
            "p(95)": 42.17511549999999,
            "avg": 31.45402471232712,
            "min": 11.129627,
            "med": 30.446676,
            "max": 1631.935828,
            "p(90)": 39.5287107
        },
        "http_req_duration": {
            "p(95)": 42.007183649999995,
            "avg": 31.292763914804596,
            "min": 10.996467,
            "med": 30.295657,
            "max": 1631.728945,
            "p(90)": 39.3617192
        },
        "http_req_receiving": {
            "med": 0.0632175,
            "max": 3.815346,
            "p(90)": 0.0909767,
            "p(95)": 0.09697469999999998,
            "avg": 0.06450200369228203,
            "min": 0.018192
        },
        "data_sent": {
            "count": 47190330,
            "rate": 157291.00387529988
        },
        "http_req_tls_handshaking": {
            "p(95)": 0,
            "avg": 0,
            "min": 0,
            "med": 0,
            "max": 0,
            "p(90)": 0
        },
        "http_req_sending": {
            "avg": 0.022306010646778552,
            "min": 0.007348,
            "med": 0.021315,
            "max": 3.350847,
            "p(90)": 0.029201,
            "p(95)": 0.031144
        },
        "http_req_duration{expected_response:true}": {
            "max": 1631.728945,
            "p(90)": 39.3617192,
            "p(95)": 42.007183649999995,
            "avg": 31.292763914804596,
            "min": 10.996467,
            "med": 30.295657
        },
        "vus": {
            "value": 10,
            "min": 10,
            "max": 10
        },
        "vus_max": {
            "min": 10,
            "max": 10,
            "value": 10
        },
        "http_reqs": {
            "rate": 317.75960378848464,
            "count": 95334
        },
        "http_req_connecting": {
            "med": 0,
            "max": 1.059872,
            "p(90)": 0,
            "p(95)": 0,
            "avg": 0.00007113659345039545,
            "min": 0
        },
        "http_req_waiting": {
            "p(95)": 41.90662559999999,
            "avg": 31.20595590046563,
            "min": 10.948855,
            "med": 30.2115335,
            "max": 1631.608198,
            "p(90)": 39.2716613
        },
        "http_req_failed": {
            "passes": 0,
            "fails": 95334,
            "value": 0
        },
        "data_received": {
            "count": 48372502,
            "rate": 161231.3242891065
        }
    }
}