{
    "root_group": {
        "name": "",
        "path": "",
        "id": "d41d8cd98f00b204e9800998ecf8427e",
        "groups": {},
        "checks": {
                "order created": {
                    "path": "::order created",
                    "id": "5e7ce872bb14a562c4b9054c8eda7170",
                    "passes": 104219,
                    "fails": 0,
                    "name": "order created"
                },
                "response time < 500ms": {
                    "passes": 104046,
                    "fails": 173,
                    "name": "response time < 500ms",
                    "path": "::response time < 500ms",
                    "id": "3e02485a995423a591645f4eee6c60eb"
                }
            }
    },
    "metrics": {
        "data_received": {
            "count": 52890025,
            "rate": 176175.31189664066
        },
        "http_req_blocked": {
            "avg": 0.004319930127903792,
            "min": 0.001604,
            "med": 0.003018,
            "max": 5.654399,
            "p(90)": 0.005411,
            "p(95)": 0.006385
        },
        "http_req_connecting": {
            "p(90)": 0,
            "p(95)": 0,
            "avg": 0.0006523172646062622,
            "min": 0,
            "med": 0,
            "max": 5.540985
        },
        "http_req_failed": {
            "fails": 104219,
            "passes": 0,
            "value": 0
        },
        "http_req_sending": {
            "max": 3.129168,
            "p(90)": 0.024910399999999996,
            "p(95)": 0.028462099999999994,
            "avg": 0.015933283086577425,
            "min": 0.006499,
            "med": 0.013318
        },
        "http_req_receiving": {
            "min": 0.015837,
            "med": 0.031692,
            "max": 3.516626,
            "p(90)": 0.0723456,
            "p(95)": 0.085973,
            "avg": 0.04073327139964877
        },
        "http_req_duration{expected_response:true}": {
            "p(95)": 361.5105523,
            "avg": 287.864801161736,
            "min": 38.783446,
            "med": 278.449366,
            "max": 5881.679023,
            "p(90)": 328.27588719999994
        },
        "iteration_duration": {
            "med": 278.546564,
            "max": 5884.337931,
            "p(90)": 328.45038339999996,
            "p(95)": 361.67398469999995,
            "avg": 287.9771683481953,
            "min": 38.95622
        },
        "vus": {
            "value": 100,
            "min": 100,
            "max": 100
        },
        "http_req_tls_handshaking": {
            "p(90)": 0,
            "p(95)": 0,
            "avg": 0,
            "min": 0,
            "med": 0,
            "max": 0
        },
        "data_sent": {
            "rate": 171839.6491800716,
            "count": 51588405
        },
        "http_req_waiting": {
            "avg": 287.8081346072512,
            "min": 38.700327,
            "med": 278.399109,
            "max": 5881.60008,
            "p(90)": 328.2171962,
            "p(95)": 361.4020872
        },
        "checks": {
            "passes": 208265,
            "fails": 173,
            "value": 0.9991700169834675
        },
        "http_reqs": {
            "count": 104219,
            "rate": 347.1508064243871
        },
        "iterations": {
            "count": 104219,
            "rate": 347.1508064243871
        },
        "vus_max": {
            "value": 100,
            "min": 100,
            "max": 100
        },
        "http_req_duration": {
            "p(95)": 361.5105523,
            "avg": 287.864801161736,
            "min": 38.783446,
            "med": 278.449366,
            "max": 5881.679023,
            "p(90)": 328.27588719999994
        }
    }
}