{
    "metrics": {
        "http_req_failed": {
            "passes": 0,
            "fails": 96530,
            "value": 0
        },
        "http_req_receiving": {
            "min": 0.021449,
            "med": 0.063722,
            "max": 1.421258,
            "p(90)": 0.091441,
            "p(95)": 0.09721255000000001,
            "avg": 0.06495652306018805
        },
        "http_req_duration{expected_response:true}": {
            "avg": 30.901935527545987,
            "min": 10.815006,
            "med": 30.3534025,
            "max": 119.7303,
            "p(90)": 39.4311697,
            "p(95)": 41.84854075
        },
        "http_req_sending": {
            "p(90)": 0.029256,
            "p(95)": 0.031136550000000002,
            "avg": 0.022506331699989928,
            "min": 0.008222,
            "med": 0.021562,
            "max": 2.663503
        },
        "checks": {
            "passes": 193060,
            "fails": 0,
            "value": 1
        },
        "http_req_blocked": {
            "min": 0.002143,
            "med": 0.004674,
            "max": 1.094399,
            "p(90)": 0.006627,
            "p(95)": 0.007108,
            "avg": 0.005083928343520241
        },
        "http_req_waiting": {
            "max": 119.516273,
            "p(90)": 39.3420006,
            "p(95)": 41.751489750000005,
            "avg": 30.814472672785406,
            "min": 10.746004,
            "med": 30.2686895
        },
        "vus_max": {
            "value": 10,
            "min": 10,
            "max": 10
        },
        "data_received": {
            "count": 48998609,
            "rate": 163315.6834579764
        },
        "http_req_connecting": {
            "avg": 0.00003494663835077178,
            "min": 0,
            "med": 0,
            "max": 0.479627,
            "p(90)": 0,
            "p(95)": 0
        },
        "http_reqs": {
            "rate": 321.74102991777715,
            "count": 96530
        },
        "data_sent": {
            "count": 47782350,
            "rate": 159261.80980929968
        },
        "vus": {
            "value": 10,
            "min": 10,
            "max": 10
        },
        "iterations": {
            "count": 96530,
            "rate": 321.74102991777715
        },
        "http_req_duration": {
            "avg": 30.901935527545987,
            "min": 10.815006,
            "med": 30.3534025,
            "max": 119.7303,
            "p(90)": 39.4311697,
            "p(95)": 41.84854075
        },
        "http_req_tls_handshaking": {
            "p(95)": 0,
            "avg": 0,
            "min": 0,
            "med": 0,
            "max": 0,
            "p(90)": 0
        },
        "iteration_duration": {
            "p(95)": 42.02051815000001,
            "avg": 31.064339138930777,
            "min": 10.957085,
            "med": 30.510713000000003,
            "max": 121.128796,
            "p(90)": 39.599409900000005
        }
    },
    "root_group": {
        "groups": {},
        "checks": {
                "order created": {
                    "name": "order created",
                    "path": "::order created",
                    "id": "5e7ce872bb14a562c4b9054c8eda7170",
                    "passes": 96530,
                    "fails": 0
                },
                "response time < 500ms": {
                    "id": "3e02485a995423a591645f4eee6c60eb",
                    "passes": 96530,
                    "fails": 0,
                    "name": "response time < 500ms",
                    "path": "::response time < 500ms"
                }
            },
        "name": "",
        "path": "",
        "id": "d41d8cd98f00b204e9800998ecf8427e"
    }
}