{
    "root_group": {
        "checks": {
            "order created": {
                "path": "::order created",
                "id": "5e7ce872bb14a562c4b9054c8eda7170",
                "passes": 100792,
                "fails": 0,
                "name": "order created"
            },
            "response time < 500ms": {
                "fails": 36,
                "name": "response time < 500ms",
                "path": "::response time < 500ms",
                "id": "3e02485a995423a591645f4eee6c60eb",
                "passes": 100756
            }
        },
        "name": "",
        "path": "",
        "id": "d41d8cd98f00b204e9800998ecf8427e",
        "groups": {}
    },
    "metrics": {
        "http_req_duration": {
            "avg": 148.71673236686527,
            "min": 29.94861,
            "med": 141.3584995,
            "max": 1764.287901,
            "p(90)": 180.70540540000002,
            "p(95)": 190.1937744
        },
        "iterations": {
            "count": 100792,
            "rate": 335.85486572512355
        },
        "vus": {
            "value": 50,
            "min": 50,
            "max": 50
        },
        "vus_max": {
            "value": 50,
            "min": 50,
            "max": 50
        },
        "http_req_receiving": {
            "avg": 0.048489795906421815,
            "min": 0.017828,
            "med": 0.041319,
            "max": 2.469861,
            "p(90)": 0.08078790000000001,
            "p(95)": 0.08965079999999999
        },
        "http_reqs": {
            "count": 100792,
            "rate": 335.85486572512355
        },
        "http_req_tls_handshaking": {
            "min": 0,
            "med": 0,
            "max": 0,
            "p(90)": 0,
            "p(95)": 0,
            "avg": 0
        },
        "http_req_failed": {
            "passes": 0,
            "fails": 100792,
            "value": 0
        },
        "http_req_duration{expected_response:true}": {
            "p(95)": 190.1937744,
            "avg": 148.71673236686527,
            "min": 29.94861,
            "med": 141.3584995,
            "max": 1764.287901,
            "p(90)": 180.70540540000002
        },
        "http_req_blocked": {
            "max": 3.060486,
            "p(90)": 0.005773,
            "p(95)": 0.006472,
            "avg": 0.004584055450829446,
            "min": 0.001613,
            "med": 0.003441
        },
        "checks": {
            "passes": 201548,
            "fails": 36,
            "value": 0.9998214143979681
        },
        "data_sent": {
            "count": 49892040,
            "rate": 166248.15853393616
        },
        "http_req_waiting": {
            "min": 29.876902,
            "med": 141.299864,
            "max": 1763.672846,
            "p(90)": 180.6252493,
            "p(95)": 190.1112301,
            "avg": 148.65063415817585
        },
        "data_received": {
            "count": 51159879,
            "rate": 170472.79835759354
        },
        "http_req_sending": {
            "avg": 0.017608412780776395,
            "min": 0.006662,
            "med": 0.016224,
            "max": 4.73805,
            "p(90)": 0.025895,
            "p(95)": 0.02865
        },
        "http_req_connecting": {
            "max": 2.217116,
            "p(90)": 0,
            "p(95)": 0,
            "avg": 0.0006839336455274229,
            "min": 0,
            "med": 0
        },
        "iteration_duration": {
            "avg": 148.84297022432438,
            "min": 30.108807,
            "med": 141.47626100000002,
            "max": 1766.028023,
            "p(90)": 180.85713410000002,
            "p(95)": 190.34859004999998
        }
    }
}