{
    "root_group": {
        "groups": {},
        "checks": {
                "order created": {
                    "passes": 96916,
                    "fails": 0,
                    "name": "order created",
                    "path": "::order created",
                    "id": "5e7ce872bb14a562c4b9054c8eda7170"
                },
                "response time < 500ms": {
                    "id": "3e02485a995423a591645f4eee6c60eb",
                    "passes": 96098,
                    "fails": 818,
                    "name": "response time < 500ms",
                    "path": "::response time < 500ms"
                }
            },
        "name": "",
        "path": "",
        "id": "d41d8cd98f00b204e9800998ecf8427e"
    },
    "metrics": {
        "http_req_blocked": {
            "avg": 0.004808258450617027,
            "min": 0.001644,
            "med": 0.003644,
            "max": 3.091597,
            "p(90)": 0.005971,
            "p(95)": 0.00666
        },
        "http_req_connecting": {
            "min": 0,
            "med": 0,
            "max": 2.382035,
            "p(90)": 0,
            "p(95)": 0,
            "avg": 0.0006837011019852244
        },
        "http_req_waiting": {
            "med": 140.6331505,
            "max": 2184.087223,
            "p(90)": 181.7810065,
            "p(95)": 194.20088750000002,
            "avg": 154.606057519708,
            "min": 23.769854
        },
        "http_req_duration": {
            "avg": 154.67434773481924,
            "min": 23.816659,
            "med": 140.69921449999998,
            "max": 2184.166667,
            "p(90)": 181.860626,
            "p(95)": 194.2836025
        },
        "vus_max": {
            "value": 50,
            "min": 50,
            "max": 50
        },
        "data_received": {
            "rate": 163882.49682961561,
            "count": 49182913
        },
        "http_req_sending": {
            "p(90)": 0.0267185,
            "p(95)": 0.029413250000000002,
            "avg": 0.018364422706260947,
            "min": 0.006882,
            "med": 0.017104,
            "max": 4.398302
        },
        "iteration_duration": {
            "med": 140.8186645,
            "max": 2184.352525,
            "p(90)": 182.015006,
            "p(95)": 194.4461955,
            "avg": 154.8045491470752,
            "min": 23.924864
        },
        "iterations": {
            "rate": 322.9340251306186,
            "count": 96916
        },
        "http_req_tls_handshaking": {
            "med": 0,
            "max": 0,
            "p(90)": 0,
            "p(95)": 0,
            "avg": 0,
            "min": 0
        },
        "http_reqs": {
            "count": 96916,
            "rate": 322.9340251306186
        },
        "checks": {
            "passes": 193014,
            "fails": 818,
            "value": 0.9957798505922655
        },
        "vus": {
            "value": 50,
            "min": 50,
            "max": 50
        },
        "http_req_failed": {
            "passes": 0,
            "fails": 96916,
            "value": 0
        },
        "data_sent": {
            "count": 47973420,
            "rate": 159852.3424396562
        },
        "http_req_duration{expected_response:true}": {
            "min": 23.816659,
            "med": 140.69921449999998,
            "max": 2184.166667,
            "p(90)": 181.860626,
            "p(95)": 194.2836025,
            "avg": 154.67434773481924
        },
        "http_req_receiving": {
            "avg": 0.049925792407857765,
            "min": 0.017865,
            "med": 0.0432855,
            "max": 4.507886,
            "p(90)": 0.082111,
            "p(95)": 0.09107925
        }
    }
}