{
    "root_group": {
        "name": "",
        "path": "",
        "id": "d41d8cd98f00b204e9800998ecf8427e",
        "groups": {},
        "checks": {
                "order created": {
                    "name": "order created",
                    "path": "::order created",
                    "id": "5e7ce872bb14a562c4b9054c8eda7170",
                    "passes": 99736,
                    "fails": 0
                },
                "response time < 500ms": {
                    "name": "response time < 500ms",
                    "path": "::response time < 500ms",
                    "id": "3e02485a995423a591645f4eee6c60eb",
                    "passes": 98492,
                    "fails": 1244
                }
            }
    },
    "metrics": {
        "http_req_blocked": {
            "p(95)": 0.006654,
            "avg": 0.0042608686833239115,
            "min": 0.001669,
            "med": 0.003323,
            "max": 4.248544,
            "p(90)": 0.005855
        },
        "iteration_duration": {
            "avg": 300.98033995776495,
            "min": 39.787077,
            "med": 282.95730649999996,
            "max": 4040.820214,
            "p(90)": 355.6725515,
            "p(95)": 378.4667055
        },
        "data_received": {
            "count": 50618047,
            "rate": 168565.12476567525
        },
        "http_req_duration{expected_response:true}": {
            "med": 282.849691,
            "max": 4040.43063,
            "p(90)": 355.51858100000004,
            "p(95)": 378.30978425,
            "avg": 300.8573538718211,
            "min": 39.675879
        },
        "vus": {
            "value": 100,
            "min": 100,
            "max": 100
        },
        "http_req_waiting": {
            "min": 39.600608,
            "med": 282.791717,
            "max": 4040.298624,
            "p(90)": 355.441767,
            "p(95)": 378.21726225,
            "avg": 300.79410320442804
        },
        "http_reqs": {
            "count": 99736,
            "rate": 332.13472822508123
        },
        "data_sent": {
            "count": 49369320,
            "rate": 164406.6904714152
        },
        "http_req_duration": {
            "p(90)": 355.51858100000004,
            "p(95)": 378.30978425,
            "avg": 300.8573538718211,
            "min": 39.675879,
            "med": 282.849691,
            "max": 4040.43063
        },
        "http_req_failed": {
            "passes": 0,
            "fails": 99736,
            "value": 0
        },
        "http_req_tls_handshaking": {
            "med": 0,
            "max": 0,
            "p(90)": 0,
            "p(95)": 0,
            "avg": 0,
            "min": 0
        },
        "vus_max": {
            "max": 100,
            "value": 100,
            "min": 100
        },
        "http_req_sending": {
            "avg": 0.01751177718175995,
            "min": 0.006534,
            "med": 0.015584,
            "max": 5.106377,
            "p(90)": 0.0266235,
            "p(95)": 0.02967
        },
        "http_req_receiving": {
            "p(90)": 0.07946500000000001,
            "p(95)": 0.09057775,
            "avg": 0.04573889021015448,
            "min": 0.01737,
            "med": 0.0371075,
            "max": 10.26544
        },
        "iterations": {
            "count": 99736,
            "rate": 332.13472822508123
        },
        "http_req_connecting": {
            "med": 0,
            "max": 4.053756,
            "p(90)": 0,
            "p(95)": 0,
            "avg": 0.00042546823614341854,
            "min": 0
        },
        "checks": {
            "passes": 198228,
            "fails": 1244,
            "value": 0.9937635357343386
        }
    }
}