{
    "metrics": {
        "vus_max": {
            "min": 100,
            "max": 100,
            "value": 100
        },
        "vus": {
            "value": 100,
            "min": 100,
            "max": 100
        },
        "http_req_blocked": {
            "max": 3.264873,
            "p(90)": 0.005837,
            "p(95)": 0.006582599999999991,
            "avg": 0.004299954058677516,
            "min": 0.001649,
            "med": 0.003374
        },
        "http_req_connecting": {
            "avg": 0.00033115010531103837,
            "min": 0,
            "med": 0,
            "max": 1.617927,
            "p(90)": 0,
            "p(95)": 0
        },
        "http_req_receiving": {
            "max": 8.501205,
            "p(90)": 0.079554,
            "p(95)": 0.09006359999999994,
            "avg": 0.04670475563883782,
            "min": 0.017721,
            "med": 0.038448
        },
        "http_req_waiting": {
            "max": 6173.929123,
            "p(90)": 356.16233619999997,
            "p(95)": 378.44904199999996,
            "avg": 296.56181694145937,
            "min": 35.331142,
            "med": 284.226545
        },
        "checks": {
            "passes": 201737,
            "fails": 521,
            "value": 0.9974240821129449
        },
        "http_req_duration{expected_response:true}": {
            "med": 284.282284,
            "max": 6174.060797,
            "p(90)": 356.25061,
            "p(95)": 378.5166232,
            "avg": 296.6257802591768,
            "min": 35.451247
        },
        "iterations": {
            "rate": 336.90632784645135,
            "count": 101129
        },
        "data_sent": {
            "count": 50058855,
            "rate": 166768.63228399341
        },
        "http_req_sending": {
            "max": 2.998229,
            "p(90)": 0.02645959999999999,
            "p(95)": 0.02943219999999998,
            "avg": 0.017258562074182415,
            "min": 0.006542,
            "med": 0.015728
        },
        "http_req_failed": {
            "passes": 0,
            "fails": 101129,
            "value": 0
        },
        "iteration_duration": {
            "med": 284.398346,
            "max": 6177.853169,
            "p(90)": 356.3985024,
            "p(95)": 378.6975036,
            "avg": 296.74898637960194,
            "min": 35.678133
        },
        "http_req_duration": {
            "p(95)": 378.5166232,
            "avg": 296.6257802591768,
            "min": 35.451247,
            "med": 284.282284,
            "max": 6174.060797,
            "p(90)": 356.25061
        },
        "data_received": {
            "count": 51321993,
            "rate": 170976.71488288505
        },
        "http_req_tls_handshaking": {
            "med": 0,
            "max": 0,
            "p(90)": 0,
            "p(95)": 0,
            "avg": 0,
            "min": 0
        },
        "http_reqs": {
            "count": 101129,
            "rate": 336.90632784645135
        }
    },
    "root_group": {
        "id": "d41d8cd98f00b204e9800998ecf8427e",
        "groups": {},
        "checks": {
                "order created": {
                    "name": "order created",
                    "path": "::order created",
                    "id": "5e7ce872bb14a562c4b9054c8eda7170",
                    "passes": 101129,
                    "fails": 0
                },
                "response time < 500ms": {
                    "path": "::response time < 500ms",
                    "id": "3e02485a995423a591645f4eee6c60eb",
                    "passes": 100608,
                    "fails": 521,
                    "name": "response time < 500ms"
                }
            },
        "name": "",
        "path": ""
    }
}