{
    "metrics": {
        "data_received": {
            "count": 49157309,
            "rate": 163847.8395566079
        },
        "vus": {
            "value": 10,
            "min": 10,
            "max": 10
        },
        "http_req_connecting": {
            "min": 0,
            "med": 0,
            "max": 3.574221,
            "p(90)": 0,
            "p(95)": 0,
            "avg": 0.00006629806333123536
        },
        "http_req_duration": {
            "avg": 30.775985753340382,
            "min": 10.853429,
            "med": 30.084551,
            "max": 144.136591,
            "p(90)": 39.593157399999996,
            "p(95)": 42.28728619999999
        },
        "http_req_sending": {
            "avg": 0.02249717163817203,
            "min": 0.007734,
            "med": 0.021415,
            "max": 3.141458,
            "p(90)": 0.029227,
            "p(95)": 0.03124909999999999
        },
        "data_sent": {
            "count": 47974905,
            "rate": 159906.72998767096
        },
        "vus_max": {
            "min": 10,
            "max": 10,
            "value": 10
        },
        "http_req_blocked": {
            "avg": 0.0051839406411540246,
            "min": 0.001938,
            "med": 0.004699,
            "max": 3.646685,
            "p(90)": 0.00667,
            "p(95)": 0.007165
        },
        "iteration_duration": {
            "avg": 30.93922201448643,
            "min": 10.970046,
            "med": 30.242576,
            "max": 145.058247,
            "p(90)": 39.758233399999995,
            "p(95)": 42.4519008
        },
        "http_reqs": {
            "count": 96919,
            "rate": 323.0438989649918
        },
        "http_req_tls_handshaking": {
            "avg": 0,
            "min": 0,
            "med": 0,
            "max": 0,
            "p(90)": 0,
            "p(95)": 0
        },
        "http_req_waiting": {
            "avg": 30.68736782168602,
            "min": 10.789435,
            "med": 30.002045,
            "max": 143.910174,
            "p(90)": 39.497115,
            "p(95)": 42.18493959999999
        },
        "http_req_failed": {
            "passes": 0,
            "fails": 96919,
            "value": 0
        },
        "http_req_duration{expected_response:true}": {
            "avg": 30.775985753340382,
            "min": 10.853429,
            "med": 30.084551,
            "max": 144.136591,
            "p(90)": 39.593157399999996,
            "p(95)": 42.28728619999999
        },
        "http_req_receiving": {
            "avg": 0.06612076001609589,
            "min": 0.019161,
            "med": 0.065022,
            "max": 2.921415,
            "p(90)": 0.09224919999999999,
            "p(95)": 0.09804109999999999
        },
        "checks": {
            "fails": 0,
            "passes": 193838,
            "value": 1
        },
        "iterations": {
            "count": 96919,
            "rate": 323.0438989649918
        }
    },
    "root_group": {
        "name": "",
        "path": "",
        "id": "d41d8cd98f00b204e9800998ecf8427e",
        "groups": {},
        "checks": {
                "order created": {
                    "name": "order created",
                    "path": "::order created",
                    "id": "5e7ce872bb14a562c4b9054c8eda7170",
                    "passes": 96919,
                    "fails": 0
                },
                "response time < 500ms": {
                    "name": "response time < 500ms",
                    "path": "::response time < 500ms",
                    "id": "3e02485a995423a591645f4eee6c60eb",
                    "passes": 96919,
                    "fails": 0
                }
            }
    }
}