{
    "metrics": {
        "http_req_connecting": {
            "avg": 0.0013470737672388142,
            "min": 0,
            "med": 0,
            "max": 5.234189,
            "p(90)": 0,
            "p(95)": 0
        },
        "iterations": {
            "count": 100790,
            "rate": 335.5711384210859
        },
        "vus": {
            "value": 200,
            "min": 200,
            "max": 200
        },
        "vus_max": {
            "value": 200,
            "min": 200,
            "max": 200
        },
        "iteration_duration": {
            "max": 20909.233307,
            "p(90)": 680.9325071000002,
            "p(95)": 760.4450246999999,
            "avg": 595.7396710985129,
            "min": 28.174081,
            "med": 575.5750245
        },
        "data_sent": {
            "count": 49891050,
            "rate": 166107.7135184375
        },
        "http_req_duration": {
            "p(95)": 760.2877856999999,
            "avg": 595.6133107065587,
            "min": 28.025572,
            "med": 575.4707195,
            "max": 20908.826946,
            "p(90)": 680.7528204
        },
        "http_req_blocked": {
            "min": 0.001601,
            "med": 0.003255,
            "max": 30.245223,
            "p(90)": 0.005691100000000005,
            "p(95)": 0.006517,
            "avg": 0.010012769808512852
        },
        "http_req_sending": {
            "max": 26.534017,
            "p(90)": 0.025490100000000005,
            "p(95)": 0.028676,
            "avg": 0.016902700148824227,
            "min": 0.006642,
            "med": 0.015113
        },
        "data_received": {
            "count": 51150319,
            "rate": 170300.33512681513
        },
        "checks": {
            "passes": 110602,
            "fails": 90978,
            "value": 0.548675463835698
        },
        "http_req_tls_handshaking": {
            "p(90)": 0,
            "p(95)": 0,
            "avg": 0,
            "min": 0,
            "med": 0,
            "max": 0
        },
        "http_req_waiting": {
            "med": 575.412362,
            "max": 20908.761384,
            "p(90)": 680.6889010000001,
            "p(95)": 760.2007151999995,
            "avg": 595.5515332090424,
            "min": 27.953127
        },
        "http_req_duration{expected_response:true}": {
            "avg": 595.6133107065587,
            "min": 28.025572,
            "med": 575.4707195,
            "max": 20908.826946,
            "p(90)": 680.7528204,
            "p(95)": 760.2877856999999
        },
        "http_req_receiving": {
            "min": 0.016968,
            "med": 0.036727499999999996,
            "max": 6.805749,
            "p(90)": 0.0752102,
            "p(95)": 0.08700754999999999,
            "avg": 0.044874797360849795
        },
        "http_reqs": {
            "rate": 335.5711384210859,
            "count": 100790
        },
        "http_req_failed": {
            "passes": 0,
            "fails": 100790,
            "value": 0
        }
    },
    "root_group": {
        "id": "d41d8cd98f00b204e9800998ecf8427e",
        "groups": {},
        "checks": {
                "order created": {
                    "fails": 0,
                    "name": "order created",
                    "path": "::order created",
                    "id": "5e7ce872bb14a562c4b9054c8eda7170",
                    "passes": 100790
                },
                "response time < 500ms": {
                    "fails": 90978,
                    "name": "response time < 500ms",
                    "path": "::response time < 500ms",
                    "id": "3e02485a995423a591645f4eee6c60eb",
                    "passes": 9812
                }
            },
        "name": "",
        "path": ""
    }
}