{
    "metrics": {
        "vus": {
            "value": 50,
            "min": 50,
            "max": 50
        },
        "http_req_tls_handshaking": {
            "min": 0,
            "med": 0,
            "max": 0,
            "p(90)": 0,
            "p(95)": 0,
            "avg": 0
        },
        "http_req_duration{expected_response:true}": {
            "p(95)": 218.47913705,
            "avg": 162.72147560014574,
            "min": 31.943028,
            "med": 154.5843815,
            "max": 1610.087984,
            "p(90)": 201.00747819999998
        },
        "checks": {
            "passes": 184190,
            "fails": 18,
            "value": 0.9999022843741857
        },
        "http_reqs": {
            "count": 92104,
            "rate": 306.9445196072326
        },
        "http_req_connecting": {
            "p(95)": 0,
            "avg": 0.0001521838682359072,
            "min": 0,
            "med": 0,
            "max": 2.448201,
            "p(90)": 0
        },
        "data_sent": {
            "count": 45591480,
            "rate": 151937.53720558016
        },
        "http_req_waiting": {
            "avg": 162.64598108547764,
            "min": 31.890638,
            "med": 154.517242,
            "max": 1609.94227,
            "p(90)": 200.9099166,
            "p(95)": 218.38767814999997
        },
        "iterations": {
            "count": 92104,
            "rate": 306.9445196072326
        },
        "vus_max": {
            "value": 50,
            "min": 50,
            "max": 50
        },
        "http_req_sending": {
            "avg": 0.019815758533831267,
            "min": 0.006682,
            "med": 0.017998,
            "max": 9.134807,
            "p(90)": 0.028275,
            "p(95)": 0.031595
        },
        "http_req_failed": {
            "passes": 0,
            "fails": 92104,
            "value": 0
        },
        "data_received": {
            "count": 46750133,
            "rate": 155798.8482070185
        },
        "iteration_duration": {
            "med": 154.72753749999998,
            "max": 1610.397221,
            "p(90)": 201.18451679999998,
            "p(95)": 218.65638975000002,
            "avg": 162.86488441164278,
            "min": 32.085674
        },
        "http_req_receiving": {
            "avg": 0.05567875613436949,
            "min": 0.017651,
            "med": 0.0468855,
            "max": 15.367206,
            "p(90)": 0.08868369999999999,
            "p(95)": 0.09862439999999997
        },
        "http_req_duration": {
            "min": 31.943028,
            "med": 154.5843815,
            "max": 1610.087984,
            "p(90)": 201.00747819999998,
            "p(95)": 218.47913705,
            "avg": 162.72147560014574
        },
        "http_req_blocked": {
            "p(90)": 0.006387,
            "p(95)": 0.007133,
            "avg": 0.004891514005906409,
            "min": 0.001703,
            "med": 0.003832,
            "max": 7.051555
        }
    },
    "root_group": {
        "groups": {},
        "checks": {
                "order created": {
                    "fails": 0,
                    "name": "order created",
                    "path": "::order created",
                    "id": "5e7ce872bb14a562c4b9054c8eda7170",
                    "passes": 92104
                },
                "response time < 500ms": {
                    "name": "response time < 500ms",
                    "path": "::response time < 500ms",
                    "id": "3e02485a995423a591645f4eee6c60eb",
                    "passes": 92086,
                    "fails": 18
                }
            },
        "name": "",
        "path": "",
        "id": "d41d8cd98f00b204e9800998ecf8427e"
    }
}