{
    "root_group": {
        "name": "",
        "path": "",
        "id": "d41d8cd98f00b204e9800998ecf8427e",
        "groups": {},
        "checks": {
                "order created": {
                    "passes": 97867,
                    "fails": 0,
                    "name": "order created",
                    "path": "::order created",
                    "id": "5e7ce872bb14a562c4b9054c8eda7170"
                },
                "response time < 500ms": {
                    "fails": 89519,
                    "name": "response time < 500ms",
                    "path": "::response time < 500ms",
                    "id": "3e02485a995423a591645f4eee6c60eb",
                    "passes": 8348
                }
            }
    },
    "metrics": {
        "data_received": {
            "count": 49671487,
            "rate": 165356.28514010838
        },
        "http_req_tls_handshaking": {
            "min": 0,
            "med": 0,
            "max": 0,
            "p(90)": 0,
            "p(95)": 0,
            "avg": 0
        },
        "http_req_sending": {
            "p(95)": 0.029696,
            "avg": 0.018945477627801206,
            "min": 0.006672,
            "med": 0.015672,
            "max": 8.649782,
            "p(90)": 0.026609
        },
        "http_req_receiving": {
            "p(95)": 0.0894087,
            "avg": 0.045301611299007234,
            "min": 0.016702,
            "med": 0.037054,
            "max": 4.886681,
            "p(90)": 0.07736820000000003
        },
        "http_req_waiting": {
            "med": 580.8002,
            "max": 21044.079158,
            "p(90)": 677.5394646,
            "p(95)": 774.5165148999998,
            "avg": 613.4122989330891,
            "min": 48.15932
        },
        "http_req_failed": {
            "passes": 0,
            "fails": 97867,
            "value": 0
        },
        "http_req_duration{expected_response:true}": {
            "max": 21044.221559,
            "p(90)": 677.6034374000003,
            "p(95)": 774.5806858,
            "avg": 613.4765460220219,
            "min": 48.29984,
            "med": 580.851283
        },
        "http_req_duration": {
            "p(90)": 677.6034374000003,
            "p(95)": 774.5806858,
            "avg": 613.4765460220219,
            "min": 48.29984,
            "med": 580.851283,
            "max": 21044.221559
        },
        "checks": {
            "fails": 89519,
            "passes": 106215,
            "value": 0.5426497184955092
        },
        "iterations": {
            "count": 97867,
            "rate": 325.7990556595776
        },
        "vus": {
            "value": 200,
            "min": 200,
            "max": 200
        },
        "http_reqs": {
            "rate": 325.7990556595776,
            "count": 97867
        },
        "http_req_connecting": {
            "med": 0,
            "max": 7.376151,
            "p(90)": 0,
            "p(95)": 0,
            "avg": 0.002468583158776708,
            "min": 0
        },
        "data_sent": {
            "count": 48444165,
            "rate": 161270.5325514909
        },
        "iteration_duration": {
            "avg": 613.6022576324865,
            "min": 48.531717,
            "med": 580.965705,
            "max": 21056.004393,
            "p(90)": 677.7434542000002,
            "p(95)": 774.7366076999999
        },
        "http_req_blocked": {
            "max": 11.539818,
            "p(90)": 0.005949,
            "p(95)": 0.006739,
            "avg": 0.0067549591486404945,
            "min": 0.001624,
            "med": 0.003353
        },
        "vus_max": {
            "value": 200,
            "min": 200,
            "max": 200
        }
    }
}