{
    "metrics": {
        "http_req_duration{expected_response:true}": {
            "avg": 146.7561147311678,
            "min": 25.810323,
            "med": 139.97011700000002,
            "max": 793.851866,
            "p(90)": 178.73555,
            "p(95)": 184.94136724999998
        },
        "data_sent": {
            "count": 50552370,
            "rate": 168471.10434346856
        },
        "iteration_duration": {
            "med": 140.0906515,
            "max": 794.57935,
            "p(90)": 178.8962495,
            "p(95)": 185.10060375,
            "avg": 146.8830017858261,
            "min": 25.975792
        },
        "http_reqs": {
            "rate": 340.34566534034053,
            "count": 102126
        },
        "http_req_sending": {
            "avg": 0.0178235742416233,
            "min": 0.006888,
            "med": 0.016513,
            "max": 4.072922,
            "p(90)": 0.02637,
            "p(95)": 0.028946
        },
        "http_req_failed": {
            "passes": 0,
            "fails": 102126,
            "value": 0
        },
        "http_req_blocked": {
            "p(90)": 0.005904,
            "p(95)": 0.006612,
            "avg": 0.004638208820476661,
            "min": 0.001692,
            "med": 0.003668,
            "max": 3.914811
        },
        "iterations": {
            "count": 102126,
            "rate": 340.34566534034053
        },
        "http_req_duration": {
            "min": 25.810323,
            "med": 139.97011700000002,
            "max": 793.851866,
            "p(90)": 178.73555,
            "p(95)": 184.94136724999998,
            "avg": 146.7561147311678
        },
        "http_req_receiving": {
            "p(95)": 0.08823625,
            "avg": 0.047250253001194134,
            "min": 0.015751,
            "med": 0.040641,
            "max": 2.096259,
            "p(90)": 0.07827100000000001
        },
        "checks": {
            "passes": 204245,
            "fails": 7,
            "value": 0.9999657286097565
        },
        "vus": {
            "value": 50,
            "min": 50,
            "max": 50
        },
        "http_req_connecting": {
            "avg": 0.0005779633491960909,
            "min": 0,
            "med": 0,
            "max": 3.861086,
            "p(90)": 0,
            "p(95)": 0
        },
        "http_req_tls_handshaking": {
            "max": 0,
            "p(90)": 0,
            "p(95)": 0,
            "avg": 0,
            "min": 0,
            "med": 0
        },
        "http_req_waiting": {
            "med": 139.90812599999998,
            "max": 793.717479,
            "p(90)": 178.6542485,
            "p(95)": 184.85262075,
            "avg": 146.69104090392344,
            "min": 25.738879
        },
        "data_received": {
            "count": 51826842,
            "rate": 172718.4166909377
        },
        "vus_max": {
            "value": 50,
            "min": 50,
            "max": 50
        }
    },
    "root_group": {
        "groups": {},
        "checks": {
                "order created": {
                    "path": "::order created",
                    "id": "5e7ce872bb14a562c4b9054c8eda7170",
                    "passes": 102126,
                    "fails": 0,
                    "name": "order created"
                },
                "response time < 500ms": {
                    "name": "response time < 500ms",
                    "path": "::response time < 500ms",
                    "id": "3e02485a995423a591645f4eee6c60eb",
                    "passes": 102119,
                    "fails": 7
                }
            },
        "name": "",
        "path": "",
        "id": "d41d8cd98f00b204e9800998ecf8427e"
    }
}