{
    "root_group": {
        "id": "d41d8cd98f00b204e9800998ecf8427e",
        "groups": {},
        "checks": {
                "order created": {
                    "name": "order created",
                    "path": "::order created",
                    "id": "5e7ce872bb14a562c4b9054c8eda7170",
                    "passes": 90319,
                    "fails": 0
                },
                "response time < 500ms": {
                    "name": "response time < 500ms",
                    "path": "::response time < 500ms",
                    "id": "3e02485a995423a591645f4eee6c60eb",
                    "passes": 90238,
                    "fails": 81
                }
            },
        "name": "",
        "path": ""
    },
    "metrics": {
        "iteration_duration": {
            "avg": 33.20069201630853,
            "min": 8.294179,
            "med": 31.035119,
            "max": 2296.646053,
            "p(90)": 40.77584,
            "p(95)": 44.25318449999995
        },
        "http_reqs": {
            "count": 90319,
            "rate": 301.0439777479128
        },
        "iterations": {
            "count": 90319,
            "rate": 301.0439777479128
        },
        "data_received": {
            "count": 45827851,
            "rate": 152749.68231134824
        },
        "http_req_duration{expected_response:true}": {
            "max": 2296.328827,
            "p(90)": 40.59534279999999,
            "p(95)": 44.07509959999998,
            "avg": 33.03125152658892,
            "min": 8.096153,
            "med": 30.867673
        },
        "http_req_blocked": {
            "avg": 0.0051860953177071765,
            "min": 0.001778,
            "med": 0.004707,
            "max": 2.4399,
            "p(90)": 0.006854,
            "p(95)": 0.00739
        },
        "http_req_sending": {
            "max": 4.315865,
            "p(90)": 0.0297962,
            "p(95)": 0.03222409999999999,
            "avg": 0.02307055302870942,
            "min": 0.007029,
            "med": 0.021784
        },
        "http_req_tls_handshaking": {
            "med": 0,
            "max": 0,
            "p(90)": 0,
            "p(95)": 0,
            "avg": 0,
            "min": 0
        },
        "http_req_duration": {
            "avg": 33.03125152658892,
            "min": 8.096153,
            "med": 30.867673,
            "max": 2296.328827,
            "p(90)": 40.59534279999999,
            "p(95)": 44.07509959999998
        },
        "http_req_connecting": {
            "max": 0.192099,
            "p(90)": 0,
            "p(95)": 0,
            "avg": 0.000014221182696885484,
            "min": 0,
            "med": 0
        },
        "vus": {
            "value": 10,
            "min": 10,
            "max": 10
        },
        "vus_max": {
            "value": 10,
            "min": 10,
            "max": 10
        },
        "http_req_failed": {
            "passes": 0,
            "fails": 90319,
            "value": 0
        },
        "http_req_waiting": {
            "avg": 32.939782366600824,
            "min": 8.009636,
            "med": 30.784027,
            "max": 2296.159884,
            "p(90)": 40.5010304,
            "p(95)": 43.97753239999999
        },
        "data_sent": {
            "count": 44707905,
            "rate": 149016.76898521683
        },
        "http_req_receiving": {
            "avg": 0.0683986069597758,
            "min": 0.018602,
            "med": 0.066719,
            "max": 4.010692,
            "p(90)": 0.0951426,
            "p(95)": 0.102107
        },
        "checks": {
            "passes": 180557,
            "fails": 81,
            "value": 0.9995515893665785
        }
    }
}