{
    "root_group": {
        "name": "",
        "path": "",
        "id": "d41d8cd98f00b204e9800998ecf8427e",
        "groups": {},
        "checks": {
                "order created": {
                    "name": "order created",
                    "path": "::order created",
                    "id": "5e7ce872bb14a562c4b9054c8eda7170",
                    "passes": 93499,
                    "fails": 0
                },
                "response time < 500ms": {
                    "path": "::response time < 500ms",
                    "id": "3e02485a995423a591645f4eee6c60eb",
                    "passes": 93499,
                    "fails": 0,
                    "name": "response time < 500ms"
                }
            }
    },
    "metrics": {
        "http_reqs": {
            "count": 93499,
            "rate": 311.6462222582982
        },
        "iterations": {
            "count": 93499,
            "rate": 311.6462222582982
        },
        "http_req_waiting": {
            "avg": 31.799966094877973,
            "min": 12.464024,
            "med": 30.744164,
            "max": 251.715184,
            "p(90)": 41.282630000000005,
            "p(95)": 45.66803249999999
        },
        "http_req_failed": {
            "passes": 0,
            "fails": 93499,
            "value": 0
        },
        "http_req_receiving": {
            "avg": 0.07112117387351759,
            "min": 0.02085,
            "med": 0.067664,
            "max": 8.530193,
            "p(90)": 0.096538,
            "p(95)": 0.10488119999999998
        },
        "data_sent": {
            "rate": 154264.88001785762,
            "count": 46282005
        },
        "http_req_blocked": {
            "avg": 0.005457975304548652,
            "min": 0.002008,
            "med": 0.00483,
            "max": 3.044934,
            "p(90)": 0.006971,
            "p(95)": 0.007568
        },
        "http_req_connecting": {
            "min": 0,
            "med": 0,
            "max": 1.009825,
            "p(90)": 0,
            "p(95)": 0,
            "avg": 0.000025059786735687016
        },
        "iteration_duration": {
            "max": 253.025411,
            "p(90)": 41.5711892,
            "p(95)": 45.998785600000005,
            "avg": 32.069973636006345,
            "min": 12.67138,
            "med": 30.999562
        },
        "data_received": {
            "count": 47460077,
            "rate": 158191.57108779717
        },
        "http_req_sending": {
            "min": 0.007821,
            "med": 0.022201,
            "max": 9.589677,
            "p(90)": 0.030206,
            "p(95)": 0.03316009999999999,
            "avg": 0.024241451940662868
        },
        "vus": {
            "value": 10,
            "min": 10,
            "max": 10
        },
        "http_req_duration": {
            "avg": 31.89532872069204,
            "min": 12.535038,
            "med": 30.837014,
            "max": 251.790117,
            "p(90)": 41.385525599999994,
            "p(95)": 45.80009749999999
        },
        "http_req_tls_handshaking": {
            "max": 0,
            "p(90)": 0,
            "p(95)": 0,
            "avg": 0,
            "min": 0,
            "med": 0
        },
        "http_req_duration{expected_response:true}": {
            "avg": 31.89532872069204,
            "min": 12.535038,
            "med": 30.837014,
            "max": 251.790117,
            "p(90)": 41.385525599999994,
            "p(95)": 45.80009749999999
        },
        "checks": {
            "passes": 186998,
            "fails": 0,
            "value": 1
        },
        "vus_max": {
            "min": 10,
            "max": 10,
            "value": 10
        }
    }
}