{
    "root_group": {
        "name": "",
        "path": "",
        "id": "d41d8cd98f00b204e9800998ecf8427e",
        "groups": {},
        "checks": {
                "order created": {
                    "name": "order created",
                    "path": "::order created",
                    "id": "5e7ce872bb14a562c4b9054c8eda7170",
                    "passes": 105345,
                    "fails": 0
                },
                "response time < 500ms": {
                    "name": "response time < 500ms",
                    "path": "::response time < 500ms",
                    "id": "3e02485a995423a591645f4eee6c60eb",
                    "passes": 5401,
                    "fails": 99944
                }
            }
    },
    "metrics": {
        "iteration_duration": {
            "p(95)": 653.9494419999996,
            "avg": 570.1114439666084,
            "min": 93.031575,
            "med": 557.960249,
            "max": 19600.803327,
            "p(90)": 594.6073524
        },
        "http_req_duration": {
            "med": 557.866227,
            "max": 19596.777589,
            "p(90)": 594.4700668000002,
            "p(95)": 653.7969168,
            "avg": 569.9968657675356,
            "min": 92.802438
        },
        "checks": {
            "passes": 110746,
            "fails": 99944,
            "value": 0.5256348189282832
        },
        "vus": {
            "value": 200,
            "min": 200,
            "max": 200
        },
        "data_received": {
            "count": 53462337,
            "rate": 177959.775802625
        },
        "http_req_connecting": {
            "max": 8.952249,
            "p(90)": 0,
            "p(95)": 0,
            "avg": 0.009483526479662066,
            "min": 0,
            "med": 0
        },
        "http_req_receiving": {
            "avg": 0.03774497043048946,
            "min": 0.015661,
            "med": 0.029077,
            "max": 3.940753,
            "p(90)": 0.0695256,
            "p(95)": 0.08439579999999992
        },
        "iterations": {
            "count": 105345,
            "rate": 350.6612997843235
        },
        "vus_max": {
            "value": 200,
            "min": 200,
            "max": 200
        },
        "http_req_failed": {
            "passes": 0,
            "fails": 105345,
            "value": 0
        },
        "data_sent": {
            "count": 52145775,
            "rate": 173577.34339324012
        },
        "http_req_duration{expected_response:true}": {
            "avg": 569.9968657675356,
            "min": 92.802438,
            "med": 557.866227,
            "max": 19596.777589,
            "p(90)": 594.4700668000002,
            "p(95)": 653.7969168
        },
        "http_req_blocked": {
            "p(90)": 0.005284600000000006,
            "p(95)": 0.006426,
            "avg": 0.013127703868241908,
            "min": 0.0016,
            "med": 0.002752,
            "max": 9.252928
        },
        "http_req_tls_handshaking": {
            "p(90)": 0,
            "p(95)": 0,
            "avg": 0,
            "min": 0,
            "med": 0,
            "max": 0
        },
        "http_req_waiting": {
            "med": 557.825107,
            "max": 19596.353875,
            "p(90)": 594.3854916,
            "p(95)": 653.7184066,
            "avg": 569.9432729749249,
            "min": 92.69217
        },
        "http_req_sending": {
            "avg": 0.015847822174759187,
            "min": 0.006548,
            "med": 0.011852,
            "max": 3.3923,
            "p(90)": 0.023869600000000005,
            "p(95)": 0.028209799999999986
        },
        "http_reqs": {
            "count": 105345,
            "rate": 350.6612997843235
        }
    }
}