{
    "root_group": {
        "checks": {
            "order created": {
                "passes": 95118,
                "fails": 0,
                "name": "order created",
                "path": "::order created",
                "id": "5e7ce872bb14a562c4b9054c8eda7170"
            },
            "response time < 500ms": {
                "fails": 20,
                "name": "response time < 500ms",
                "path": "::response time < 500ms",
                "id": "3e02485a995423a591645f4eee6c60eb",
                "passes": 95098
            }
        },
        "name": "",
        "path": "",
        "id": "d41d8cd98f00b204e9800998ecf8427e",
        "groups": {}
    },
    "metrics": {
        "vus_max": {
            "min": 10,
            "max": 10,
            "value": 10
        },
        "http_reqs": {
            "rate": 317.04256623826745,
            "count": 95118
        },
        "http_req_receiving": {
            "avg": 0.0655247764566118,
            "min": 0.019705,
            "med": 0.0648225,
            "max": 3.127509,
            "p(90)": 0.09143530000000001,
            "p(95)": 0.098077
        },
        "http_req_blocked": {
            "max": 8.40832,
            "p(90)": 0.006455,
            "p(95)": 0.0070221499999999935,
            "avg": 0.005224552923736902,
            "min": 0.001804,
            "med": 0.004391
        },
        "data_received": {
            "count": 48253372,
            "rate": 160835.7291840636
        },
        "http_req_connecting": {
            "p(95)": 0,
            "avg": 0.000029815450282806614,
            "min": 0,
            "med": 0,
            "max": 0.83048,
            "p(90)": 0
        },
        "http_req_waiting": {
            "avg": 31.27799210920159,
            "min": 10.726522,
            "med": 30.2512085,
            "max": 742.457463,
            "p(90)": 39.4799759,
            "p(95)": 42.40339669999999
        },
        "iteration_duration": {
            "avg": 31.525426467661337,
            "min": 10.900415,
            "med": 30.4977655,
            "max": 742.625611,
            "p(90)": 39.7424583,
            "p(95)": 42.66463115
        },
        "iterations": {
            "count": 95118,
            "rate": 317.04256623826745
        },
        "http_req_sending": {
            "max": 4.597526,
            "p(90)": 0.028595,
            "p(95)": 0.030998449999999983,
            "avg": 0.021726996604217903,
            "min": 0.007026,
            "med": 0.020808
        },
        "vus": {
            "value": 10,
            "min": 10,
            "max": 10
        },
        "checks": {
            "passes": 190216,
            "fails": 20,
            "value": 0.9998948674278265
        },
        "http_req_failed": {
            "passes": 0,
            "fails": 95118,
            "value": 0
        },
        "data_sent": {
            "count": 47083410,
            "rate": 156936.0702879424
        },
        "http_req_duration{expected_response:true}": {
            "min": 10.787472,
            "med": 30.3395055,
            "max": 742.511354,
            "p(90)": 39.568659600000004,
            "p(95)": 42.49395579999999,
            "avg": 31.365243882261794
        },
        "http_req_duration": {
            "min": 10.787472,
            "med": 30.3395055,
            "max": 742.511354,
            "p(90)": 39.568659600000004,
            "p(95)": 42.49395579999999,
            "avg": 31.365243882261794
        },
        "http_req_tls_handshaking": {
            "avg": 0,
            "min": 0,
            "med": 0,
            "max": 0,
            "p(90)": 0,
            "p(95)": 0
        }
    }
}