{
    "metrics": {
        "http_req_sending": {
            "med": 0.011422,
            "max": 3.400958,
            "p(90)": 0.023028,
            "p(95)": 0.027922449999999998,
            "avg": 0.014806044504600312,
            "min": 0.006457
        },
        "http_req_receiving": {
            "p(90)": 0.06653790000000001,
            "p(95)": 0.08247324999999998,
            "avg": 0.03654373976829572,
            "min": 0.016269,
            "med": 0.0285165,
            "max": 7.112804
        },
        "data_sent": {
            "count": 52297740,
            "rate": 174138.95153624116
        },
        "iteration_duration": {
            "max": 20159.825119,
            "p(90)": 589.2404051000001,
            "p(95)": 627.78533835,
            "avg": 568.2657842995768,
            "min": 28.007045,
            "med": 557.0479335
        },
        "http_req_connecting": {
            "avg": 0.0022504692670276007,
            "min": 0,
            "med": 0,
            "max": 4.440072,
            "p(90)": 0,
            "p(95)": 0
        },
        "http_req_failed": {
            "passes": 0,
            "fails": 105652,
            "value": 0
        },
        "vus": {
            "value": 200,
            "min": 200,
            "max": 200
        },
        "http_req_duration{expected_response:true}": {
            "avg": 568.1604846882899,
            "min": 27.844753,
            "med": 556.9535725000001,
            "max": 20159.475094,
            "p(90)": 589.1396967,
            "p(95)": 627.5921515499999
        },
        "http_req_waiting": {
            "avg": 568.1091349040184,
            "min": 27.753564,
            "med": 556.9109249999999,
            "max": 20159.395244,
            "p(90)": 589.0878545,
            "p(95)": 627.49465635
        },
        "vus_max": {
            "max": 200,
            "value": 200,
            "min": 200
        },
        "http_req_tls_handshaking": {
            "med": 0,
            "max": 0,
            "p(90)": 0,
            "p(95)": 0,
            "avg": 0,
            "min": 0
        },
        "http_reqs": {
            "count": 105652,
            "rate": 351.7958616893761
        },
        "http_req_blocked": {
            "p(95)": 0.006277,
            "avg": 0.005754741169121265,
            "min": 0.001597,
            "med": 0.002675,
            "max": 4.774722,
            "p(90)": 0.005025
        },
        "checks": {
            "passes": 110825,
            "fails": 100479,
            "value": 0.5244813160186272
        },
        "http_req_duration": {
            "med": 556.9535725000001,
            "max": 20159.475094,
            "p(90)": 589.1396967,
            "p(95)": 627.5921515499999,
            "avg": 568.1604846882899,
            "min": 27.844753
        },
        "iterations": {
            "count": 105652,
            "rate": 351.7958616893761
        },
        "data_received": {
            "count": 53615910,
            "rate": 178528.14200119296
        }
    },
    "root_group": {
        "name": "",
        "path": "",
        "id": "d41d8cd98f00b204e9800998ecf8427e",
        "groups": {},
        "checks": {
                "order created": {
                    "path": "::order created",
                    "id": "5e7ce872bb14a562c4b9054c8eda7170",
                    "passes": 105652,
                    "fails": 0,
                    "name": "order created"
                },
                "response time < 500ms": {
                    "passes": 5173,
                    "fails": 100479,
                    "name": "response time < 500ms",
                    "path": "::response time < 500ms",
                    "id": "3e02485a995423a591645f4eee6c60eb"
                }
            }
    }
}