{
    "root_group": {
        "path": "",
        "id": "d41d8cd98f00b204e9800998ecf8427e",
        "groups": {},
        "checks": {
                "order created": {
                    "name": "order created",
                    "path": "::order created",
                    "id": "5e7ce872bb14a562c4b9054c8eda7170",
                    "passes": 102912,
                    "fails": 0
                },
                "response time < 500ms": {
                    "fails": 23,
                    "name": "response time < 500ms",
                    "path": "::response time < 500ms",
                    "id": "3e02485a995423a591645f4eee6c60eb",
                    "passes": 102889
                }
            },
        "name": ""
    },
    "metrics": {
        "http_req_blocked": {
            "p(95)": 0.006531,
            "avg": 0.004293219148398668,
            "min": 0.00173,
            "med": 0.003601,
            "max": 3.731568,
            "p(90)": 0.005815
        },
        "http_req_waiting": {
            "avg": 145.5727594820426,
            "min": 43.043541,
            "med": 138.605738,
            "max": 1673.050836,
            "p(90)": 176.61767410000002,
            "p(95)": 182.73536929999997
        },
        "http_req_sending": {
            "max": 3.594607,
            "p(90)": 0.02623,
            "p(95)": 0.028778449999999997,
            "avg": 0.01749180508589839,
            "min": 0.006823,
            "med": 0.016407
        },
        "data_received": {
            "count": 52217519,
            "rate": 174015.09570617406
        },
        "data_sent": {
            "count": 50941440,
            "rate": 169762.55721782424
        },
        "vus": {
            "value": 50,
            "min": 50,
            "max": 50
        },
        "http_req_connecting": {
            "min": 0,
            "med": 0,
            "max": 1.234404,
            "p(90)": 0,
            "p(95)": 0,
            "avg": 0.00011488345382462692
        },
        "http_req_tls_handshaking": {
            "min": 0,
            "med": 0,
            "max": 0,
            "p(90)": 0,
            "p(95)": 0,
            "avg": 0
        },
        "http_req_receiving": {
            "min": 0.017758,
            "med": 0.040621,
            "max": 3.814894,
            "p(90)": 0.07755450000000004,
            "p(95)": 0.08787489999999999,
            "avg": 0.04725948032299358
        },
        "checks": {
            "passes": 205801,
            "fails": 23,
            "value": 0.9998882540422885
        },
        "http_reqs": {
            "count": 102912,
            "rate": 342.95466104610955
        },
        "vus_max": {
            "value": 50,
            "min": 50,
            "max": 50
        },
        "http_req_duration": {
            "min": 43.130207,
            "med": 138.6645585,
            "max": 1673.122776,
            "p(90)": 176.699847,
            "p(95)": 182.8193006,
            "avg": 145.63751076745118
        },
        "iteration_duration": {
            "avg": 145.76344260627596,
            "min": 43.302218,
            "med": 138.77943850000003,
            "max": 1673.549097,
            "p(90)": 176.8490945,
            "p(95)": 182.9837049
        },
        "iterations": {
            "count": 102912,
            "rate": 342.95466104610955
        },
        "http_req_duration{expected_response:true}": {
            "avg": 145.63751076745118,
            "min": 43.130207,
            "med": 138.6645585,
            "max": 1673.122776,
            "p(90)": 176.699847,
            "p(95)": 182.8193006
        },
        "http_req_failed": {
            "passes": 0,
            "fails": 102912,
            "value": 0
        }
    }
}