{
    "root_group": {
        "name": "",
        "path": "",
        "id": "d41d8cd98f00b204e9800998ecf8427e",
        "groups": {},
        "checks": {
                "order created": {
                    "name": "order created",
                    "path": "::order created",
                    "id": "5e7ce872bb14a562c4b9054c8eda7170",
                    "passes": 104160,
                    "fails": 0
                },
                "response time < 500ms": {
                    "fails": 164,
                    "name": "response time < 500ms",
                    "path": "::response time < 500ms",
                    "id": "3e02485a995423a591645f4eee6c60eb",
                    "passes": 103996
                }
            }
    },
    "metrics": {
        "data_sent": {
            "rate": 171726.0062299128,
            "count": 51559200
        },
        "http_reqs": {
            "count": 104160,
            "rate": 346.9212247068946
        },
        "http_req_blocked": {
            "avg": 0.004179598483102948,
            "min": 0.001622,
            "med": 0.002927,
            "max": 6.912253,
            "p(90)": 0.005297,
            "p(95)": 0.006265
        },
        "vus_max": {
            "min": 100,
            "max": 100,
            "value": 100
        },
        "http_req_sending": {
            "med": 0.012583,
            "max": 5.553916,
            "p(90)": 0.023823,
            "p(95)": 0.027495,
            "avg": 0.015206739813747906,
            "min": 0.006323
        },
        "iterations": {
            "count": 104160,
            "rate": 346.9212247068946
        },
        "http_req_failed": {
            "passes": 0,
            "fails": 104160,
            "value": 0
        },
        "http_req_duration{expected_response:true}": {
            "max": 5772.755582,
            "p(90)": 328.39572350000003,
            "p(95)": 361.47167515,
            "avg": 288.0412315509308,
            "min": 71.388701,
            "med": 278.68384249999997
        },
        "checks": {
            "passes": 208156,
            "fails": 164,
            "value": 0.9992127496159754
        },
        "http_req_duration": {
            "avg": 288.0412315509308,
            "min": 71.388701,
            "med": 278.68384249999997,
            "max": 5772.755582,
            "p(90)": 328.39572350000003,
            "p(95)": 361.47167515
        },
        "vus": {
            "max": 100,
            "value": 100,
            "min": 100
        },
        "http_req_waiting": {
            "max": 5772.603254,
            "p(90)": 328.3154428,
            "p(95)": 361.3690965499999,
            "avg": 287.9865970849376,
            "min": 71.324346,
            "med": 278.6338665
        },
        "http_req_receiving": {
            "avg": 0.03942772618087539,
            "min": 0.01635,
            "med": 0.030554,
            "max": 2.102572,
            "p(90)": 0.0706961,
            "p(95)": 0.08411205
        },
        "http_req_tls_handshaking": {
            "avg": 0,
            "min": 0,
            "med": 0,
            "max": 0,
            "p(90)": 0,
            "p(95)": 0
        },
        "data_received": {
            "count": 52861188,
            "rate": 176062.48157086596
        },
        "iteration_duration": {
            "avg": 288.1516981817407,
            "min": 71.521582,
            "med": 278.7833905,
            "max": 5778.138801,
            "p(90)": 328.54231530000004,
            "p(95)": 361.66722055
        },
        "http_req_connecting": {
            "p(90)": 0,
            "p(95)": 0,
            "avg": 0.00048209802227342554,
            "min": 0,
            "med": 0,
            "max": 3.826005
        }
    }
}