{
    "metrics": {
        "http_req_receiving": {
            "med": 0.040832,
            "max": 9.559896,
            "p(90)": 0.082245,
            "p(95)": 0.09311889999999992,
            "avg": 0.049231842844880004,
            "min": 0.017805
        },
        "iteration_duration": {
            "max": 13655.566615,
            "p(90)": 743.002038,
            "p(95)": 808.0037542999996,
            "avg": 636.3032443088395,
            "min": 136.620131,
            "med": 618.500908
        },
        "vus": {
            "value": 200,
            "min": 200,
            "max": 200
        },
        "http_req_duration": {
            "med": 618.376518,
            "max": 13643.509613,
            "p(90)": 742.8883377999999,
            "p(95)": 807.8804485999999,
            "avg": 636.1626847501544,
            "min": 136.534337
        },
        "http_req_tls_handshaking": {
            "p(90)": 0,
            "p(95)": 0,
            "avg": 0,
            "min": 0,
            "med": 0,
            "max": 0
        },
        "http_req_waiting": {
            "avg": 636.0937041780936,
            "min": 136.486767,
            "med": 618.306706,
            "max": 13643.4036,
            "p(90)": 742.8212004,
            "p(95)": 807.7667197999998
        },
        "http_req_sending": {
            "avg": 0.0197487292150191,
            "min": 0.006792,
            "med": 0.016589,
            "max": 6.138071,
            "p(90)": 0.027293199999999997,
            "p(95)": 0.030595
        },
        "data_sent": {
            "count": 46707705,
            "rate": 155520.7994628203
        },
        "http_reqs": {
            "count": 94359,
            "rate": 314.1834332582228
        },
        "http_req_duration{expected_response:true}": {
            "min": 136.534337,
            "med": 618.376518,
            "max": 13643.509613,
            "p(90)": 742.8883377999999,
            "p(95)": 807.8804485999999,
            "avg": 636.1626847501544
        },
        "iterations": {
            "count": 94359,
            "rate": 314.1834332582228
        },
        "checks": {
            "passes": 98591,
            "fails": 90127,
            "value": 0.5224249939062516
        },
        "http_req_connecting": {
            "max": 10.259313,
            "p(90)": 0,
            "p(95)": 0,
            "avg": 0.009717555378925165,
            "min": 0,
            "med": 0
        },
        "vus_max": {
            "value": 200,
            "min": 200,
            "max": 200
        },
        "http_req_failed": {
            "passes": 0,
            "fails": 94359,
            "value": 0
        },
        "data_received": {
            "rate": 159457.4803562722,
            "count": 47890012
        },
        "http_req_blocked": {
            "avg": 0.013904102449157104,
            "min": 0.001664,
            "med": 0.003497,
            "max": 10.302486,
            "p(90)": 0.006079,
            "p(95)": 0.006915099999999992
        }
    },
    "root_group": {
        "id": "d41d8cd98f00b204e9800998ecf8427e",
        "groups": {},
        "checks": {
                "order created": {
                    "name": "order created",
                    "path": "::order created",
                    "id": "5e7ce872bb14a562c4b9054c8eda7170",
                    "passes": 94359,
                    "fails": 0
                },
                "response time < 500ms": {
                    "name": "response time < 500ms",
                    "path": "::response time < 500ms",
                    "id": "3e02485a995423a591645f4eee6c60eb",
                    "passes": 4232,
                    "fails": 90127
                }
            },
        "name": "",
        "path": ""
    }
}