{
    "metrics": {
        "http_reqs": {
            "count": 107253,
            "rate": 357.3653498158166
        },
        "http_req_duration{expected_response:true}": {
            "avg": 139.74589234438952,
            "min": 36.522811,
            "med": 128.658844,
            "max": 1318.208743,
            "p(90)": 189.90702480000002,
            "p(95)": 198.6013526
        },
        "http_req_receiving": {
            "min": 0.021836,
            "med": 0.054604,
            "max": 6.260135,
            "p(90)": 0.0948578,
            "p(95)": 0.10311379999999999,
            "avg": 0.062400741452453834
        },
        "iterations": {
            "count": 107253,
            "rate": 357.3653498158166
        },
        "http_req_connecting": {
            "avg": 0.00029390191416557115,
            "min": 0,
            "med": 0,
            "max": 2.389943,
            "p(90)": 0,
            "p(95)": 0
        },
        "http_req_failed": {
            "fails": 107253,
            "passes": 0,
            "value": 0
        },
        "vus": {
            "value": 50,
            "min": 50,
            "max": 50
        },
        "http_req_duration": {
            "med": 128.658844,
            "max": 1318.208743,
            "p(90)": 189.90702480000002,
            "p(95)": 198.6013526,
            "avg": 139.74589234438952,
            "min": 36.522811
        },
        "vus_max": {
            "value": 50,
            "min": 50,
            "max": 50
        },
        "http_req_tls_handshaking": {
            "max": 0,
            "p(90)": 0,
            "p(95)": 0,
            "avg": 0,
            "min": 0,
            "med": 0
        },
        "http_req_waiting": {
            "min": 36.376219,
            "med": 128.592174,
            "max": 1317.788583,
            "p(90)": 189.81222400000001,
            "p(95)": 198.4813654,
            "avg": 139.6674568390154
        },
        "data_sent": {
            "count": 45582525,
            "rate": 151880.27367172207
        },
        "iteration_duration": {
            "avg": 139.87090307679003,
            "min": 36.721248,
            "med": 128.762538,
            "max": 1318.738264,
            "p(90)": 190.0693968,
            "p(95)": 198.76042419999996
        },
        "http_req_blocked": {
            "p(95)": 0.006596,
            "avg": 0.004772596952999018,
            "min": 0.001672,
            "med": 0.003982,
            "max": 3.523893,
            "p(90)": 0.006072
        },
        "http_req_sending": {
            "p(90)": 0.0213448,
            "p(95)": 0.023354399999999994,
            "avg": 0.016034763922687705,
            "min": 0.005438,
            "med": 0.014565,
            "max": 4.135636
        },
        "data_received": {
            "count": 590320512,
            "rate": 1966938.8853862546
        },
        "checks": {
            "passes": 214491,
            "fails": 15,
            "value": 0.9999300718861011
        }
    },
    "root_group": {
        "name": "",
        "path": "",
        "id": "d41d8cd98f00b204e9800998ecf8427e",
        "groups": {},
        "checks": {
                "order retrieved": {
                    "name": "order retrieved",
                    "path": "::order retrieved",
                    "id": "ee2cdaec02f70b2be26a047383b1c3bd",
                    "passes": 107253,
                    "fails": 0
                },
                "response time < 500ms": {
                    "name": "response time < 500ms",
                    "path": "::response time < 500ms",
                    "id": "3e02485a995423a591645f4eee6c60eb",
                    "passes": 107238,
                    "fails": 15
                }
            }
    }
}