{
    "metrics": {
        "http_req_waiting": {
            "p(95)": 406.61958554999995,
            "avg": 286.17449711618343,
            "min": 51.240345,
            "med": 272.32766949999996,
            "max": 7053.328542,
            "p(90)": 375.4613194000001
        },
        "http_req_failed": {
            "passes": 0,
            "fails": 104798,
            "value": 0
        },
        "http_req_connecting": {
            "max": 6.415646,
            "p(90)": 0,
            "p(95)": 0,
            "avg": 0.0018249979579762986,
            "min": 0,
            "med": 0
        },
        "iterations": {
            "count": 104798,
            "rate": 349.1176115845855
        },
        "http_reqs": {
            "count": 104798,
            "rate": 349.1176115845855
        },
        "iteration_duration": {
            "p(95)": 406.8917236,
            "avg": 286.3505622551937,
            "min": 51.45172,
            "med": 272.465461,
            "max": 7057.425463,
            "p(90)": 375.7136021000001
        },
        "http_req_blocked": {
            "med": 0.003328,
            "max": 7.604004,
            "p(90)": 0.005685,
            "p(95)": 0.006389,
            "avg": 0.006460552004809171,
            "min": 0.001616
        },
        "checks": {
            "passes": 209265,
            "fails": 331,
            "value": 0.998420771388767
        },
        "vus": {
            "value": 100,
            "min": 100,
            "max": 100
        },
        "http_req_duration": {
            "max": 7053.466809,
            "p(90)": 375.5600307,
            "p(95)": 406.7267678,
            "avg": 286.2406359364889,
            "min": 51.327992,
            "med": 272.375669
        },
        "http_req_duration{expected_response:true}": {
            "avg": 286.2406359364889,
            "min": 51.327992,
            "med": 272.375669,
            "max": 7053.466809,
            "p(90)": 375.5600307,
            "p(95)": 406.7267678
        },
        "http_req_tls_handshaking": {
            "max": 0,
            "p(90)": 0,
            "p(95)": 0,
            "avg": 0,
            "min": 0,
            "med": 0
        },
        "vus_max": {
            "max": 100,
            "value": 100,
            "min": 100
        },
        "data_sent": {
            "count": 44539150,
            "rate": 148374.98492344882
        },
        "http_req_sending": {
            "avg": 0.014598160566041253,
            "min": 0.005659,
            "med": 0.011873,
            "max": 6.11852,
            "p(90)": 0.019735,
            "p(95)": 0.022116
        },
        "http_req_receiving": {
            "min": 0.020766,
            "med": 0.0429235,
            "max": 8.702692,
            "p(90)": 0.0846576,
            "p(95)": 0.09742114999999998,
            "avg": 0.05154065973587235
        },
        "data_received": {
            "count": 576808192,
            "rate": 1921543.3341615587
        }
    },
    "root_group": {
        "path": "",
        "id": "d41d8cd98f00b204e9800998ecf8427e",
        "groups": {},
        "checks": {
                "order retrieved": {
                    "name": "order retrieved",
                    "path": "::order retrieved",
                    "id": "ee2cdaec02f70b2be26a047383b1c3bd",
                    "passes": 104798,
                    "fails": 0
                },
                "response time < 500ms": {
                    "id": "3e02485a995423a591645f4eee6c60eb",
                    "passes": 104467,
                    "fails": 331,
                    "name": "response time < 500ms",
                    "path": "::response time < 500ms"
                }
            },
        "name": ""
    }
}