{
    "root_group": {
        "groups": {},
        "checks": {
                "order retrieved": {
                    "fails": 0,
                    "name": "order retrieved",
                    "path": "::order retrieved",
                    "id": "ee2cdaec02f70b2be26a047383b1c3bd",
                    "passes": 105418
                },
                "response time < 500ms": {
                    "name": "response time < 500ms",
                    "path": "::response time < 500ms",
                    "id": "3e02485a995423a591645f4eee6c60eb",
                    "passes": 105089,
                    "fails": 329
                }
            },
        "name": "",
        "path": "",
        "id": "d41d8cd98f00b204e9800998ecf8427e"
    },
    "metrics": {
        "vus": {
            "value": 100,
            "min": 100,
            "max": 100
        },
        "data_received": {
            "count": 580220672,
            "rate": 1932614.7189028305
        },
        "http_req_duration{expected_response:true}": {
            "avg": 284.59291328510005,
            "min": 24.277947,
            "med": 271.0732885,
            "max": 6831.491654,
            "p(90)": 371.8777772,
            "p(95)": 404.7203581499999
        },
        "http_req_tls_handshaking": {
            "max": 0,
            "p(90)": 0,
            "p(95)": 0,
            "avg": 0,
            "min": 0,
            "med": 0
        },
        "http_req_blocked": {
            "avg": 0.004496800992240424,
            "min": 0.001614,
            "med": 0.003237,
            "max": 6.168948,
            "p(90)": 0.005441,
            "p(95)": 0.006132
        },
        "vus_max": {
            "value": 100,
            "min": 100,
            "max": 100
        },
        "http_req_waiting": {
            "avg": 284.5275167533765,
            "min": 24.16201,
            "med": 271.020339,
            "max": 6831.300135,
            "p(90)": 371.7888074,
            "p(95)": 404.6205208999999
        },
        "http_reqs": {
            "count": 105418,
            "rate": 351.12912770763637
        },
        "http_req_duration": {
            "p(95)": 404.7203581499999,
            "avg": 284.59291328510005,
            "min": 24.277947,
            "med": 271.0732885,
            "max": 6831.491654,
            "p(90)": 371.8777772
        },
        "iterations": {
            "count": 105418,
            "rate": 351.12912770763637
        },
        "data_sent": {
            "count": 44802650,
            "rate": 149229.87927574545
        },
        "http_req_sending": {
            "p(90)": 0.0192323,
            "p(95)": 0.021615,
            "avg": 0.014002819129560307,
            "min": 0.005597,
            "med": 0.011513,
            "max": 7.84876
        },
        "http_req_connecting": {
            "avg": 0.0004576370543929877,
            "min": 0,
            "med": 0,
            "max": 6.086306,
            "p(90)": 0,
            "p(95)": 0
        },
        "http_req_receiving": {
            "med": 0.0421565,
            "max": 19.021715,
            "p(90)": 0.083429,
            "p(95)": 0.09522,
            "avg": 0.051393712601264144,
            "min": 0.020845
        },
        "checks": {
            "passes": 210507,
            "fails": 329,
            "value": 0.9984395454286744
        },
        "iteration_duration": {
            "p(90)": 372.0548262,
            "p(95)": 404.9054023,
            "avg": 284.6977164769389,
            "min": 24.457616,
            "med": 271.1600045,
            "max": 6834.70219
        },
        "http_req_failed": {
            "passes": 0,
            "fails": 105418,
            "value": 0
        }
    }
}