{
    "metrics": {
        "iterations": {
            "count": 98988,
            "rate": 329.930160794026
        },
        "http_req_receiving": {
            "p(95)": 0.11579864999999999,
            "avg": 0.08624711863054174,
            "min": 0.020975,
            "med": 0.0769645,
            "max": 12.710763,
            "p(90)": 0.1039053
        },
        "vus_max": {
            "max": 10,
            "value": 10,
            "min": 10
        },
        "http_req_failed": {
            "passes": 0,
            "fails": 98988,
            "value": 0
        },
        "data_received": {
            "count": 541464360,
            "rate": 1804717.979543322
        },
        "iteration_duration": {
            "max": 130.333925,
            "p(90)": 37.1438347,
            "p(95)": 41.31243449999999,
            "avg": 30.291230211368863,
            "min": 12.508671,
            "med": 29.2286445
        },
        "http_req_tls_handshaking": {
            "avg": 0,
            "min": 0,
            "med": 0,
            "max": 0,
            "p(90)": 0,
            "p(95)": 0
        },
        "http_req_sending": {
            "p(95)": 0.025686,
            "avg": 0.020614717571827187,
            "min": 0.00612,
            "med": 0.017336,
            "max": 11.425683,
            "p(90)": 0.022709
        },
        "http_reqs": {
            "rate": 329.930160794026,
            "count": 98988
        },
        "http_req_duration": {
            "min": 12.364014,
            "med": 29.0728965,
            "max": 130.210401,
            "p(90)": 36.9661659,
            "p(95)": 41.10919675,
            "avg": 30.1283379945954
        },
        "http_req_waiting": {
            "avg": 30.021476158392737,
            "min": 12.275046,
            "med": 28.97417,
            "max": 130.125462,
            "p(90)": 36.839407800000004,
            "p(95)": 40.957357149999986
        },
        "http_req_connecting": {
            "avg": 0.000029621236917606176,
            "min": 0,
            "med": 0,
            "max": 1.026115,
            "p(90)": 0,
            "p(95)": 0
        },
        "data_sent": {
            "count": 42069900,
            "rate": 140220.31833746104
        },
        "http_req_blocked": {
            "avg": 0.0055387270174162605,
            "min": 0.001847,
            "med": 0.004878,
            "max": 6.113393,
            "p(90)": 0.006442,
            "p(95)": 0.007015
        },
        "http_req_duration{expected_response:true}": {
            "avg": 30.1283379945954,
            "min": 12.364014,
            "med": 29.0728965,
            "max": 130.210401,
            "p(90)": 36.9661659,
            "p(95)": 41.10919675
        },
        "checks": {
            "passes": 197976,
            "fails": 0,
            "value": 1
        },
        "vus": {
            "value": 10,
            "min": 10,
            "max": 10
        }
    },
    "root_group": {
        "name": "",
        "path": "",
        "id": "d41d8cd98f00b204e9800998ecf8427e",
        "groups": {},
        "checks": {
                "order retrieved": {
                    "name": "order retrieved",
                    "path": "::order retrieved",
                    "id": "ee2cdaec02f70b2be26a047383b1c3bd",
                    "passes": 98988,
                    "fails": 0
                },
                "response time < 500ms": {
                    "name": "response time < 500ms",
                    "path": "::response time < 500ms",
                    "id": "3e02485a995423a591645f4eee6c60eb",
                    "passes": 98988,
                    "fails": 0
                }
            }
    }
}