{
    "root_group": {
        "name": "",
        "path": "",
        "id": "d41d8cd98f00b204e9800998ecf8427e",
        "groups": {},
        "checks": {
                "order retrieved": {
                    "id": "ee2cdaec02f70b2be26a047383b1c3bd",
                    "passes": 100469,
                    "fails": 0,
                    "name": "order retrieved",
                    "path": "::order retrieved"
                },
                "response time < 500ms": {
                    "name": "response time < 500ms",
                    "path": "::response time < 500ms",
                    "id": "3e02485a995423a591645f4eee6c60eb",
                    "passes": 7958,
                    "fails": 92511
                }
            }
    },
    "metrics": {
        "iteration_duration": {
            "med": 575.203122,
            "max": 26811.668647,
            "p(90)": 661.8992179999999,
            "p(95)": 814.1747955999996,
            "avg": 597.6971794521136,
            "min": 40.150259
        },
        "http_req_duration{expected_response:true}": {
            "avg": 597.5908737472217,
            "min": 40.023555,
            "med": 575.107299,
            "max": 26810.84214,
            "p(90)": 661.7783174,
            "p(95)": 814.0450937999999
        },
        "http_req_tls_handshaking": {
            "max": 0,
            "p(90)": 0,
            "p(95)": 0,
            "avg": 0,
            "min": 0,
            "med": 0
        },
        "http_req_duration": {
            "p(95)": 814.0450937999999,
            "avg": 597.5908737472217,
            "min": 40.023555,
            "med": 575.107299,
            "max": 26810.84214,
            "p(90)": 661.7783174
        },
        "http_req_receiving": {
            "avg": 0.05214749412256456,
            "min": 0.020541,
            "med": 0.040665,
            "max": 17.285405,
            "p(90)": 0.0760978,
            "p(95)": 0.09281899999999987
        },
        "iterations": {
            "count": 100469,
            "rate": 334.43200586786105
        },
        "http_req_blocked": {
            "max": 9.602863,
            "p(90)": 0.0052571999999999975,
            "p(95)": 0.006062,
            "avg": 0.005345604584498683,
            "min": 0.00161,
            "med": 0.003071
        },
        "checks": {
            "passes": 108427,
            "fails": 92511,
            "value": 0.5396042560391763
        },
        "http_reqs": {
            "count": 100469,
            "rate": 334.43200586786105
        },
        "data_received": {
            "count": 549565430,
            "rate": 1829343.0720972
        },
        "http_req_connecting": {
            "avg": 0.0013727078203226862,
            "min": 0,
            "med": 0,
            "max": 9.548077,
            "p(90)": 0,
            "p(95)": 0
        },
        "vus": {
            "value": 200,
            "min": 200,
            "max": 200
        },
        "vus_max": {
            "max": 200,
            "value": 200,
            "min": 200
        },
        "http_req_sending": {
            "avg": 0.014205277030726143,
            "min": 0.005483,
            "med": 0.011282,
            "max": 9.07315,
            "p(90)": 0.018718,
            "p(95)": 0.02168459999999999
        },
        "data_sent": {
            "count": 42699325,
            "rate": 142133.60249384094
        },
        "http_req_waiting": {
            "max": 26810.573148,
            "p(90)": 661.6913397999999,
            "p(95)": 813.8980449999991,
            "avg": 597.5245209760786,
            "min": 39.913763,
            "med": 575.047803
        },
        "http_req_failed": {
            "passes": 0,
            "fails": 100469,
            "value": 0
        }
    }
}