{
    "root_group": {
        "checks": {
            "order retrieved": {
                "name": "order retrieved",
                "path": "::order retrieved",
                "id": "ee2cdaec02f70b2be26a047383b1c3bd",
                "passes": 102280,
                "fails": 0
            },
            "response time < 500ms": {
                "name": "response time < 500ms",
                "path": "::response time < 500ms",
                "id": "3e02485a995423a591645f4eee6c60eb",
                "passes": 102264,
                "fails": 16
            }
        },
        "name": "",
        "path": "",
        "id": "d41d8cd98f00b204e9800998ecf8427e",
        "groups": {}
    },
    "metrics": {
        "vus_max": {
            "value": 50,
            "min": 50,
            "max": 50
        },
        "data_received": {
            "count": 559471600,
            "rate": 1864348.9886325602
        },
        "checks": {
            "fails": 16,
            "passes": 204544,
            "value": 0.9999217833398514
        },
        "http_req_connecting": {
            "avg": 0.00031185813453265545,
            "min": 0,
            "med": 0,
            "max": 2.225989,
            "p(90)": 0,
            "p(95)": 0
        },
        "iterations": {
            "count": 102280,
            "rate": 340.8316249785302
        },
        "http_req_failed": {
            "passes": 0,
            "fails": 102280,
            "value": 0
        },
        "data_sent": {
            "rate": 144853.44061587533,
            "count": 43469000
        },
        "vus": {
            "value": 50,
            "min": 50,
            "max": 50
        },
        "http_req_waiting": {
            "p(95)": 210.5561658,
            "avg": 146.4518615561878,
            "min": 38.803002,
            "med": 133.038136,
            "max": 1291.754552,
            "p(90)": 198.3809203
        },
        "http_req_duration{expected_response:true}": {
            "max": 1291.915465,
            "p(90)": 198.4876192,
            "p(95)": 210.6543758,
            "avg": 146.53657798755356,
            "min": 38.925833,
            "med": 133.11060500000002
        },
        "iteration_duration": {
            "max": 1292.331629,
            "p(90)": 198.675025,
            "p(95)": 210.83135809999985,
            "avg": 146.66957749303612,
            "min": 39.056269,
            "med": 133.2235415
        },
        "http_req_sending": {
            "p(95)": 0.023862099999999976,
            "avg": 0.01678347318146266,
            "min": 0.005666,
            "med": 0.014782,
            "max": 11.754225,
            "p(90)": 0.021397100000000006
        },
        "http_req_duration": {
            "avg": 146.53657798755356,
            "min": 38.925833,
            "med": 133.11060500000002,
            "max": 1291.915465,
            "p(90)": 198.4876192,
            "p(95)": 210.6543758
        },
        "http_req_receiving": {
            "min": 0.021611,
            "med": 0.057122,
            "max": 7.171335,
            "p(90)": 0.097595,
            "p(95)": 0.10723404999999998,
            "avg": 0.06793295818341809
        },
        "http_req_blocked": {
            "avg": 0.0050544445737192014,
            "min": 0.00172,
            "med": 0.003978,
            "max": 4.623718,
            "p(90)": 0.006093,
            "p(95)": 0.006656
        },
        "http_reqs": {
            "count": 102280,
            "rate": 340.8316249785302
        },
        "http_req_tls_handshaking": {
            "p(90)": 0,
            "p(95)": 0,
            "avg": 0,
            "min": 0,
            "med": 0,
            "max": 0
        }
    }
}