{
    "metrics": {
        "http_req_tls_handshaking": {
            "min": 0,
            "med": 0,
            "max": 0,
            "p(90)": 0,
            "p(95)": 0,
            "avg": 0
        },
        "data_sent": {
            "rate": 144232.4843428774,
            "count": 43272650
        },
        "data_received": {
            "count": 556944460,
            "rate": 1856356.9161306808
        },
        "http_req_blocked": {
            "avg": 0.005360193600345773,
            "min": 0.00187,
            "med": 0.004815,
            "max": 6.199532,
            "p(90)": 0.006352,
            "p(95)": 0.006876
        },
        "http_req_duration": {
            "min": 12.8174,
            "med": 28.744833,
            "max": 103.413404,
            "p(90)": 35.1639238,
            "p(95)": 37.7526807,
            "avg": 29.291942913138982
        },
        "http_req_sending": {
            "min": 0.006345,
            "med": 0.017295,
            "max": 6.395482,
            "p(90)": 0.022546,
            "p(95)": 0.025139149999999996,
            "avg": 0.01931110065017955
        },
        "http_req_receiving": {
            "p(90)": 0.1020452,
            "p(95)": 0.111687,
            "avg": 0.08224263757881721,
            "min": 0.022626,
            "med": 0.076001,
            "max": 10.472218
        },
        "checks": {
            "passes": 203636,
            "fails": 0,
            "value": 1
        },
        "http_req_waiting": {
            "med": 28.644116,
            "max": 103.286078,
            "p(90)": 35.0619085,
            "p(95)": 37.635064099999994,
            "avg": 29.190389174910315,
            "min": 12.760471
        },
        "iteration_duration": {
            "p(95)": 37.926033,
            "avg": 29.448977729066126,
            "min": 12.926467,
            "med": 28.898112,
            "max": 103.611151,
            "p(90)": 35.3327408
        },
        "iterations": {
            "count": 101818,
            "rate": 339.37055139500563
        },
        "http_req_duration{expected_response:true}": {
            "p(90)": 35.1639238,
            "p(95)": 37.7526807,
            "avg": 29.291942913138982,
            "min": 12.8174,
            "med": 28.744833,
            "max": 103.413404
        },
        "http_req_failed": {
            "passes": 0,
            "fails": 101818,
            "value": 0
        },
        "vus": {
            "value": 10,
            "min": 10,
            "max": 10
        },
        "vus_max": {
            "max": 10,
            "value": 10,
            "min": 10
        },
        "http_reqs": {
            "count": 101818,
            "rate": 339.37055139500563
        },
        "http_req_connecting": {
            "min": 0,
            "med": 0,
            "max": 0.756665,
            "p(90)": 0,
            "p(95)": 0,
            "avg": 0.00002337843996149993
        }
    },
    "root_group": {
        "name": "",
        "path": "",
        "id": "d41d8cd98f00b204e9800998ecf8427e",
        "groups": {},
        "checks": {
                "order retrieved": {
                    "path": "::order retrieved",
                    "id": "ee2cdaec02f70b2be26a047383b1c3bd",
                    "passes": 101818,
                    "fails": 0,
                    "name": "order retrieved"
                },
                "response time < 500ms": {
                    "id": "3e02485a995423a591645f4eee6c60eb",
                    "passes": 101818,
                    "fails": 0,
                    "name": "response time < 500ms",
                    "path": "::response time < 500ms"
                }
            }
    }
}