{
    "root_group": {
        "path": "",
        "id": "d41d8cd98f00b204e9800998ecf8427e",
        "groups": {},
        "checks": {
                "order retrieved": {
                    "name": "order retrieved",
                    "path": "::order retrieved",
                    "id": "ee2cdaec02f70b2be26a047383b1c3bd",
                    "passes": 107160,
                    "fails": 0
                },
                "response time < 500ms": {
                    "name": "response time < 500ms",
                    "path": "::response time < 500ms",
                    "id": "3e02485a995423a591645f4eee6c60eb",
                    "passes": 107142,
                    "fails": 18
                }
            },
        "name": ""
    },
    "metrics": {
        "http_req_waiting": {
            "p(95)": 198.09692145,
            "avg": 139.7947951473309,
            "min": 28.639891,
            "med": 128.307628,
            "max": 1391.4433,
            "p(90)": 189.6607755
        },
        "data_sent": {
            "rate": 151757.361472457,
            "count": 45543000
        },
        "iterations": {
            "count": 107160,
            "rate": 357.0761446410753
        },
        "checks": {
            "passes": 214302,
            "fails": 18,
            "value": 0.99991601343785
        },
        "http_req_sending": {
            "avg": 0.015675568701007437,
            "min": 0.005659,
            "med": 0.014117,
            "max": 6.56433,
            "p(90)": 0.020892,
            "p(95)": 0.022852
        },
        "vus_max": {
            "value": 50,
            "min": 50,
            "max": 50
        },
        "http_req_duration": {
            "med": 128.369954,
            "max": 1391.588946,
            "p(90)": 189.75532850000002,
            "p(95)": 198.20184505,
            "avg": 139.8729464390644,
            "min": 28.757902
        },
        "http_req_receiving": {
            "avg": 0.062475723030982235,
            "min": 0.021137,
            "med": 0.054186,
            "max": 4.722741,
            "p(90)": 0.094006,
            "p(95)": 0.10224214999999996
        },
        "iteration_duration": {
            "p(90)": 189.9151606,
            "p(95)": 198.35873614999994,
            "avg": 139.9955547420473,
            "min": 28.948824,
            "med": 128.47630700000002,
            "max": 1392.393734
        },
        "http_reqs": {
            "count": 107160,
            "rate": 357.0761446410753
        },
        "http_req_blocked": {
            "max": 2.588901,
            "p(90)": 0.005988,
            "p(95)": 0.006530049999999989,
            "avg": 0.004546317011944689,
            "min": 0.001659,
            "med": 0.003916
        },
        "http_req_duration{expected_response:true}": {
            "min": 28.757902,
            "med": 128.369954,
            "max": 1391.588946,
            "p(90)": 189.75532850000002,
            "p(95)": 198.20184505,
            "avg": 139.8729464390644
        },
        "http_req_tls_handshaking": {
            "avg": 0,
            "min": 0,
            "med": 0,
            "max": 0,
            "p(90)": 0,
            "p(95)": 0
        },
        "http_req_failed": {
            "passes": 0,
            "fails": 107160,
            "value": 0
        },
        "data_received": {
            "count": 589808640,
            "rate": 1965347.1001044784
        },
        "vus": {
            "value": 50,
            "min": 50,
            "max": 50
        },
        "http_req_connecting": {
            "avg": 0.00020612021276595745,
            "min": 0,
            "med": 0,
            "max": 1.777477,
            "p(90)": 0,
            "p(95)": 0
        }
    }
}