{
    "root_group": {
        "checks": {
            "order retrieved": {
                "name": "order retrieved",
                "path": "::order retrieved",
                "id": "ee2cdaec02f70b2be26a047383b1c3bd",
                "passes": 106932,
                "fails": 0
            },
            "response time < 500ms": {
                "fails": 93512,
                "name": "response time < 500ms",
                "path": "::response time < 500ms",
                "id": "3e02485a995423a591645f4eee6c60eb",
                "passes": 13420
            }
        },
        "name": "",
        "path": "",
        "id": "d41d8cd98f00b204e9800998ecf8427e",
        "groups": {}
    },
    "metrics": {
        "http_reqs": {
            "count": 106932,
            "rate": 355.97676189599997
        },
        "checks": {
            "passes": 120352,
            "fails": 93512,
            "value": 0.5627501589795384
        },
        "data_sent": {
            "count": 45446100,
            "rate": 151290.1238058
        },
        "http_req_duration{expected_response:true}": {
            "min": 20.41063,
            "med": 544.605715,
            "max": 26530.45875,
            "p(90)": 594.0533216,
            "p(95)": 754.8240329499997,
            "avg": 561.4148168821292
        },
        "http_req_receiving": {
            "p(95)": 0.08312545,
            "avg": 0.04326749617513906,
            "min": 0.019492,
            "med": 0.03632,
            "max": 6.257497,
            "p(90)": 0.063809
        },
        "vus": {
            "value": 200,
            "min": 200,
            "max": 200
        },
        "vus_max": {
            "value": 200,
            "min": 200,
            "max": 200
        },
        "http_req_connecting": {
            "med": 0,
            "max": 4.191355,
            "p(90)": 0,
            "p(95)": 0,
            "avg": 0.0012431858470803873,
            "min": 0
        },
        "http_req_sending": {
            "p(95)": 0.02008045,
            "avg": 0.01210585972393681,
            "min": 0.005408,
            "med": 0.010099,
            "max": 6.35039,
            "p(90)": 0.017351
        },
        "iterations": {
            "count": 106932,
            "rate": 355.97676189599997
        },
        "http_req_blocked": {
            "avg": 0.00571037142296033,
            "min": 0.001557,
            "med": 0.002765,
            "max": 11.720382,
            "p(90)": 0.004758,
            "p(95)": 0.005630449999999997
        },
        "http_req_waiting": {
            "avg": 561.3594435262165,
            "min": 20.347451,
            "med": 544.5565355,
            "max": 26530.331191,
            "p(90)": 594.0086603,
            "p(95)": 754.7519503499999
        },
        "http_req_failed": {
            "fails": 106932,
            "passes": 0,
            "value": 0
        },
        "iteration_duration": {
            "p(95)": 754.9661929499997,
            "avg": 561.5086419198207,
            "min": 20.523566,
            "med": 544.6903795000001,
            "max": 26542.442827,
            "p(90)": 594.1414714
        },
        "http_req_duration": {
            "p(95)": 754.8240329499997,
            "avg": 561.4148168821292,
            "min": 20.41063,
            "med": 544.605715,
            "max": 26530.45875,
            "p(90)": 594.0533216
        },
        "data_received": {
            "count": 588553728,
            "rate": 1959296.0974755837
        },
        "http_req_tls_handshaking": {
            "min": 0,
            "med": 0,
            "max": 0,
            "p(90)": 0,
            "p(95)": 0,
            "avg": 0
        }
    }
}