{
    "root_group": {
        "groups": {},
        "checks": {
                "order retrieved": {
                    "fails": 0,
                    "name": "order retrieved",
                    "path": "::order retrieved",
                    "id": "ee2cdaec02f70b2be26a047383b1c3bd",
                    "passes": 105923
                },
                "response time < 500ms": {
                    "name": "response time < 500ms",
                    "path": "::response time < 500ms",
                    "id": "3e02485a995423a591645f4eee6c60eb",
                    "passes": 9301,
                    "fails": 96622
                }
            },
        "name": "",
        "path": "",
        "id": "d41d8cd98f00b204e9800998ecf8427e"
    },
    "metrics": {
        "vus_max": {
            "value": 200,
            "min": 200,
            "max": 200
        },
        "http_req_connecting": {
            "med": 0,
            "max": 2.468981,
            "p(90)": 0,
            "p(95)": 0,
            "avg": 0.0005022576022204809,
            "min": 0
        },
        "http_req_duration{expected_response:true}": {
            "avg": 567.0309488751857,
            "min": 18.117114,
            "med": 552.442639,
            "max": 26370.702958,
            "p(90)": 599.1016716,
            "p(95)": 763.9137166999999
        },
        "checks": {
            "passes": 115224,
            "fails": 96622,
            "value": 0.5439045344259509
        },
        "data_sent": {
            "count": 45017275,
            "rate": 149788.61883158566
        },
        "iterations": {
            "rate": 352.4438090154957,
            "count": 105923
        },
        "http_req_tls_handshaking": {
            "max": 0,
            "p(90)": 0,
            "p(95)": 0,
            "avg": 0,
            "min": 0,
            "med": 0
        },
        "data_received": {
            "count": 583000192,
            "rate": 1939850.7248212881
        },
        "http_req_duration": {
            "avg": 567.0309488751857,
            "min": 18.117114,
            "med": 552.442639,
            "max": 26370.702958,
            "p(90)": 599.1016716,
            "p(95)": 763.9137166999999
        },
        "http_req_blocked": {
            "avg": 0.004040655249568099,
            "min": 0.001588,
            "med": 0.002883,
            "max": 3.643373,
            "p(90)": 0.004931,
            "p(95)": 0.005873
        },
        "http_req_sending": {
            "avg": 0.012296686130490985,
            "min": 0.005449,
            "med": 0.01052,
            "max": 7.888958,
            "p(90)": 0.017866,
            "p(95)": 0.020481899999999994
        },
        "http_req_waiting": {
            "max": 26370.492521,
            "p(90)": 599.0469697999999,
            "p(95)": 763.8316371999998,
            "avg": 566.9745385086767,
            "min": 17.976466,
            "med": 552.394572
        },
        "http_req_receiving": {
            "avg": 0.04411368037159136,
            "min": 0.021025,
            "med": 0.037184,
            "max": 6.270503,
            "p(90)": 0.0646998,
            "p(95)": 0.08379679999999992
        },
        "http_reqs": {
            "count": 105923,
            "rate": 352.4438090154957
        },
        "vus": {
            "value": 200,
            "min": 200,
            "max": 200
        },
        "http_req_failed": {
            "passes": 0,
            "fails": 105923,
            "value": 0
        },
        "iteration_duration": {
            "med": 552.522482,
            "max": 26371.152425,
            "p(90)": 599.1970722,
            "p(95)": 764.0638148999999,
            "avg": 567.1254841100449,
            "min": 18.31506
        }
    }
}