{
    "root_group": {
        "name": "",
        "path": "",
        "id": "d41d8cd98f00b204e9800998ecf8427e",
        "groups": {},
        "checks": {
                "order retrieved": {
                    "path": "::order retrieved",
                    "id": "ee2cdaec02f70b2be26a047383b1c3bd",
                    "passes": 103021,
                    "fails": 0,
                    "name": "order retrieved"
                },
                "response time < 500ms": {
                    "name": "response time < 500ms",
                    "path": "::response time < 500ms",
                    "id": "3e02485a995423a591645f4eee6c60eb",
                    "passes": 102221,
                    "fails": 800
                }
            }
    },
    "metrics": {
        "http_req_tls_handshaking": {
            "med": 0,
            "max": 0,
            "p(90)": 0,
            "p(95)": 0,
            "avg": 0,
            "min": 0
        },
        "checks": {
            "passes": 205242,
            "fails": 800,
            "value": 0.9961172964735345
        },
        "http_reqs": {
            "count": 103021,
            "rate": 343.13290227632103
        },
        "http_req_receiving": {
            "p(90)": 0.088837,
            "p(95)": 0.099687,
            "avg": 0.05648857532930214,
            "min": 0.021086,
            "med": 0.046367,
            "max": 15.859391
        },
        "data_received": {
            "rate": 1876936.975451476,
            "count": 563524870
        },
        "vus": {
            "max": 100,
            "value": 100,
            "min": 100
        },
        "http_req_connecting": {
            "avg": 0.0007036598945845994,
            "min": 0,
            "med": 0,
            "max": 1.953108,
            "p(90)": 0,
            "p(95)": 0
        },
        "http_req_waiting": {
            "p(95)": 415.861791,
            "avg": 291.1491411764383,
            "min": 22.267901,
            "med": 274.953851,
            "max": 6524.788735,
            "p(90)": 384.266851
        },
        "http_req_duration{expected_response:true}": {
            "avg": 291.2207664924998,
            "min": 22.511535,
            "med": 275.009712,
            "max": 6524.925854,
            "p(90)": 384.372561,
            "p(95)": 415.967584
        },
        "vus_max": {
            "min": 100,
            "max": 100,
            "value": 100
        },
        "http_req_blocked": {
            "avg": 0.004663742596169723,
            "min": 0.001597,
            "med": 0.003404,
            "max": 4.407427,
            "p(90)": 0.005609,
            "p(95)": 0.006279
        },
        "data_sent": {
            "count": 43783925,
            "rate": 145831.48346743642
        },
        "iteration_duration": {
            "max": 6528.283176,
            "p(90)": 384.542793,
            "p(95)": 416.131421,
            "avg": 291.336498608967,
            "min": 24.785624,
            "med": 275.108695
        },
        "iterations": {
            "rate": 343.13290227632103,
            "count": 103021
        },
        "http_req_duration": {
            "avg": 291.2207664924998,
            "min": 22.511535,
            "med": 275.009712,
            "max": 6524.925854,
            "p(90)": 384.372561,
            "p(95)": 415.967584
        },
        "http_req_sending": {
            "avg": 0.015136740732471949,
            "min": 0.005541,
            "med": 0.012491,
            "max": 17.764615,
            "p(90)": 0.019976,
            "p(95)": 0.022671
        },
        "http_req_failed": {
            "fails": 103021,
            "passes": 0,
            "value": 0
        }
    }
}