{
    "metrics": {
        "data_received": {
            "count": 560450730,
            "rate": 1867512.8511161343
        },
        "http_reqs": {
            "count": 102459,
            "rate": 341.41002762635
        },
        "checks": {
            "passes": 204897,
            "fails": 21,
            "value": 0.9998975199836032
        },
        "http_req_duration": {
            "avg": 146.2853768015676,
            "min": 15.819695,
            "med": 133.025896,
            "max": 1543.852525,
            "p(90)": 198.1280116,
            "p(95)": 210.37456189999997
        },
        "http_req_tls_handshaking": {
            "avg": 0,
            "min": 0,
            "med": 0,
            "max": 0,
            "p(90)": 0,
            "p(95)": 0
        },
        "http_req_failed": {
            "passes": 0,
            "fails": 102459,
            "value": 0
        },
        "http_req_connecting": {
            "max": 1.239917,
            "p(90)": 0,
            "p(95)": 0,
            "avg": 0.00019018670882987336,
            "min": 0,
            "med": 0
        },
        "iteration_duration": {
            "med": 133.145958,
            "max": 1544.841416,
            "p(90)": 198.2948488,
            "p(95)": 210.5381528,
            "avg": 146.41740254767384,
            "min": 15.940291
        },
        "vus": {
            "value": 50,
            "min": 50,
            "max": 50
        },
        "http_req_blocked": {
            "avg": 0.004924680886988938,
            "min": 0.001668,
            "med": 0.00396,
            "max": 8.607493,
            "p(90)": 0.005974,
            "p(95)": 0.006529
        },
        "http_req_waiting": {
            "p(90)": 198.0253256,
            "p(95)": 210.25859579999997,
            "avg": 146.20120970378437,
            "min": 15.735621,
            "med": 132.953225,
            "max": 1543.737302
        },
        "data_sent": {
            "count": 43545075,
            "rate": 145099.26174119872
        },
        "http_req_sending": {
            "max": 8.880805,
            "p(90)": 0.021223,
            "p(95)": 0.023736099999999993,
            "avg": 0.016781880039820788,
            "min": 0.005704,
            "med": 0.014764
        },
        "http_req_receiving": {
            "min": 0.020761,
            "med": 0.056725,
            "max": 12.078755,
            "p(90)": 0.0967198,
            "p(95)": 0.10610829999999997,
            "avg": 0.06738521774563612
        },
        "vus_max": {
            "value": 50,
            "min": 50,
            "max": 50
        },
        "http_req_duration{expected_response:true}": {
            "avg": 146.2853768015676,
            "min": 15.819695,
            "med": 133.025896,
            "max": 1543.852525,
            "p(90)": 198.1280116,
            "p(95)": 210.37456189999997
        },
        "iterations": {
            "count": 102459,
            "rate": 341.41002762635
        }
    },
    "root_group": {
        "checks": {
            "order retrieved": {
                "name": "order retrieved",
                "path": "::order retrieved",
                "id": "ee2cdaec02f70b2be26a047383b1c3bd",
                "passes": 102459,
                "fails": 0
            },
            "response time < 500ms": {
                "name": "response time < 500ms",
                "path": "::response time < 500ms",
                "id": "3e02485a995423a591645f4eee6c60eb",
                "passes": 102438,
                "fails": 21
            }
        },
        "name": "",
        "path": "",
        "id": "d41d8cd98f00b204e9800998ecf8427e",
        "groups": {}
    }
}