{
    "root_group": {
        "groups": {},
        "checks": {
                "order retrieved": {
                    "name": "order retrieved",
                    "path": "::order retrieved",
                    "id": "ee2cdaec02f70b2be26a047383b1c3bd",
                    "passes": 100197,
                    "fails": 0
                },
                "response time < 500ms": {
                    "passes": 8458,
                    "fails": 91739,
                    "name": "response time < 500ms",
                    "path": "::response time < 500ms",
                    "id": "3e02485a995423a591645f4eee6c60eb"
                }
            },
        "name": "",
        "path": "",
        "id": "d41d8cd98f00b204e9800998ecf8427e"
    },
    "metrics": {
        "vus_max": {
            "max": 200,
            "value": 200,
            "min": 200
        },
        "checks": {
            "fails": 91739,
            "passes": 108655,
            "value": 0.5422068525005739
        },
        "vus": {
            "max": 200,
            "value": 200,
            "min": 200
        },
        "http_req_duration{expected_response:true}": {
            "p(90)": 703.2674348000003,
            "p(95)": 840.8596066,
            "avg": 599.5334815341747,
            "min": 102.391316,
            "med": 571.020219,
            "max": 23880.62964
        },
        "http_req_connecting": {
            "max": 3.973305,
            "p(90)": 0,
            "p(95)": 0,
            "avg": 0.0006977805123905904,
            "min": 0,
            "med": 0
        },
        "iterations": {
            "count": 100197,
            "rate": 333.30270792382817
        },
        "http_req_duration": {
            "max": 23880.62964,
            "p(90)": 703.2674348000003,
            "p(95)": 840.8596066,
            "avg": 599.5334815341747,
            "min": 102.391316,
            "med": 571.020219
        },
        "http_req_blocked": {
            "avg": 0.004799316167150773,
            "min": 0.001599,
            "med": 0.003069,
            "max": 17.260811,
            "p(90)": 0.005372,
            "p(95)": 0.006223
        },
        "http_req_sending": {
            "max": 16.118255,
            "p(90)": 0.019053,
            "p(95)": 0.022037199999999996,
            "avg": 0.014469178548259963,
            "min": 0.00542,
            "med": 0.011266
        },
        "http_req_failed": {
            "passes": 0,
            "fails": 100197,
            "value": 0
        },
        "iteration_duration": {
            "med": 571.109695,
            "max": 23881.058581,
            "p(90)": 703.4511558000003,
            "p(95)": 841.0322682,
            "avg": 599.6420885338434,
            "min": 102.516135
        },
        "http_req_waiting": {
            "med": 570.962048,
            "max": 23880.450291,
            "p(90)": 703.1641384000001,
            "p(95)": 840.748784,
            "avg": 599.4668307574369,
            "min": 102.321139
        },
        "data_sent": {
            "count": 42583725,
            "rate": 141653.65086762697
        },
        "http_req_tls_handshaking": {
            "med": 0,
            "max": 0,
            "p(90)": 0,
            "p(95)": 0,
            "avg": 0,
            "min": 0
        },
        "http_reqs": {
            "count": 100197,
            "rate": 333.30270792382817
        },
        "http_req_receiving": {
            "p(95)": 0.09468299999999999,
            "avg": 0.05218159818158256,
            "min": 0.020791,
            "med": 0.040401,
            "max": 10.744562,
            "p(90)": 0.07871480000000002
        },
        "data_received": {
            "rate": 1823165.8123433401,
            "count": 548077590
        }
    }
}