{
    "metrics": {
        "http_req_blocked": {
            "p(95)": 0.006316,
            "avg": 0.00958754014437929,
            "min": 0.001602,
            "med": 0.003235,
            "max": 11.400869,
            "p(90)": 0.005528
        },
        "http_req_connecting": {
            "avg": 0.005051303940571856,
            "min": 0,
            "med": 0,
            "max": 11.315961,
            "p(90)": 0,
            "p(95)": 0
        },
        "http_req_duration{expected_response:true}": {
            "avg": 629.2964475622078,
            "min": 30.357471,
            "med": 593.117986,
            "max": 29400.124621,
            "p(90)": 738.1494670000001,
            "p(95)": 860.9953108
        },
        "http_req_sending": {
            "p(90)": 0.019696800000000004,
            "p(95)": 0.022824,
            "avg": 0.015949624781283193,
            "min": 0.005624,
            "med": 0.011937,
            "max": 21.298392
        },
        "http_req_failed": {
            "passes": 0,
            "fails": 95443,
            "value": 0
        },
        "vus": {
            "max": 200,
            "value": 200,
            "min": 200
        },
        "iteration_duration": {
            "p(90)": 738.2805154,
            "p(95)": 861.1916629,
            "avg": 629.4165029876846,
            "min": 30.545944,
            "med": 593.211079,
            "max": 29400.516611
        },
        "http_req_tls_handshaking": {
            "min": 0,
            "med": 0,
            "max": 0,
            "p(90)": 0,
            "p(95)": 0,
            "avg": 0
        },
        "http_req_duration": {
            "p(95)": 860.9953108,
            "avg": 629.2964475622078,
            "min": 30.357471,
            "med": 593.117986,
            "max": 29400.124621,
            "p(90)": 738.1494670000001
        },
        "data_sent": {
            "count": 40563275,
            "rate": 134962.96207032737
        },
        "data_received": {
            "count": 522073210,
            "rate": 1737052.7118228015
        },
        "iterations": {
            "count": 95443,
            "rate": 317.55991075371145
        },
        "http_req_receiving": {
            "med": 0.042545,
            "max": 19.90554,
            "p(90)": 0.082736,
            "p(95)": 0.09742569999999992,
            "avg": 0.0551638468719545,
            "min": 0.021171
        },
        "http_req_waiting": {
            "med": 593.060918,
            "max": 29400.019992,
            "p(90)": 738.0578608000001,
            "p(95)": 860.9197137999998,
            "avg": 629.2253340905521,
            "min": 30.224175
        },
        "checks": {
            "passes": 102229,
            "fails": 88657,
            "value": 0.5355500141445679
        },
        "vus_max": {
            "value": 200,
            "min": 200,
            "max": 200
        },
        "http_reqs": {
            "rate": 317.55991075371145,
            "count": 95443
        }
    },
    "root_group": {
        "checks": {
            "order retrieved": {
                "passes": 95443,
                "fails": 0,
                "name": "order retrieved",
                "path": "::order retrieved",
                "id": "ee2cdaec02f70b2be26a047383b1c3bd"
            },
            "response time < 500ms": {
                "name": "response time < 500ms",
                "path": "::response time < 500ms",
                "id": "3e02485a995423a591645f4eee6c60eb",
                "passes": 6786,
                "fails": 88657
            }
        },
        "name": "",
        "path": "",
        "id": "d41d8cd98f00b204e9800998ecf8427e",
        "groups": {}
    }
}