{
    "root_group": {
        "name": "",
        "path": "",
        "id": "d41d8cd98f00b204e9800998ecf8427e",
        "groups": {},
        "checks": {
                "order retrieved": {
                    "path": "::order retrieved",
                    "id": "ee2cdaec02f70b2be26a047383b1c3bd",
                    "passes": 101336,
                    "fails": 0,
                    "name": "order retrieved"
                },
                "response time < 500ms": {
                    "fails": 24,
                    "name": "response time < 500ms",
                    "path": "::response time < 500ms",
                    "id": "3e02485a995423a591645f4eee6c60eb",
                    "passes": 101312
                }
            }
    },
    "metrics": {
        "data_sent": {
            "rate": 143492.76205273034,
            "count": 43067800
        },
        "checks": {
            "passes": 202648,
            "fails": 24,
            "value": 0.9998815820636299
        },
        "http_req_sending": {
            "med": 0.014929,
            "max": 10.89057,
            "p(90)": 0.0215355,
            "p(95)": 0.02425425,
            "avg": 0.017819825471698136,
            "min": 0.005811
        },
        "http_req_tls_handshaking": {
            "p(95)": 0,
            "avg": 0,
            "min": 0,
            "med": 0,
            "max": 0,
            "p(90)": 0
        },
        "http_req_connecting": {
            "avg": 0.00035343839306860335,
            "min": 0,
            "med": 0,
            "max": 1.900372,
            "p(90)": 0,
            "p(95)": 0
        },
        "iterations": {
            "count": 101336,
            "rate": 337.6300283593655
        },
        "http_req_duration": {
            "min": 35.361125,
            "med": 133.738199,
            "max": 1791.056502,
            "p(90)": 199.644643,
            "p(95)": 213.222136,
            "avg": 147.91627127793794
        },
        "http_req_receiving": {
            "avg": 0.06904310359595736,
            "min": 0.021096,
            "med": 0.057719,
            "max": 12.314786,
            "p(90)": 0.097513,
            "p(95)": 0.10749375
        },
        "http_reqs": {
            "count": 101336,
            "rate": 337.6300283593655
        },
        "http_req_duration{expected_response:true}": {
            "avg": 147.91627127793794,
            "min": 35.361125,
            "med": 133.738199,
            "max": 1791.056502,
            "p(90)": 199.644643,
            "p(95)": 213.222136
        },
        "http_req_blocked": {
            "min": 0.001716,
            "med": 0.00401,
            "max": 5.823233,
            "p(90)": 0.006081,
            "p(95)": 0.006654,
            "avg": 0.005089815198942098
        },
        "http_req_waiting": {
            "min": 35.251102,
            "med": 133.66852649999998,
            "max": 1789.974844,
            "p(90)": 199.533168,
            "p(95)": 213.08772925,
            "avg": 147.82940834886745
        },
        "http_req_failed": {
            "passes": 0,
            "fails": 101336,
            "value": 0
        },
        "vus": {
            "value": 50,
            "min": 50,
            "max": 50
        },
        "data_received": {
            "count": 554307920,
            "rate": 1846836.2551257294
        },
        "iteration_duration": {
            "p(90)": 199.8111815,
            "p(95)": 213.40696875,
            "avg": 148.05085961671975,
            "min": 35.532579,
            "med": 133.860436,
            "max": 1791.472716
        },
        "vus_max": {
            "value": 50,
            "min": 50,
            "max": 50
        }
    }
}