{
    "metrics": {
        "http_req_duration{expected_response:true}": {
            "avg": 29.42509051759037,
            "min": 12.530726,
            "med": 28.855656,
            "max": 109.84771,
            "p(90)": 35.506759200000005,
            "p(95)": 38.17740165
        },
        "iterations": {
            "count": 101362,
            "rate": 337.8503523784768
        },
        "vus": {
            "max": 10,
            "value": 10,
            "min": 10
        },
        "http_req_duration": {
            "p(95)": 38.17740165,
            "avg": 29.42509051759037,
            "min": 12.530726,
            "med": 28.855656,
            "max": 109.84771,
            "p(90)": 35.506759200000005
        },
        "http_req_waiting": {
            "max": 109.774379,
            "p(90)": 35.399005700000004,
            "p(95)": 38.058033,
            "avg": 29.32245580033939,
            "min": 12.424239,
            "med": 28.755809499999998
        },
        "http_reqs": {
            "rate": 337.8503523784768,
            "count": 101362
        },
        "data_received": {
            "rate": 1848041.4275102683,
            "count": 554450140
        },
        "http_req_connecting": {
            "avg": 0.00001749548154140605,
            "min": 0,
            "med": 0,
            "max": 0.285351,
            "p(90)": 0,
            "p(95)": 0
        },
        "http_req_failed": {
            "passes": 0,
            "fails": 101362,
            "value": 0
        },
        "iteration_duration": {
            "avg": 29.581385898097654,
            "min": 12.662668,
            "med": 29.0087125,
            "max": 110.025054,
            "p(90)": 35.6713274,
            "p(95)": 38.3598566
        },
        "http_req_sending": {
            "avg": 0.019900044928079466,
            "min": 0.006156,
            "med": 0.017173,
            "max": 10.77215,
            "p(90)": 0.02252,
            "p(95)": 0.025354949999999998
        },
        "http_req_receiving": {
            "max": 7.189072,
            "p(90)": 0.10291510000000008,
            "p(95)": 0.11379369999999998,
            "avg": 0.0827346723229594,
            "min": 0.022503,
            "med": 0.076615
        },
        "checks": {
            "passes": 202724,
            "fails": 0,
            "value": 1
        },
        "http_req_blocked": {
            "p(90)": 0.006349,
            "p(95)": 0.006893949999999997,
            "avg": 0.005182602770268941,
            "min": 0.001565,
            "med": 0.004753,
            "max": 6.09778
        },
        "http_req_tls_handshaking": {
            "med": 0,
            "max": 0,
            "p(90)": 0,
            "p(95)": 0,
            "avg": 0,
            "min": 0
        },
        "data_sent": {
            "rate": 143586.39976085266,
            "count": 43078850
        },
        "vus_max": {
            "value": 10,
            "min": 10,
            "max": 10
        }
    },
    "root_group": {
        "name": "",
        "path": "",
        "id": "d41d8cd98f00b204e9800998ecf8427e",
        "groups": {},
        "checks": {
                "order retrieved": {
                    "name": "order retrieved",
                    "path": "::order retrieved",
                    "id": "ee2cdaec02f70b2be26a047383b1c3bd",
                    "passes": 101362,
                    "fails": 0
                },
                "response time < 500ms": {
                    "path": "::response time < 500ms",
                    "id": "3e02485a995423a591645f4eee6c60eb",
                    "passes": 101362,
                    "fails": 0,
                    "name": "response time < 500ms"
                }
            }
    }
}