{
    "metrics": {
        "http_req_receiving": {
            "p(90)": 0.06544040000000001,
            "p(95)": 0.08470259999999999,
            "avg": 0.04454133870431435,
            "min": 0.019926,
            "med": 0.037297,
            "max": 6.223303
        },
        "http_req_blocked": {
            "med": 0.002889,
            "max": 18.384672,
            "p(90)": 0.004890400000000009,
            "p(95)": 0.005743,
            "avg": 0.008649991991031553,
            "min": 0.001578
        },
        "data_received": {
            "count": 579334528,
            "rate": 1928886.9572011787
        },
        "iterations": {
            "rate": 350.4518454217258,
            "count": 105257
        },
        "iteration_duration": {
            "p(90)": 604.4078106000002,
            "p(95)": 777.5267325999995,
            "avg": 570.3491309258928,
            "min": 26.471108,
            "med": 553.937134,
            "max": 26859.722426
        },
        "data_sent": {
            "count": 44734225,
            "rate": 148942.03430423347
        },
        "vus": {
            "value": 200,
            "min": 200,
            "max": 200
        },
        "vus_max": {
            "max": 200,
            "value": 200,
            "min": 200
        },
        "http_req_tls_handshaking": {
            "med": 0,
            "max": 0,
            "p(90)": 0,
            "p(95)": 0,
            "avg": 0,
            "min": 0
        },
        "http_req_duration{expected_response:true}": {
            "med": 553.854805,
            "max": 26859.346337,
            "p(90)": 604.3184788,
            "p(95)": 777.3511235999998,
            "avg": 570.2495062337658,
            "min": 26.333941
        },
        "checks": {
            "passes": 114629,
            "fails": 95885,
            "value": 0.5445196043968572
        },
        "http_req_connecting": {
            "avg": 0.0005349378568646263,
            "min": 0,
            "med": 0,
            "max": 4.334011,
            "p(90)": 0,
            "p(95)": 0
        },
        "http_req_failed": {
            "passes": 0,
            "fails": 105257,
            "value": 0
        },
        "http_reqs": {
            "count": 105257,
            "rate": 350.4518454217258
        },
        "http_req_duration": {
            "max": 26859.346337,
            "p(90)": 604.3184788,
            "p(95)": 777.3511235999998,
            "avg": 570.2495062337658,
            "min": 26.333941,
            "med": 553.854805
        },
        "http_req_sending": {
            "avg": 0.01881959764196219,
            "min": 0.005427,
            "med": 0.010524,
            "max": 16.489285,
            "p(90)": 0.017650400000000007,
            "p(95)": 0.020311199999999998
        },
        "http_req_waiting": {
            "avg": 570.1861452974247,
            "min": 26.273695,
            "med": 553.805823,
            "max": 26859.221953,
            "p(90)": 604.267451,
            "p(95)": 777.2570588
        }
    },
    "root_group": {
        "name": "",
        "path": "",
        "id": "d41d8cd98f00b204e9800998ecf8427e",
        "groups": {},
        "checks": {
                "order retrieved": {
                    "name": "order retrieved",
                    "path": "::order retrieved",
                    "id": "ee2cdaec02f70b2be26a047383b1c3bd",
                    "passes": 105257,
                    "fails": 0
                },
                "response time < 500ms": {
                    "id": "3e02485a995423a591645f4eee6c60eb",
                    "passes": 9372,
                    "fails": 95885,
                    "name": "response time < 500ms",
                    "path": "::response time < 500ms"
                }
            }
    }
}