{
    "root_group": {
        "name": "",
        "path": "",
        "id": "d41d8cd98f00b204e9800998ecf8427e",
        "groups": {},
        "checks": {
                "order retrieved": {
                    "name": "order retrieved",
                    "path": "::order retrieved",
                    "id": "ee2cdaec02f70b2be26a047383b1c3bd",
                    "passes": 102230,
                    "fails": 0
                },
                "response time < 500ms": {
                    "path": "::response time < 500ms",
                    "id": "3e02485a995423a591645f4eee6c60eb",
                    "passes": 101395,
                    "fails": 835,
                    "name": "response time < 500ms"
                }
            }
    },
    "metrics": {
        "checks": {
            "passes": 203625,
            "fails": 835,
            "value": 0.9959160716032476
        },
        "iteration_duration": {
            "avg": 293.59066439887727,
            "min": 23.062631,
            "med": 277.0119655,
            "max": 6477.325505,
            "p(90)": 387.729903,
            "p(95)": 419.17729669999994
        },
        "data_received": {
            "count": 559198100,
            "rate": 1862567.211577267
        },
        "iterations": {
            "count": 102230,
            "rate": 340.5058887709812
        },
        "http_req_connecting": {
            "min": 0,
            "med": 0,
            "max": 5.382386,
            "p(90)": 0,
            "p(95)": 0,
            "avg": 0.0007499097036095072
        },
        "data_sent": {
            "count": 43447750,
            "rate": 144715.002727667
        },
        "http_req_blocked": {
            "p(95)": 0.006362,
            "avg": 0.0049087279663504214,
            "min": 0.001588,
            "med": 0.003473,
            "max": 5.450835,
            "p(90)": 0.005698
        },
        "http_req_tls_handshaking": {
            "med": 0,
            "max": 0,
            "p(90)": 0,
            "p(95)": 0,
            "avg": 0,
            "min": 0
        },
        "http_req_duration": {
            "p(90)": 387.57349010000013,
            "p(95)": 419.03650594999993,
            "avg": 293.47555565252577,
            "min": 19.891403,
            "med": 276.91468150000003,
            "max": 6476.922472
        },
        "vus_max": {
            "max": 100,
            "value": 100,
            "min": 100
        },
        "http_req_sending": {
            "avg": 0.015035291294140678,
            "min": 0.005617,
            "med": 0.012759,
            "max": 6.808357,
            "p(90)": 0.020352,
            "p(95)": 0.023070099999999975
        },
        "http_reqs": {
            "count": 102230,
            "rate": 340.5058887709812
        },
        "http_req_waiting": {
            "max": 6476.774928,
            "p(90)": 387.4441189,
            "p(95)": 418.9431051499996,
            "avg": 293.4036632713889,
            "min": 19.685127,
            "med": 276.854917
        },
        "vus": {
            "value": 100,
            "min": 100,
            "max": 100
        },
        "http_req_duration{expected_response:true}": {
            "avg": 293.47555565252577,
            "min": 19.891403,
            "med": 276.91468150000003,
            "max": 6476.922472,
            "p(90)": 387.57349010000013,
            "p(95)": 419.03650594999993
        },
        "http_req_receiving": {
            "p(95)": 0.10051764999999996,
            "avg": 0.056857089846424604,
            "min": 0.020619,
            "med": 0.0466655,
            "max": 9.060101,
            "p(90)": 0.08921820000000001
        },
        "http_req_failed": {
            "passes": 0,
            "fails": 102230,
            "value": 0
        }
    }
}