{
    "root_group": {
        "name": "",
        "path": "",
        "id": "d41d8cd98f00b204e9800998ecf8427e",
        "groups": {},
        "checks": {
                "order retrieved": {
                    "path": "::order retrieved",
                    "id": "ee2cdaec02f70b2be26a047383b1c3bd",
                    "passes": 102803,
                    "fails": 0,
                    "name": "order retrieved"
                },
                "response time < 500ms": {
                    "name": "response time < 500ms",
                    "path": "::response time < 500ms",
                    "id": "3e02485a995423a591645f4eee6c60eb",
                    "passes": 102088,
                    "fails": 715
                }
            }
    },
    "metrics": {
        "checks": {
            "passes": 204891,
            "fails": 715,
            "value": 0.9965224750250479
        },
        "http_reqs": {
            "count": 102803,
            "rate": 342.42431841892534
        },
        "vus": {
            "value": 100,
            "min": 100,
            "max": 100
        },
        "http_req_receiving": {
            "p(95)": 0.099878,
            "avg": 0.05618295282238935,
            "min": 0.020688,
            "med": 0.04654,
            "max": 12.120199,
            "p(90)": 0.088888
        },
        "http_req_tls_handshaking": {
            "avg": 0,
            "min": 0,
            "med": 0,
            "max": 0,
            "p(90)": 0,
            "p(95)": 0
        },
        "vus_max": {
            "value": 100,
            "min": 100,
            "max": 100
        },
        "http_req_blocked": {
            "p(95)": 0.006334,
            "avg": 0.006185134665330738,
            "min": 0.001624,
            "med": 0.003453,
            "max": 6.639289,
            "p(90)": 0.005687
        },
        "data_received": {
            "rate": 1873061.0217515214,
            "count": 562332410
        },
        "http_req_duration": {
            "avg": 291.831406270281,
            "min": 59.033913,
            "med": 276.053633,
            "max": 5046.823691,
            "p(90)": 385.69644420000003,
            "p(95)": 415.9878702999999
        },
        "http_req_duration{expected_response:true}": {
            "min": 59.033913,
            "med": 276.053633,
            "max": 5046.823691,
            "p(90)": 385.69644420000003,
            "p(95)": 415.9878702999999,
            "avg": 291.831406270281
        },
        "http_req_connecting": {
            "p(90)": 0,
            "p(95)": 0,
            "avg": 0.0020280565644971446,
            "min": 0,
            "med": 0,
            "max": 6.591303
        },
        "data_sent": {
            "count": 43691275,
            "rate": 145530.33532804326
        },
        "http_req_failed": {
            "passes": 0,
            "fails": 102803,
            "value": 0
        },
        "iteration_duration": {
            "max": 5049.492002,
            "p(90)": 385.8395628,
            "p(95)": 416.16362339999995,
            "avg": 291.94781160418745,
            "min": 59.151073,
            "med": 276.157202
        },
        "http_req_sending": {
            "avg": 0.015127268192562507,
            "min": 0.005436,
            "med": 0.012707,
            "max": 10.045465,
            "p(90)": 0.020198800000000003,
            "p(95)": 0.022883
        },
        "iterations": {
            "count": 102803,
            "rate": 342.42431841892534
        },
        "http_req_waiting": {
            "med": 275.995093,
            "max": 5046.661086,
            "p(90)": 385.57121760000007,
            "p(95)": 415.87471199999993,
            "avg": 291.76009604925974,
            "min": 58.96425
        }
    }
}